96498665,202601,21,2026-01-20,0.86
42396474,202603,20,2026-01-20,3.78
91261433,202601,48,2026-01-20,4.54
1018293032,202603,31,2026-01-20,1.35
1080309212,202603,25,2026-01-20,3.14
50373844,202603,19,2026-01-20,0.15
52786339,202602,40,2026-01-20,3.68
1084304491,202601,39,2026-01-20,4.53
1023924860,202601,16,2026-01-20,0.96
1018141766,202602,46,2026-01-20,3.87
66108221,202603,41,2026-01-20,2.87
63618849,202603,47,2026-01-20,2.82
64478147,202603,28,2026-01-20,1.70
39692568,202601,46,2026-01-20,4.43
1038096136,202603,43,2026-01-20,4.11
39707763,202601,22,2026-01-20,3.29
74145190,202602,1,2026-01-20,2.01
75299319,202602,44,2026-01-20,2.12
60839818,202601,49,2026-01-20,1.31
1018218417,202602,20,2026-01-20,4.93
38698172,202602,12,2026-01-20,0.44
1009299049,202603,41,2026-01-20,1.23
1032231859,202601,50,2026-01-20,0.44
1065112872,202603,7,2026-01-20,0.45
1057559753,202603,8,2026-01-20,3.90
1006243113,202602,8,2026-01-20,3.05
92028629,202603,46,2026-01-20,4.95
86120010,202602,21,2026-01-20,4.33
55006550,202601,30,2026-01-20,3.56
75516369,202602,13,2026-01-20,4.52
1050214758,202603,50,2026-01-20,2.57
52751278,202601,19,2026-01-20,3.95
67967683,202602,21,2026-01-20,2.02
39707763,202602,48,2026-01-20,4.80
43430711,202602,25,2026-01-20,1.20
30070620,202603,45,2026-01-20,1.27
1008816273,202602,20,2026-01-20,4.99
36691456,202601,19,2026-01-20,3.29
1073684088,202602,42,2026-01-20,2.43
1028568813,202602,12,2026-01-20,4.51
1095198415,202603,19,2026-01-20,1.76
84250587,202601,36,2026-01-20,3.69
1042813441,202602,42,2026-01-20,2.93
1097136726,202602,45,2026-01-20,4.86
80791961,202603,49,2026-01-20,0.25
1074328168,202603,45,2026-01-20,0.06
1000313422,202602,2,2026-01-20,4.82
1065996048,202601,2,2026-01-20,0.03
1081615727,202603,17,2026-01-20,3.38
1009870407,202603,29,2026-01-20,2.25
73010775,202602,46,2026-01-20,2.61
1000221029,202603,31,2026-01-20,2.29
1018790665,202602,21,2026-01-20,0.03
35325797,202603,28,2026-01-20,3.91
1065071550,202603,17,2026-01-20,0.53
1091946881,202603,21,2026-01-20,0.22
45501204,202602,16,2026-01-20,4.93
1064329500,202603,40,2026-01-20,2.99
45571220,202603,37,2026-01-20,0.11
80380416,202602,9,2026-01-20,4.42
46416629,202603,44,2026-01-20,3.06
47030622,202602,34,2026-01-20,0.61
1063791456,202601,11,2026-01-20,4.45
1053787901,202603,9,2026-01-20,3.80
51390752,202602,25,2026-01-20,0.64
1040956570,202602,19,2026-01-20,0.45
31621386,202602,4,2026-01-20,1.61
47836502,202602,35,2026-01-20,0.29
61357850,202603,12,2026-01-20,0.64
1059024065,202602,50,2026-01-20,2.26
85002747,202603,3,2026-01-20,0.90
1035067288,202601,44,2026-01-20,0.99
1060514179,202602,7,2026-01-20,2.34
1034818949,202603,33,2026-01-20,4.05
1003554826,202602,40,2026-01-20,2.13
1085326966,202602,1,2026-01-20,3.15
49337821,202603,27,2026-01-20,0.53
61168503,202602,44,2026-01-20,4.02
1065740989,202601,42,2026-01-20,3.97
40026364,202602,26,2026-01-20,3.58
1087927257,202601,4,2026-01-20,1.29
59169686,202603,42,2026-01-20,4.33
40992656,202602,21,2026-01-20,4.17
1000231173,202602,13,2026-01-20,0.26
1070857598,202601,47,2026-01-20,2.43
54298582,202601,11,2026-01-20,0.35
69473122,202602,30,2026-01-20,0.09
1014410834,202603,10,2026-01-20,0.26
1088826901,202603,49,2026-01-20,3.06
1008674657,202601,23,2026-01-20,4.86
48824013,202603,20,2026-01-20,4.93
1079282932,202601,14,2026-01-20,4.29
1085246412,202603,5,2026-01-20,2.82
1034782084,202602,39,2026-01-20,3.35
1082541961,202601,36,2026-01-20,0.55
61318067,202603,45,2026-01-20,4.54
71822799,202603,37,2026-01-20,2.86
1071786786,202601,4,2026-01-20,2.54
1003377760,202602,4,2026-01-20,4.72
1079308768,202603,41,2026-01-20,3.49
38920725,202601,19,2026-01-20,1.46
68026958,202603,28,2026-01-20,0.57
99088826,202602,9,2026-01-20,1.35
44304488,202603,18,2026-01-20,2.93
41453288,202603,2,2026-01-20,3.92
97395092,202602,29,2026-01-20,3.66
1085409859,202601,45,2026-01-20,3.88
80212972,202602,42,2026-01-20,3.40
1060267799,202602,9,2026-01-20,2.20
50012713,202601,15,2026-01-20,4.99
40969337,202602,26,2026-01-20,2.93
1029853383,202602,22,2026-01-20,0.73
54278818,202602,12,2026-01-20,1.29
83317638,202602,40,2026-01-20,3.30
1001013682,202601,40,2026-01-20,0.91
1018190109,202601,34,2026-01-20,2.43
1084004136,202603,18,2026-01-20,0.43
1039052893,202602,47,2026-01-20,4.41
1088445561,202602,19,2026-01-20,2.22
66621914,202603,9,2026-01-20,3.04
35244693,202602,38,2026-01-20,3.62
1055047615,202603,16,2026-01-20,0.49
1028179185,202601,16,2026-01-20,4.15
1081615727,202603,33,2026-01-20,3.85
1043449913,202601,12,2026-01-20,4.89
46339111,202603,50,2026-01-20,3.03
1090811995,202602,6,2026-01-20,4.64
1078535485,202601,26,2026-01-20,3.39
42036612,202601,28,2026-01-20,0.53
1053237849,202603,11,2026-01-20,1.68
65546278,202603,43,2026-01-20,4.60
1083556357,202603,42,2026-01-20,1.76
1000012051,202601,9,2026-01-20,1.10
1091881701,202603,41,2026-01-20,2.46
77612525,202601,23,2026-01-20,3.35
50412415,202602,35,2026-01-20,2.64
1068164005,202602,6,2026-01-20,2.86
1028568813,202602,24,2026-01-20,0.02
1065222609,202601,46,2026-01-20,2.37
91013727,202603,42,2026-01-20,3.49
1088518387,202601,13,2026-01-20,4.11
78417254,202602,17,2026-01-20,4.89
1060859696,202602,20,2026-01-20,3.48
34904073,202601,19,2026-01-20,0.45
1041777743,202602,17,2026-01-20,3.44
37870780,202603,31,2026-01-20,2.97
92314981,202602,28,2026-01-20,4.18
36042779,202602,34,2026-01-20,0.79
1009148135,202602,39,2026-01-20,2.95
74685449,202602,45,2026-01-20,0.71
1007463129,202602,12,2026-01-20,3.62
1066874682,202602,43,2026-01-20,1.99
44930630,202602,7,2026-01-20,0.90
1015997290,202601,43,2026-01-20,0.63
37479988,202603,40,2026-01-20,4.55
63455241,202601,20,2026-01-20,2.69
68402892,202603,45,2026-01-20,4.35
76301903,202603,22,2026-01-20,3.23
1033728860,202603,21,2026-01-20,2.23
1018293032,202603,19,2026-01-20,2.32
1040491430,202602,12,2026-01-20,3.87
1000086015,202602,49,2026-01-20,2.43
51051734,202602,32,2026-01-20,3.05
1052038221,202601,12,2026-01-20,2.01
59684336,202603,49,2026-01-20,3.15
86673567,202602,42,2026-01-20,2.99
1084987411,202602,34,2026-01-20,1.42
1004862355,202603,1,2026-01-20,0.94
35773949,202603,26,2026-01-20,3.27
78113904,202603,39,2026-01-20,4.67
1064990394,202602,45,2026-01-20,0.19
82705109,202602,14,2026-01-20,3.53
1040230117,202602,25,2026-01-20,1.98
34462254,202603,24,2026-01-20,4.03
64614689,202603,7,2026-01-20,0.57
70580850,202601,37,2026-01-20,3.97
76948743,202603,44,2026-01-20,0.02
38820929,202602,2,2026-01-20,1.20
1010077500,202601,42,2026-01-20,4.41
88265238,202602,3,2026-01-20,0.94
44914939,202603,21,2026-01-20,2.68
1025230429,202601,41,2026-01-20,4.80
95359098,202602,43,2026-01-20,2.29
1011030457,202601,44,2026-01-20,1.61
35222911,202603,17,2026-01-20,0.78
1026808848,202601,5,2026-01-20,0.09
54873600,202602,38,2026-01-20,2.69
1080011346,202603,15,2026-01-20,0.28
73026193,202603,13,2026-01-20,1.97
1088170452,202601,19,2026-01-20,1.02
1054487268,202602,15,2026-01-20,3.31
1009359708,202601,8,2026-01-20,3.16
56108478,202602,16,2026-01-20,4.10
1038096136,202601,27,2026-01-20,3.48
32043948,202603,43,2026-01-20,2.27
1027281838,202602,7,2026-01-20,2.27
89746560,202602,7,2026-01-20,3.81
1026551422,202602,4,2026-01-20,3.23
1069218990,202601,23,2026-01-20,2.69
65711867,202602,35,2026-01-20,2.31
1093207323,202602,28,2026-01-20,4.72
1010392420,202602,39,2026-01-20,3.24
1027213465,202602,3,2026-01-20,0.99
74097578,202602,48,2026-01-20,1.11
1024382784,202601,21,2026-01-20,1.03
85642765,202602,11,2026-01-20,1.26
1002829644,202603,36,2026-01-20,4.88
93004933,202603,10,2026-01-20,0.02
1032123638,202603,24,2026-01-20,3.15
1098511909,202603,18,2026-01-20,0.01
1048254071,202603,43,2026-01-20,3.74
1040187595,202603,20,2026-01-20,2.17
35131374,202602,47,2026-01-20,3.73
43563486,202603,35,2026-01-20,3.31
45482286,202602,22,2026-01-20,0.15
31828295,202602,9,2026-01-20,2.67
1041139961,202603,8,2026-01-20,3.40
62156729,202602,8,2026-01-20,2.93
1098413416,202601,28,2026-01-20,2.49
90420408,202601,44,2026-01-20,1.10
73001407,202601,34,2026-01-20,1.85
1045587213,202602,31,2026-01-20,2.07
65711867,202602,2,2026-01-20,4.96
1070515317,202603,39,2026-01-20,2.80
86744391,202601,42,2026-01-20,1.15
37292745,202601,49,2026-01-20,2.75
51303560,202601,8,2026-01-20,2.53
1027213465,202603,45,2026-01-20,1.90
1023086168,202603,12,2026-01-20,4.52
76460888,202602,47,2026-01-20,0.42
87629280,202602,42,2026-01-20,4.56
1067478622,202603,8,2026-01-20,0.07
94526026,202601,13,2026-01-20,4.86
99361815,202601,4,2026-01-20,0.72
1095703108,202601,22,2026-01-20,2.17
1054074612,202601,38,2026-01-20,1.40
1039966927,202603,23,2026-01-20,3.67
1002120812,202602,27,2026-01-20,4.12
97973695,202601,5,2026-01-20,0.54
57194521,202602,28,2026-01-20,4.92
1048487801,202602,34,2026-01-20,2.43
72362140,202603,19,2026-01-20,0.79
35073995,202601,40,2026-01-20,3.72
1018487631,202601,8,2026-01-20,2.67
73126661,202602,4,2026-01-20,4.31
30553536,202603,37,2026-01-20,4.12
1040808977,202603,13,2026-01-20,0.74
71929615,202602,12,2026-01-20,2.32
1074117498,202603,15,2026-01-20,0.84
82705109,202603,38,2026-01-20,2.56
41906079,202602,3,2026-01-20,2.97
42875126,202603,34,2026-01-20,4.79
79909290,202602,14,2026-01-20,4.10
1010570046,202602,39,2026-01-20,0.84
62408844,202602,43,2026-01-20,4.02
74600493,202603,19,2026-01-20,3.29
1088808302,202601,48,2026-01-20,1.24
71115249,202601,20,2026-01-20,2.60
1014820282,202602,46,2026-01-20,4.80
1032123638,202601,7,2026-01-20,1.71
1062130916,202601,39,2026-01-20,4.67
56421173,202601,23,2026-01-20,3.10
94525935,202601,2,2026-01-20,2.34
52359704,202602,19,2026-01-20,1.53
66149954,202603,20,2026-01-20,2.07
51567481,202603,18,2026-01-20,1.53
48947693,202603,27,2026-01-20,2.47
70429370,202601,49,2026-01-20,2.33
63346971,202601,5,2026-01-20,2.13
1066082311,202603,37,2026-01-20,4.02
93543371,202601,4,2026-01-20,2.76
99096725,202603,7,2026-01-20,2.78
98261504,202601,3,2026-01-20,2.65
95029802,202601,23,2026-01-20,4.42
1073198077,202602,25,2026-01-20,2.93
40097276,202601,41,2026-01-20,4.67
66970386,202601,33,2026-01-20,4.35
1070418521,202603,17,2026-01-20,1.48
31356488,202602,2,2026-01-20,1.83
90580198,202603,35,2026-01-20,4.29
1042026671,202601,35,2026-01-20,4.73
1064125477,202603,30,2026-01-20,1.96
1039958147,202601,14,2026-01-20,0.80
1092406382,202602,27,2026-01-20,1.36
1019508259,202601,5,2026-01-20,2.48
96498665,202603,50,2026-01-20,0.71
1064874802,202601,12,2026-01-20,4.74
87233022,202603,36,2026-01-20,2.05
1013942474,202602,19,2026-01-20,4.61
1011204937,202603,1,2026-01-20,4.98
90962093,202603,19,2026-01-20,3.45
1076560650,202601,12,2026-01-20,4.14
86849449,202602,37,2026-01-20,4.18
35950098,202603,9,2026-01-20,1.29
78988140,202602,13,2026-01-20,1.93
41924790,202601,31,2026-01-20,3.11
54762361,202601,41,2026-01-20,3.16
94591597,202602,34,2026-01-20,4.72
44955754,202601,1,2026-01-20,4.71
61357850,202603,30,2026-01-20,4.73
55665422,202602,1,2026-01-20,1.12
82603561,202602,30,2026-01-20,1.36
85650102,202602,38,2026-01-20,0.52
53942964,202603,33,2026-01-20,0.61
1046980959,202601,4,2026-01-20,1.39
1019835942,202602,32,2026-01-20,1.43
91234350,202601,33,2026-01-20,4.66
47657291,202601,18,2026-01-20,4.59
1063042503,202602,25,2026-01-20,3.21
1049111825,202601,50,2026-01-20,1.23
1054373038,202601,26,2026-01-20,3.11
41837899,202602,34,2026-01-20,4.02
1023826764,202601,23,2026-01-20,3.93
42821137,202601,46,2026-01-20,3.79
48824013,202602,30,2026-01-20,3.05
1042951490,202601,49,2026-01-20,1.26
97689312,202601,7,2026-01-20,2.07
77112326,202602,22,2026-01-20,4.16
1022443997,202603,9,2026-01-20,1.45
70641925,202603,32,2026-01-20,2.02
76426305,202603,40,2026-01-20,3.12
62510204,202601,20,2026-01-20,1.55
82940416,202601,41,2026-01-20,3.85
44966494,202601,25,2026-01-20,3.40
1077078920,202602,35,2026-01-20,1.20
1051995866,202602,50,2026-01-20,1.65
70654490,202602,39,2026-01-20,2.47
1083143613,202601,48,2026-01-20,0.55
53207014,202601,49,2026-01-20,0.98
62837923,202603,36,2026-01-20,4.09
85026357,202601,27,2026-01-20,3.37
69785379,202602,38,2026-01-20,2.48
1017979744,202602,12,2026-01-20,0.48
1048487801,202602,5,2026-01-20,0.73
69040432,202603,21,2026-01-20,4.15
1001905345,202601,32,2026-01-20,3.53
1072113108,202603,41,2026-01-20,1.71
92037653,202602,43,2026-01-20,2.17
63758678,202603,15,2026-01-20,4.55
1001503011,202602,37,2026-01-20,3.23
1050371525,202601,21,2026-01-20,2.27
86735109,202602,1,2026-01-20,0.87
1032562339,202603,6,2026-01-20,3.81
1031795545,202603,21,2026-01-20,3.82
1021730302,202602,41,2026-01-20,2.19
1003989065,202602,9,2026-01-20,0.55
1078264320,202602,9,2026-01-20,4.81
1031553355,202602,15,2026-01-20,0.60
34359633,202603,44,2026-01-20,1.90
61538082,202602,37,2026-01-20,2.92
92754237,202602,11,2026-01-20,1.20
47657401,202603,44,2026-01-20,1.78
78342857,202603,2,2026-01-20,2.94
1026850773,202603,4,2026-01-20,3.88
36905413,202601,44,2026-01-20,0.06
1030287042,202601,46,2026-01-20,0.63
1038041649,202602,49,2026-01-20,4.79
64624630,202601,26,2026-01-20,2.61
83317638,202603,43,2026-01-20,3.98
1011303448,202602,21,2026-01-20,4.02
86043827,202602,32,2026-01-20,2.08
1024608446,202602,21,2026-01-20,3.40
99716740,202603,41,2026-01-20,2.29
1024200664,202601,3,2026-01-20,2.72
62485361,202603,13,2026-01-20,2.86
59579017,202602,16,2026-01-20,1.03
1062128987,202603,25,2026-01-20,3.08
64648758,202602,28,2026-01-20,4.89
67742414,202602,46,2026-01-20,4.81
1015934812,202601,1,2026-01-20,1.95
82228900,202601,11,2026-01-20,3.25
99650592,202602,37,2026-01-20,0.87
35806751,202602,25,2026-01-20,2.63
96564448,202603,6,2026-01-20,4.79
80243240,202601,16,2026-01-20,0.41
63346971,202602,45,2026-01-20,3.03
59507309,202602,42,2026-01-20,0.81
1041900517,202601,19,2026-01-20,4.77
1093087038,202603,24,2026-01-20,1.84
1070515317,202601,12,2026-01-20,1.30
91311734,202603,25,2026-01-20,2.64
1015464663,202601,24,2026-01-20,3.11
34014568,202601,1,2026-01-20,1.42
1001539905,202602,12,2026-01-20,0.73
1031177668,202603,47,2026-01-20,2.20
42090061,202601,47,2026-01-20,3.57
66601181,202602,12,2026-01-20,2.50
1064499049,202603,17,2026-01-20,4.05
1027934596,202601,1,2026-01-20,2.53
98831315,202602,13,2026-01-20,4.54
1050613474,202601,22,2026-01-20,0.03
66001675,202601,4,2026-01-20,3.33
1076822960,202602,44,2026-01-20,4.41
1036726494,202603,18,2026-01-20,1.48
1069549588,202603,16,2026-01-20,2.30
64614689,202601,28,2026-01-20,0.93
1000515916,202602,23,2026-01-20,1.36
1022047547,202602,41,2026-01-20,0.65
34901693,202603,44,2026-01-20,3.43
1026100199,202602,2,2026-01-20,1.44
1007463129,202603,7,2026-01-20,2.67
1022458891,202601,23,2026-01-20,1.23
51703321,202603,7,2026-01-20,4.08
1017557197,202602,15,2026-01-20,2.46
1066579240,202603,22,2026-01-20,2.77
1082472153,202601,23,2026-01-20,4.40
1034263787,202601,22,2026-01-20,4.26
90715641,202601,26,2026-01-20,3.18
1062208277,202603,33,2026-01-20,1.29
1057707906,202603,50,2026-01-20,4.13
32043948,202602,17,2026-01-20,3.22
1094403505,202601,42,2026-01-20,1.23
1011130867,202603,24,2026-01-20,4.24
79909290,202603,32,2026-01-20,0.42
69155895,202603,17,2026-01-20,2.60
78383157,202603,48,2026-01-20,4.24
1026850773,202601,17,2026-01-20,3.63
1029620914,202601,22,2026-01-20,2.44
34002599,202601,29,2026-01-20,0.56
1038452621,202601,47,2026-01-20,4.14
88265238,202602,33,2026-01-20,3.17
63730029,202602,6,2026-01-20,4.91
68267024,202602,49,2026-01-20,0.40
1075802881,202601,11,2026-01-20,3.02
1037636012,202601,50,2026-01-20,4.93
88430931,202603,14,2026-01-20,2.41
1027281838,202602,2,2026-01-20,3.93
1088095165,202603,6,2026-01-20,1.13
1080309212,202603,1,2026-01-20,2.19
41304808,202602,24,2026-01-20,2.62
50639458,202603,11,2026-01-20,0.69
1016310381,202601,28,2026-01-20,3.47
1039966927,202602,39,2026-01-20,0.68
1022518339,202603,39,2026-01-20,0.71
65030125,202603,41,2026-01-20,0.69
1002974300,202603,40,2026-01-20,2.78
1090435407,202601,10,2026-01-20,1.18
98942489,202603,38,2026-01-20,3.29
1028957210,202601,41,2026-01-20,4.22
1013876318,202603,46,2026-01-20,3.13
63261843,202602,40,2026-01-20,2.95
76581391,202602,15,2026-01-20,1.64
39235651,202602,10,2026-01-20,4.03
1036051675,202602,24,2026-01-20,4.35
1006408812,202602,31,2026-01-20,3.58
98565600,202603,8,2026-01-20,0.24
58244672,202603,4,2026-01-20,0.91
75703422,202603,49,2026-01-20,3.84
69474510,202602,16,2026-01-20,2.24
62516781,202601,46,2026-01-20,2.66
1078242391,202603,42,2026-01-20,0.31
1067061193,202603,30,2026-01-20,3.77
1089938929,202602,25,2026-01-20,4.36
1001013682,202603,42,2026-01-20,3.46
99026751,202602,13,2026-01-20,3.73
1089789896,202602,5,2026-01-20,2.56
73010775,202602,23,2026-01-20,2.28
99019697,202603,9,2026-01-20,0.65
99755591,202602,50,2026-01-20,4.98
1087824296,202602,31,2026-01-20,1.06
95829872,202601,48,2026-01-20,2.32
47513114,202603,33,2026-01-20,4.74
1037304675,202602,30,2026-01-20,2.38
52786339,202602,49,2026-01-20,5.00
1043464237,202602,10,2026-01-20,0.37
88562685,202602,17,2026-01-20,1.55
46700126,202601,46,2026-01-20,4.70
1013536421,202602,22,2026-01-20,1.59
79525969,202603,9,2026-01-20,4.03
68736525,202601,27,2026-01-20,2.35
1011684510,202603,32,2026-01-20,4.35
1021054865,202603,46,2026-01-20,4.26
1026762399,202601,8,2026-01-20,0.67
67914350,202603,16,2026-01-20,0.78
1048957030,202601,38,2026-01-20,3.01
1016469038,202603,10,2026-01-20,0.91
1041497086,202603,49,2026-01-20,2.13
1048373275,202601,32,2026-01-20,2.85
1092414965,202601,25,2026-01-20,0.87
68477764,202603,33,2026-01-20,2.31
1075316909,202601,49,2026-01-20,2.96
64317839,202603,16,2026-01-20,1.92
1039966927,202602,11,2026-01-20,2.09
1058595161,202601,44,2026-01-20,3.37
65973201,202603,38,2026-01-20,0.22
64359174,202603,6,2026-01-20,2.32
62913159,202602,13,2026-01-20,0.17
67458037,202603,42,2026-01-20,1.51
37300017,202602,49,2026-01-20,4.44
1013308658,202603,41,2026-01-20,1.24
53376426,202602,39,2026-01-20,3.26
45341097,202601,18,2026-01-20,2.25
40431226,202602,31,2026-01-20,2.13
1033728860,202602,33,2026-01-20,4.77
86387940,202603,21,2026-01-20,0.70
1054373038,202601,18,2026-01-20,3.89
1001216343,202603,11,2026-01-20,2.00
1057109781,202601,33,2026-01-20,0.52
1084803150,202601,50,2026-01-20,3.40
1085421995,202601,21,2026-01-20,3.78
89854695,202603,35,2026-01-20,2.83
87558600,202603,41,2026-01-20,4.99
37870780,202603,16,2026-01-20,1.58
90877908,202602,22,2026-01-20,0.58
97072496,202601,13,2026-01-20,2.46
1072008856,202601,7,2026-01-20,0.66
1089641061,202602,14,2026-01-20,0.18
1089641061,202603,14,2026-01-20,2.59
1090511890,202603,28,2026-01-20,3.61
57194521,202601,39,2026-01-20,3.53
1026048432,202603,40,2026-01-20,3.01
50287296,202601,30,2026-01-20,3.89
47183952,202601,14,2026-01-20,3.29
1041591002,202602,3,2026-01-20,3.57
47083516,202601,26,2026-01-20,3.26
1079676549,202601,50,2026-01-20,1.09
79668873,202603,1,2026-01-20,4.05
61089147,202601,40,2026-01-20,1.20
93523443,202602,39,2026-01-20,4.05
1068730203,202601,40,2026-01-20,4.64
1031223806,202603,18,2026-01-20,1.39
60144043,202602,6,2026-01-20,4.91
1098553705,202601,25,2026-01-20,4.18
1079809568,202602,26,2026-01-20,0.29
1062128987,202601,26,2026-01-20,3.10
1030306496,202603,39,2026-01-20,0.60
98229758,202603,40,2026-01-20,0.18
1050858656,202603,2,2026-01-20,2.05
82158631,202602,20,2026-01-20,2.24
1005853650,202602,28,2026-01-20,0.11
1087786041,202602,42,2026-01-20,2.32
34354492,202601,34,2026-01-20,4.53
96351297,202602,26,2026-01-20,2.06
1031932622,202602,1,2026-01-20,2.27
1079453366,202602,4,2026-01-20,3.29
40346170,202603,23,2026-01-20,3.92
91044600,202601,31,2026-01-20,2.17
63232628,202601,43,2026-01-20,1.18
68267024,202601,14,2026-01-20,4.52
52385917,202603,30,2026-01-20,2.62
1038097111,202602,11,2026-01-20,1.66
98634392,202602,15,2026-01-20,2.78
1071786786,202602,49,2026-01-20,1.54
1051472219,202602,20,2026-01-20,4.43
42071246,202601,3,2026-01-20,1.00
34184458,202601,19,2026-01-20,1.79
72849707,202603,16,2026-01-20,0.75
1082450177,202603,50,2026-01-20,2.92
54423154,202603,40,2026-01-20,0.95
1077870472,202601,12,2026-01-20,2.51
67263675,202601,39,2026-01-20,1.52
34663424,202602,20,2026-01-20,2.12
33729364,202602,12,2026-01-20,2.76
1023578217,202603,20,2026-01-20,3.27
51390752,202603,40,2026-01-20,3.46
1021763469,202603,21,2026-01-20,4.89
1052626827,202602,22,2026-01-20,0.43
1052726492,202601,46,2026-01-20,0.35
92278822,202601,25,2026-01-20,0.34
51433462,202603,24,2026-01-20,0.54
1027365641,202603,13,2026-01-20,1.83
1041430202,202601,19,2026-01-20,3.74
90703282,202602,21,2026-01-20,2.99
41498481,202603,23,2026-01-20,4.47
1015934812,202601,41,2026-01-20,1.88
1040795127,202603,15,2026-01-20,3.01
88578950,202602,29,2026-01-20,0.06
38698172,202601,5,2026-01-20,4.08
31828295,202602,18,2026-01-20,2.12
1032220372,202603,11,2026-01-20,3.18
37300017,202602,35,2026-01-20,1.64
1071930853,202602,26,2026-01-20,0.99
1050602460,202603,48,2026-01-20,2.45
1048595120,202601,18,2026-01-20,1.41
1097284635,202601,45,2026-01-20,1.96
95020967,202602,46,2026-01-20,1.52
38953715,202601,17,2026-01-20,1.71
96765015,202603,45,2026-01-20,1.77
1007791337,202601,22,2026-01-20,3.80
65041172,202602,17,2026-01-20,2.92
47942054,202603,44,2026-01-20,0.52
46344567,202603,28,2026-01-20,1.57
1056857568,202601,17,2026-01-20,3.21
1006509194,202603,48,2026-01-20,4.67
1060313103,202601,47,2026-01-20,0.48
93954049,202602,22,2026-01-20,3.94
1015415751,202601,26,2026-01-20,4.75
54423154,202603,25,2026-01-20,0.08
93523443,202601,12,2026-01-20,0.70
78975518,202602,29,2026-01-20,2.56
96990394,202601,25,2026-01-20,3.37
63346971,202602,20,2026-01-20,4.76
1082079125,202601,37,2026-01-20,3.22
1014443871,202601,18,2026-01-20,0.86
1064299708,202601,9,2026-01-20,0.52
78220843,202602,36,2026-01-20,4.84
1012258527,202602,25,2026-01-20,0.72
86120010,202602,8,2026-01-20,4.03
1025988505,202603,15,2026-01-20,3.27
81812105,202603,3,2026-01-20,3.98
1018393308,202603,24,2026-01-20,0.78
73261056,202602,18,2026-01-20,3.63
48088095,202603,34,2026-01-20,1.40
64671555,202601,48,2026-01-20,4.58
1025227220,202601,16,2026-01-20,2.40
83151647,202602,16,2026-01-20,0.74
60559970,202601,18,2026-01-20,3.79
1046931720,202601,13,2026-01-20,4.66
70042714,202601,48,2026-01-20,1.63
1047332279,202601,41,2026-01-20,4.81
1069680920,202602,6,2026-01-20,1.58
1017997122,202603,25,2026-01-20,3.29
1061074521,202602,29,2026-01-20,4.47
1080011346,202603,21,2026-01-20,1.71
1024323642,202602,15,2026-01-20,1.92
1056122941,202603,26,2026-01-20,3.70
83143783,202601,27,2026-01-20,1.46
32357149,202601,49,2026-01-20,0.74
1098272703,202601,11,2026-01-20,2.30
63112736,202601,45,2026-01-20,4.38
33865679,202601,18,2026-01-20,4.56
83049161,202603,38,2026-01-20,1.37
1012258527,202603,21,2026-01-20,1.74
48601507,202601,10,2026-01-20,4.63
91918871,202602,47,2026-01-20,3.26
98145554,202601,41,2026-01-20,2.18
81174416,202603,16,2026-01-20,1.28
92754237,202601,29,2026-01-20,2.61
97116961,202603,12,2026-01-20,3.01
1044218719,202602,24,2026-01-20,0.24
1029056818,202601,39,2026-01-20,2.76
55985844,202603,42,2026-01-20,4.82
1000313422,202602,11,2026-01-20,0.40
1048132678,202602,45,2026-01-20,0.72
38920725,202602,22,2026-01-20,0.61
1009507932,202603,28,2026-01-20,2.32
85611238,202602,13,2026-01-20,0.79
1052184717,202602,46,2026-01-20,2.73
45430373,202601,4,2026-01-20,3.15
49203625,202603,17,2026-01-20,0.43
1097124806,202603,7,2026-01-20,0.14
1014023220,202601,9,2026-01-20,3.51
1069549588,202603,2,2026-01-20,0.83
70858674,202602,48,2026-01-20,4.58
1054283750,202601,21,2026-01-20,4.31
40654840,202602,21,2026-01-20,4.47
64647131,202603,9,2026-01-20,0.21
88762767,202603,26,2026-01-20,1.49
1014277295,202602,41,2026-01-20,0.21
53082141,202601,7,2026-01-20,3.80
64047524,202603,46,2026-01-20,3.62
64047524,202602,41,2026-01-20,0.91
1019464700,202601,9,2026-01-20,4.35
94811347,202603,37,2026-01-20,1.62
1088045613,202602,37,2026-01-20,0.89
37967616,202602,25,2026-01-20,4.67
43113754,202602,1,2026-01-20,0.82
81332007,202603,29,2026-01-20,4.75
1097316225,202602,25,2026-01-20,0.58
1092478936,202601,8,2026-01-20,0.71
64323076,202601,18,2026-01-20,1.75
1043967142,202603,35,2026-01-20,4.82
1022631926,202603,27,2026-01-20,4.52
1095037746,202603,40,2026-01-20,1.23
65100368,202601,47,2026-01-20,4.68
73107866,202601,23,2026-01-20,4.07
1079497428,202601,32,2026-01-20,0.64
69991877,202602,45,2026-01-20,0.32
1019386440,202601,9,2026-01-20,2.43
52714676,202601,37,2026-01-20,0.17
1020381018,202601,48,2026-01-20,0.45
73183706,202603,50,2026-01-20,2.62
97318818,202601,32,2026-01-20,2.51
89376323,202601,28,2026-01-20,1.95
1058384124,202601,16,2026-01-20,3.57
38820929,202602,9,2026-01-20,0.86
1049836471,202602,3,2026-01-20,4.01
73735771,202602,47,2026-01-20,4.72
58938226,202601,47,2026-01-20,3.13
35443820,202603,5,2026-01-20,1.32
1078063649,202601,43,2026-01-20,1.53
76581391,202603,15,2026-01-20,4.77
1079640711,202602,36,2026-01-20,2.13
1018935310,202603,6,2026-01-20,2.59
1050058736,202601,49,2026-01-20,1.75
35773949,202602,10,2026-01-20,4.05
87735535,202603,5,2026-01-20,1.90
80243240,202603,10,2026-01-20,4.24
36905413,202601,49,2026-01-20,4.45
75957568,202603,43,2026-01-20,2.18
1019325224,202603,21,2026-01-20,0.29
1074492944,202602,36,2026-01-20,3.11
65490617,202603,38,2026-01-20,1.25
44488173,202601,50,2026-01-20,4.39
1043449913,202602,27,2026-01-20,3.28
1084465573,202602,49,2026-01-20,1.44
1039052893,202603,42,2026-01-20,1.42
59350382,202602,22,2026-01-20,4.88
42355421,202603,12,2026-01-20,0.11
35925313,202602,40,2026-01-20,2.09
52950199,202601,41,2026-01-20,0.31
70654490,202602,33,2026-01-20,1.79
94591597,202602,3,2026-01-20,3.08
44914939,202602,7,2026-01-20,2.43
1034055399,202602,23,2026-01-20,2.51
30342339,202603,2,2026-01-20,0.78
64047524,202601,20,2026-01-20,4.70
86205134,202603,29,2026-01-20,4.82
86179450,202602,1,2026-01-20,2.59
1075230692,202602,33,2026-01-20,0.84
93290880,202602,38,2026-01-20,0.81
1014853855,202603,4,2026-01-20,2.64
1080309212,202601,2,2026-01-20,3.15
38785034,202603,44,2026-01-20,1.92
60613281,202601,3,2026-01-20,4.80
41497798,202602,35,2026-01-20,2.27
1002120812,202602,30,2026-01-20,0.49
1065478684,202602,50,2026-01-20,0.44
75310377,202602,34,2026-01-20,4.09
1026859703,202601,37,2026-01-20,2.63
1013764389,202602,1,2026-01-20,0.06
84297195,202602,49,2026-01-20,4.74
96555804,202601,7,2026-01-20,1.50
1066082311,202603,6,2026-01-20,0.02
45877626,202601,37,2026-01-20,4.73
1076822960,202601,32,2026-01-20,4.13
98389086,202602,32,2026-01-20,0.26
50577171,202603,12,2026-01-20,2.43
1051667662,202603,28,2026-01-20,0.19
61511623,202603,25,2026-01-20,1.06
75172755,202601,17,2026-01-20,2.53
45721138,202602,11,2026-01-20,3.62
41903996,202603,16,2026-01-20,3.28
1090751891,202601,17,2026-01-20,2.45
1098276683,202602,14,2026-01-20,2.98
1013130402,202603,40,2026-01-20,3.56
85916620,202602,3,2026-01-20,0.09
1058595161,202601,42,2026-01-20,2.44
1062366183,202603,19,2026-01-20,4.68
51351876,202602,9,2026-01-20,2.96
76948743,202601,26,2026-01-20,1.89
92269861,202601,31,2026-01-20,4.87
1074328168,202601,10,2026-01-20,1.17
62654827,202603,12,2026-01-20,1.24
1097747763,202603,16,2026-01-20,3.38
1001520083,202601,22,2026-01-20,0.35
52577495,202603,1,2026-01-20,4.85
1026100199,202601,16,2026-01-20,2.91
59441364,202603,35,2026-01-20,3.93
1064363111,202602,18,2026-01-20,3.78
1062204402,202601,19,2026-01-20,2.73
1041900517,202603,1,2026-01-20,4.26
73126661,202601,10,2026-01-20,3.57
85009765,202601,27,2026-01-20,4.56
1041595431,202603,49,2026-01-20,2.22
30670412,202601,31,2026-01-20,3.02
1049565194,202603,37,2026-01-20,2.00
86120010,202601,10,2026-01-20,2.98
75504325,202602,50,2026-01-20,0.73
1015934812,202603,21,2026-01-20,0.06
1074492944,202601,26,2026-01-20,4.97
62050847,202603,36,2026-01-20,2.40
80328889,202601,45,2026-01-20,3.97
1041124038,202601,6,2026-01-20,3.61
71973506,202602,24,2026-01-20,3.67
41015803,202603,33,2026-01-20,3.30
1064732692,202601,29,2026-01-20,4.40
1088170452,202603,3,2026-01-20,2.42
82030324,202601,43,2026-01-20,4.05
1098353906,202601,28,2026-01-20,1.29
41225547,202603,38,2026-01-20,2.19
33174027,202602,40,2026-01-20,0.76
1059863994,202601,43,2026-01-20,4.11
45501204,202603,36,2026-01-20,2.68
73033563,202601,35,2026-01-20,2.53
1004397729,202602,33,2026-01-20,4.38
64343656,202602,30,2026-01-20,3.79
45593539,202603,38,2026-01-20,2.11
65973201,202601,36,2026-01-20,4.37
96990394,202601,4,2026-01-20,2.70
78580204,202601,23,2026-01-20,2.80
1040795127,202601,16,2026-01-20,3.40
1046707660,202602,27,2026-01-20,1.67
85916620,202601,6,2026-01-20,3.84
1002965740,202602,33,2026-01-20,3.54
36588466,202601,27,2026-01-20,0.77
57026931,202603,33,2026-01-20,4.97
1079581876,202601,49,2026-01-20,0.26
60890646,202603,25,2026-01-20,2.10
1062305353,202602,35,2026-01-20,3.77
38394009,202601,36,2026-01-20,1.73
1064418970,202601,22,2026-01-20,4.29
1060341775,202602,21,2026-01-20,1.82
71431138,202601,34,2026-01-20,0.76
86712566,202603,11,2026-01-20,0.70
72944327,202603,38,2026-01-20,3.57
99296251,202603,1,2026-01-20,4.98
1046960505,202603,13,2026-01-20,1.90
1092648749,202601,1,2026-01-20,1.48
1044011579,202603,6,2026-01-20,3.27
1002775277,202601,27,2026-01-20,4.64
1094230091,202603,43,2026-01-20,3.77
87629280,202602,45,2026-01-20,1.79
1021237999,202602,28,2026-01-20,2.79
1092227653,202603,36,2026-01-20,4.56
33394953,202601,28,2026-01-20,4.09
1034051384,202602,47,2026-01-20,1.32
1012659567,202603,31,2026-01-20,0.96
1058732174,202603,46,2026-01-20,1.84
1005600775,202601,43,2026-01-20,1.35
1055635406,202602,7,2026-01-20,1.97
1058034874,202601,43,2026-01-20,0.27
1011684510,202602,21,2026-01-20,2.79
1083939734,202601,42,2026-01-20,0.15
1098638615,202601,13,2026-01-20,1.01
51977984,202603,27,2026-01-20,1.46
1080641363,202603,37,2026-01-20,3.86
56080424,202601,27,2026-01-20,4.65
36122321,202603,39,2026-01-20,4.49
52786339,202603,16,2026-01-20,1.57
61538082,202602,12,2026-01-20,0.99
58506081,202601,37,2026-01-20,3.36
75207350,202603,19,2026-01-20,4.72
85026357,202603,4,2026-01-20,4.26
35964218,202602,21,2026-01-20,1.52
64045631,202602,47,2026-01-20,0.15
1024256266,202601,21,2026-01-20,4.88
99296251,202603,25,2026-01-20,1.31
1067926618,202603,14,2026-01-20,4.55
1098915116,202602,10,2026-01-20,0.44
64045631,202602,17,2026-01-20,0.34
43157337,202603,49,2026-01-20,2.53
93646509,202603,17,2026-01-20,4.54
57838841,202601,8,2026-01-20,0.80
1051906138,202603,8,2026-01-20,2.68
1081257603,202602,17,2026-01-20,1.01
1026762399,202603,35,2026-01-20,4.64
92637707,202602,49,2026-01-20,4.77
1013876318,202602,32,2026-01-20,3.11
42598546,202603,30,2026-01-20,0.95
83033713,202601,19,2026-01-20,4.96
1059990455,202602,44,2026-01-20,1.92
75677984,202603,45,2026-01-20,4.87
63999790,202601,31,2026-01-20,3.05
98389086,202603,2,2026-01-20,0.51
1050260879,202601,2,2026-01-20,3.74
96942407,202603,10,2026-01-20,0.20
1060204862,202601,28,2026-01-20,2.49
55479619,202601,27,2026-01-20,1.75
1005252896,202601,33,2026-01-20,1.28
1037625079,202603,47,2026-01-20,0.67
34101019,202601,8,2026-01-20,1.86
97189889,202601,30,2026-01-20,1.32
79807561,202602,34,2026-01-20,1.68
1055279062,202603,14,2026-01-20,2.01
1094403505,202603,44,2026-01-20,2.52
1085592766,202601,31,2026-01-20,3.52
33969978,202602,45,2026-01-20,3.05
95256192,202602,37,2026-01-20,0.15
31526175,202602,21,2026-01-20,4.27
1003989065,202603,7,2026-01-20,4.18
1022603959,202601,5,2026-01-20,3.07
88265238,202603,35,2026-01-20,2.04
1013027986,202602,37,2026-01-20,4.57
35752046,202601,49,2026-01-20,4.75
63671964,202602,20,2026-01-20,3.04
53808479,202602,27,2026-01-20,0.71
68026958,202602,17,2026-01-20,4.42
64624630,202603,17,2026-01-20,0.95
1001539905,202602,24,2026-01-20,0.36
89682020,202602,41,2026-01-20,0.26
63112736,202603,45,2026-01-20,4.80
1027369144,202602,12,2026-01-20,2.26
1011095368,202601,49,2026-01-20,3.81
38785034,202601,14,2026-01-20,3.04
43157337,202601,46,2026-01-20,3.33
92994039,202601,21,2026-01-20,5.00
1076702939,202601,45,2026-01-20,1.92
1022631926,202602,42,2026-01-20,2.15
57269385,202603,14,2026-01-20,2.36
71120450,202603,47,2026-01-20,2.93
1006676900,202603,15,2026-01-20,1.33
1078595378,202603,24,2026-01-20,3.89
97647099,202603,35,2026-01-20,0.80
31044264,202603,33,2026-01-20,0.50
1011684510,202602,28,2026-01-20,3.02
55798556,202601,6,2026-01-20,0.95
88562685,202602,50,2026-01-20,3.31
67899667,202603,48,2026-01-20,0.20
64144498,202601,50,2026-01-20,0.71
1031782359,202601,34,2026-01-20,3.34
1020705807,202602,9,2026-01-20,1.83
52950199,202602,32,2026-01-20,1.74
84540515,202601,43,2026-01-20,1.95
36588466,202601,48,2026-01-20,0.46
59154632,202601,9,2026-01-20,0.36
1018651579,202603,14,2026-01-20,1.85
94811347,202601,32,2026-01-20,3.51
1005093780,202601,37,2026-01-20,3.80
1087186097,202603,17,2026-01-20,0.46
1014820282,202602,28,2026-01-20,0.01
1071519446,202602,22,2026-01-20,4.18
1093339887,202601,7,2026-01-20,1.02
97116961,202601,13,2026-01-20,1.20
1021196279,202602,28,2026-01-20,1.51
1033728860,202602,12,2026-01-20,4.17
1087634470,202601,47,2026-01-20,3.59
1043003035,202602,36,2026-01-20,3.13
1027213465,202603,49,2026-01-20,0.41
1094574324,202602,6,2026-01-20,1.63
1037522854,202602,8,2026-01-20,1.17
54467032,202601,49,2026-01-20,2.71
80735074,202601,34,2026-01-20,1.50
1074052982,202603,50,2026-01-20,2.95
92278822,202603,8,2026-01-20,2.32
93449830,202602,8,2026-01-20,4.35
59684336,202602,1,2026-01-20,1.25
62944946,202603,3,2026-01-20,4.96
1056052788,202602,7,2026-01-20,2.41
1041233250,202601,18,2026-01-20,3.67
1065718177,202601,3,2026-01-20,4.37
1084004136,202602,17,2026-01-20,3.07
1019405648,202602,23,2026-01-20,0.63
94251385,202601,11,2026-01-20,2.06
1002210660,202603,39,2026-01-20,3.44
35148325,202603,9,2026-01-20,1.09
31437368,202602,19,2026-01-20,4.59
53376426,202603,41,2026-01-20,3.35
68841550,202603,37,2026-01-20,0.78
1065754044,202603,32,2026-01-20,4.27
1098345343,202602,37,2026-01-20,1.89
33813487,202603,46,2026-01-20,0.19
1027562166,202601,50,2026-01-20,2.44
56146659,202602,44,2026-01-20,3.59
1009026749,202603,50,2026-01-20,4.55
1021715709,202601,10,2026-01-20,3.66
45636319,202603,20,2026-01-20,1.09
65239212,202602,34,2026-01-20,0.61
99755591,202601,47,2026-01-20,3.31
1046816850,202603,3,2026-01-20,0.92
61168503,202602,36,2026-01-20,0.14
73261056,202602,42,2026-01-20,3.34
1039057234,202602,28,2026-01-20,0.22
34101019,202602,31,2026-01-20,2.19
1039477186,202602,29,2026-01-20,3.26
73010775,202603,49,2026-01-20,4.76
89682020,202602,27,2026-01-20,3.84
92396331,202602,14,2026-01-20,4.16
1018393308,202602,41,2026-01-20,4.36
1047289672,202602,34,2026-01-20,2.15
1019412716,202603,16,2026-01-20,3.08
1093399997,202601,44,2026-01-20,3.74
66001675,202601,40,2026-01-20,4.50
1026230592,202602,29,2026-01-20,1.38
75703422,202603,15,2026-01-20,1.59
1003656811,202603,2,2026-01-20,1.72
56269126,202601,7,2026-01-20,3.33
63999790,202601,13,2026-01-20,1.57
35942335,202601,15,2026-01-20,1.08
62161817,202603,9,2026-01-20,2.75
1039126650,202602,12,2026-01-20,4.18
1065527857,202603,33,2026-01-20,2.10
44487394,202602,18,2026-01-20,3.06
52577495,202602,29,2026-01-20,3.71
1053743664,202601,21,2026-01-20,2.66
32357149,202601,17,2026-01-20,4.63
1074903638,202602,9,2026-01-20,4.83
1005929938,202603,39,2026-01-20,4.29
1031991676,202601,38,2026-01-20,0.55
55648999,202601,21,2026-01-20,4.63
75504325,202602,48,2026-01-20,1.79
77992280,202601,45,2026-01-20,4.62
1011773913,202603,40,2026-01-20,2.36
55805499,202601,25,2026-01-20,2.84
1083909848,202603,23,2026-01-20,4.33
67994227,202603,14,2026-01-20,0.90
1066416180,202603,24,2026-01-20,3.69
61932511,202601,31,2026-01-20,3.32
75437280,202602,32,2026-01-20,3.91
83049161,202601,6,2026-01-20,1.65
77021295,202603,42,2026-01-20,1.40
1088968227,202603,34,2026-01-20,1.13
1035534580,202603,19,2026-01-20,3.98
1048002473,202602,23,2026-01-20,2.95
47033819,202602,37,2026-01-20,2.21
32378262,202602,19,2026-01-20,3.94
1098276683,202603,21,2026-01-20,3.09
1000184696,202602,28,2026-01-20,2.70
79447936,202601,20,2026-01-20,2.22
1019835942,202603,6,2026-01-20,2.95
51961734,202602,36,2026-01-20,3.09
51051734,202601,48,2026-01-20,4.93
75138568,202602,40,2026-01-20,1.33
77992280,202603,12,2026-01-20,4.95
31422821,202603,9,2026-01-20,2.36
1057372629,202603,24,2026-01-20,1.57
92204419,202603,18,2026-01-20,2.85
1092177585,202601,7,2026-01-20,3.41
1021763469,202602,7,2026-01-20,4.61
85797946,202603,8,2026-01-20,0.23
1005556646,202602,21,2026-01-20,4.56
1093768378,202602,7,2026-01-20,2.95
54962751,202601,37,2026-01-20,0.36
63936632,202602,31,2026-01-20,2.92
1062208277,202601,15,2026-01-20,3.99
43961475,202601,8,2026-01-20,2.58
96394944,202603,16,2026-01-20,4.52
70326217,202601,50,2026-01-20,1.82
1090593432,202603,10,2026-01-20,1.81
1036531208,202602,22,2026-01-20,4.55
1010392420,202603,16,2026-01-20,4.43
1003824685,202601,30,2026-01-20,4.38
1037305254,202601,43,2026-01-20,3.60
1087634470,202603,20,2026-01-20,1.68
1094574324,202601,21,2026-01-20,4.33
86945574,202601,11,2026-01-20,1.46
56532874,202602,30,2026-01-20,1.18
79452567,202603,33,2026-01-20,2.51
1010925452,202603,18,2026-01-20,3.17
57194521,202602,46,2026-01-20,3.38
1000086015,202603,46,2026-01-20,1.55
1092099590,202601,23,2026-01-20,4.67
1092341533,202603,37,2026-01-20,4.20
1080914649,202602,9,2026-01-20,4.81
1092034961,202602,30,2026-01-20,2.01
1039982176,202603,41,2026-01-20,3.32
59822375,202602,37,2026-01-20,0.80
63878754,202602,25,2026-01-20,1.20
57423173,202601,15,2026-01-20,1.80
42811025,202602,43,2026-01-20,2.75
1074679918,202603,4,2026-01-20,2.51
39285171,202601,11,2026-01-20,0.43
66823257,202603,15,2026-01-20,2.47
1011124932,202601,50,2026-01-20,0.67
50891270,202601,24,2026-01-20,1.81
93487466,202603,30,2026-01-20,0.69
31526175,202602,33,2026-01-20,2.88
56980985,202602,25,2026-01-20,3.80
99266679,202601,23,2026-01-20,2.14
57243297,202601,44,2026-01-20,0.54
51181553,202601,41,2026-01-20,4.23
87705710,202602,37,2026-01-20,2.62
30138080,202603,21,2026-01-20,3.83
1098834222,202603,19,2026-01-20,4.27
84984556,202602,34,2026-01-20,2.42
1011225454,202601,49,2026-01-20,0.32
1098553705,202601,20,2026-01-20,1.62
81475596,202602,17,2026-01-20,0.52
38953715,202603,47,2026-01-20,2.00
1063075625,202601,11,2026-01-20,0.18
99208187,202603,29,2026-01-20,0.91
1079581876,202601,34,2026-01-20,2.61
87635988,202603,23,2026-01-20,0.49
71973506,202602,40,2026-01-20,4.32
1081161290,202601,28,2026-01-20,2.30
1077823333,202603,5,2026-01-20,0.44
1049453692,202601,47,2026-01-20,1.68
1049532112,202602,40,2026-01-20,4.20
1032135185,202602,33,2026-01-20,3.31
1041125235,202603,25,2026-01-20,3.86
1034055399,202601,13,2026-01-20,2.51
1012180694,202602,41,2026-01-20,0.89
68921501,202602,40,2026-01-20,4.97
1019284930,202602,10,2026-01-20,3.73
1032231859,202602,48,2026-01-20,4.12
1015609202,202602,5,2026-01-20,0.35
81410689,202602,34,2026-01-20,0.67
63509202,202601,49,2026-01-20,4.97
98939141,202603,40,2026-01-20,4.37
30931149,202602,22,2026-01-20,0.54
44930630,202602,14,2026-01-20,4.90
67279049,202603,15,2026-01-20,3.63
1047203367,202603,39,2026-01-20,3.93
49350843,202601,20,2026-01-20,0.36
46344567,202603,18,2026-01-20,0.07
1027585485,202602,15,2026-01-20,0.32
1015934812,202603,29,2026-01-20,1.62
77736792,202601,5,2026-01-20,4.69
42337447,202602,1,2026-01-20,4.03
70641925,202601,45,2026-01-20,1.20
1068547669,202602,9,2026-01-20,0.46
1057152830,202602,45,2026-01-20,0.73
1032080849,202602,30,2026-01-20,3.42
73261056,202603,38,2026-01-20,4.18
73228111,202601,42,2026-01-20,4.73
1036850419,202603,9,2026-01-20,3.77
1014443871,202603,30,2026-01-20,3.67
1018293032,202601,36,2026-01-20,4.17
1057559753,202603,20,2026-01-20,4.85
54014251,202602,7,2026-01-20,2.12
86849449,202602,2,2026-01-20,3.27
73491042,202603,16,2026-01-20,2.81
69585647,202601,3,2026-01-20,3.10
1011225454,202602,11,2026-01-20,1.81
1070642957,202603,30,2026-01-20,0.73
74685449,202602,15,2026-01-20,3.83
34691838,202601,32,2026-01-20,4.36
33815192,202601,16,2026-01-20,3.32
73208542,202602,24,2026-01-20,4.24
46507012,202603,16,2026-01-20,1.81
94702908,202602,37,2026-01-20,2.39
96555804,202602,5,2026-01-20,3.47
72097380,202602,16,2026-01-20,4.98
1095037746,202601,21,2026-01-20,3.39
1082777317,202602,24,2026-01-20,3.35
1054373038,202601,33,2026-01-20,2.10
1095255522,202601,21,2026-01-20,1.64
1003613877,202603,5,2026-01-20,0.90
1081292116,202603,46,2026-01-20,4.68
97354362,202603,41,2026-01-20,4.33
87393845,202602,21,2026-01-20,4.62
1098276683,202602,47,2026-01-20,4.98
1055053246,202602,20,2026-01-20,3.31
1062443829,202601,49,2026-01-20,0.45
1039783829,202601,20,2026-01-20,4.79
81154638,202602,44,2026-01-20,3.84
1013003173,202602,35,2026-01-20,4.03
1008495420,202602,36,2026-01-20,1.75
1092177585,202603,13,2026-01-20,2.98
37870780,202601,9,2026-01-20,3.00
1066416180,202603,49,2026-01-20,4.47
1026690249,202603,12,2026-01-20,1.76
82641402,202603,35,2026-01-20,2.53
1061074521,202603,20,2026-01-20,0.81
1093768378,202602,30,2026-01-20,4.81
60839818,202603,8,2026-01-20,3.90
57709800,202603,5,2026-01-20,3.52
1075029744,202603,22,2026-01-20,1.15
87635988,202603,44,2026-01-20,1.50
44320241,202602,16,2026-01-20,2.33
40008755,202602,45,2026-01-20,3.48
1059125341,202602,40,2026-01-20,0.81
95020967,202602,16,2026-01-20,0.35
1041825092,202601,32,2026-01-20,4.48
1073266851,202601,3,2026-01-20,0.88
1055431005,202603,12,2026-01-20,0.83
1088466980,202602,8,2026-01-20,0.82
1018430835,202602,37,2026-01-20,4.82
33969978,202602,19,2026-01-20,3.47
1004492918,202601,20,2026-01-20,1.57
1054597235,202602,26,2026-01-20,4.49
1045273800,202601,20,2026-01-20,0.49
84977131,202603,21,2026-01-20,0.40
1098936522,202602,30,2026-01-20,3.27
71997287,202601,28,2026-01-20,1.91
83598206,202602,48,2026-01-20,1.08
1042401809,202603,4,2026-01-20,2.70
73761880,202602,48,2026-01-20,4.53
1039902781,202601,20,2026-01-20,3.39
1042675764,202603,11,2026-01-20,0.69
83814525,202603,34,2026-01-20,3.49
42080030,202602,48,2026-01-20,2.86
75310377,202601,40,2026-01-20,0.32
54467032,202603,1,2026-01-20,1.88
33567434,202603,28,2026-01-20,0.06
1013536421,202601,6,2026-01-20,2.26
1097136726,202603,18,2026-01-20,0.23
94526026,202601,9,2026-01-20,2.29
41490796,202603,35,2026-01-20,1.59
37660676,202601,39,2026-01-20,4.40
40346170,202601,28,2026-01-20,4.63
1064418970,202601,2,2026-01-20,1.03
97318818,202603,13,2026-01-20,2.26
1083667130,202601,7,2026-01-20,1.00
47580621,202602,37,2026-01-20,0.21
1031481835,202603,30,2026-01-20,3.10
61318067,202601,10,2026-01-20,0.99
1084803150,202602,2,2026-01-20,1.44
58258991,202603,36,2026-01-20,0.12
1082079125,202603,32,2026-01-20,1.37
1006246705,202602,3,2026-01-20,0.04
79227186,202603,37,2026-01-20,0.60
1041139961,202601,11,2026-01-20,3.36
53082141,202601,38,2026-01-20,2.00
1033499696,202601,48,2026-01-20,1.17
1002775277,202602,6,2026-01-20,3.55
1059831750,202603,1,2026-01-20,1.41
1006243113,202602,38,2026-01-20,0.23
1091328520,202601,1,2026-01-20,4.19
1050058736,202601,23,2026-01-20,4.60
1084759756,202602,38,2026-01-20,2.75
79909290,202602,20,2026-01-20,4.98
51351876,202603,12,2026-01-20,4.03
1054769288,202602,50,2026-01-20,4.77
1094029895,202602,15,2026-01-20,1.80
49350843,202602,11,2026-01-20,1.68
1014216798,202603,11,2026-01-20,3.70
1062366183,202603,15,2026-01-20,2.74
1032741102,202603,11,2026-01-20,0.49
1012180694,202602,39,2026-01-20,4.27
1038327151,202601,10,2026-01-20,1.66
42036612,202601,12,2026-01-20,0.83
1010513867,202603,5,2026-01-20,1.54
1048132678,202602,34,2026-01-20,3.25
45850025,202603,37,2026-01-20,3.67
30553536,202602,12,2026-01-20,3.53
1048132678,202603,38,2026-01-20,4.01
1013368648,202601,16,2026-01-20,3.25
41144018,202602,4,2026-01-20,4.98
65598875,202602,17,2026-01-20,2.69
67347697,202602,16,2026-01-20,2.84
1080338792,202603,10,2026-01-20,4.54
76935515,202601,23,2026-01-20,0.42
76974717,202602,2,2026-01-20,4.35
1079983931,202603,12,2026-01-20,0.31
89992101,202602,28,2026-01-20,4.38
41389638,202601,20,2026-01-20,0.91
1019767679,202602,24,2026-01-20,3.80
87705710,202603,39,2026-01-20,3.85
1091043319,202602,15,2026-01-20,0.18
1089938929,202602,1,2026-01-20,1.28
46460549,202603,35,2026-01-20,1.50
1091087698,202603,22,2026-01-20,0.39
1046191452,202601,17,2026-01-20,2.83
1007463129,202602,15,2026-01-20,0.47
84262896,202603,36,2026-01-20,3.66
99716740,202603,39,2026-01-20,4.29
1097366764,202602,22,2026-01-20,4.73
52786339,202602,30,2026-01-20,1.59
85771487,202601,50,2026-01-20,2.89
1072152344,202602,36,2026-01-20,1.61
1076639649,202601,48,2026-01-20,3.26
82402628,202603,31,2026-01-20,0.30
1070197579,202601,23,2026-01-20,0.12
42661472,202603,22,2026-01-20,0.11
1063413993,202601,11,2026-01-20,1.93
41529925,202601,42,2026-01-20,1.47
82397142,202603,34,2026-01-20,0.63
1007781701,202601,31,2026-01-20,0.35
1000313422,202602,23,2026-01-20,2.21
1028142032,202601,28,2026-01-20,0.22
1073739789,202602,19,2026-01-20,3.00
1047332279,202602,12,2026-01-20,4.76
1071519446,202601,23,2026-01-20,0.91
51938996,202601,14,2026-01-20,4.69
1098638615,202603,43,2026-01-20,1.21
42080030,202603,3,2026-01-20,2.51
75628971,202601,12,2026-01-20,3.67
30754217,202602,9,2026-01-20,4.14
94886564,202601,42,2026-01-20,1.39
38394009,202601,11,2026-01-20,4.56
1045636335,202601,29,2026-01-20,1.73
44045587,202601,6,2026-01-20,2.32
1008527570,202602,19,2026-01-20,0.68
78580204,202601,26,2026-01-20,4.31
91326360,202603,42,2026-01-20,0.28
34970451,202602,26,2026-01-20,2.05
1085913988,202602,6,2026-01-20,2.37
87957864,202602,33,2026-01-20,0.59
69870717,202601,43,2026-01-20,2.85
99650592,202602,4,2026-01-20,3.61
1064838046,202601,21,2026-01-20,2.34
1064125477,202601,10,2026-01-20,0.98
1089303445,202602,39,2026-01-20,2.67
91106002,202603,10,2026-01-20,0.35
1067099212,202601,17,2026-01-20,3.30
74590975,202603,29,2026-01-20,4.74
44733716,202603,18,2026-01-20,2.97
52095803,202602,27,2026-01-20,1.49
46847252,202601,31,2026-01-20,4.46
56402103,202602,7,2026-01-20,0.74
1051472219,202603,13,2026-01-20,4.46
90841881,202603,23,2026-01-20,3.20
51433462,202603,41,2026-01-20,0.57
1066086632,202602,4,2026-01-20,2.29
1087526333,202602,37,2026-01-20,4.78
1011225454,202603,23,2026-01-20,0.34
30670412,202603,10,2026-01-20,0.54
40481160,202602,14,2026-01-20,1.63
1098553705,202603,19,2026-01-20,0.37
55375247,202602,18,2026-01-20,2.35
84478795,202601,39,2026-01-20,1.99
90918291,202601,36,2026-01-20,3.58
75138568,202602,2,2026-01-20,3.14
1023578217,202603,12,2026-01-20,3.45
1070515317,202603,40,2026-01-20,4.52
91334048,202603,30,2026-01-20,3.63
42899822,202602,35,2026-01-20,0.02
1021715709,202601,35,2026-01-20,2.86
1098353906,202601,21,2026-01-20,0.49
72127413,202602,12,2026-01-20,2.28
93543371,202601,16,2026-01-20,0.06
71697638,202601,6,2026-01-20,2.73
1058533255,202603,5,2026-01-20,3.61
98261504,202601,6,2026-01-20,3.69
37095348,202601,11,2026-01-20,4.84
41304808,202602,43,2026-01-20,2.29
1041124038,202601,7,2026-01-20,1.65
85650102,202602,6,2026-01-20,2.72
57709800,202603,49,2026-01-20,4.19
1085489099,202602,19,2026-01-20,3.01
1024385954,202601,17,2026-01-20,1.06
1069680920,202603,3,2026-01-20,1.03
1045752649,202601,22,2026-01-20,0.65
78146793,202602,46,2026-01-20,0.94
1013764389,202601,6,2026-01-20,2.37
69767650,202603,36,2026-01-20,3.82
1005284977,202603,20,2026-01-20,2.09
1010247391,202602,44,2026-01-20,3.68
70473878,202603,27,2026-01-20,1.48
1003656811,202602,24,2026-01-20,0.30
88397680,202603,25,2026-01-20,3.36
30879147,202602,21,2026-01-20,0.40
1026732593,202602,8,2026-01-20,3.44
1058643809,202602,10,2026-01-20,2.08
1026230592,202603,33,2026-01-20,4.00
1010392420,202603,48,2026-01-20,4.97
1093191345,202601,36,2026-01-20,1.17
1076931645,202601,27,2026-01-20,0.02
74061209,202602,40,2026-01-20,0.33
78342857,202602,15,2026-01-20,3.17
1074677215,202601,11,2026-01-20,3.29
73001407,202603,21,2026-01-20,1.19
80212972,202603,32,2026-01-20,1.44
1074507356,202602,38,2026-01-20,1.44
98939141,202602,29,2026-01-20,1.00
62291111,202601,12,2026-01-20,3.99
1074677215,202603,38,2026-01-20,4.89
48770617,202603,36,2026-01-20,0.70
42811025,202603,28,2026-01-20,0.58
98958958,202601,40,2026-01-20,0.68
1074445391,202603,25,2026-01-20,4.21
78900683,202603,5,2026-01-20,0.18
83443731,202601,5,2026-01-20,4.23
57771517,202602,30,2026-01-20,2.81
97815413,202601,16,2026-01-20,1.44
98309654,202601,44,2026-01-20,2.36
84629872,202601,11,2026-01-20,2.96
67032401,202602,42,2026-01-20,1.18
60537314,202602,41,2026-01-20,4.30
1031865104,202603,33,2026-01-20,1.25
1053743664,202603,27,2026-01-20,1.97
69155895,202601,43,2026-01-20,3.47
44930630,202602,33,2026-01-20,3.77
71973506,202602,45,2026-01-20,2.91
1041595431,202603,23,2026-01-20,4.73
68750997,202601,3,2026-01-20,3.73
76509278,202601,32,2026-01-20,4.19
1001609645,202603,11,2026-01-20,2.74
1051436689,202603,30,2026-01-20,3.56
1060341775,202601,24,2026-01-20,4.11
1066414079,202602,35,2026-01-20,4.02
1044234110,202601,23,2026-01-20,0.92
1052574518,202601,22,2026-01-20,0.64
1073290315,202601,6,2026-01-20,0.75
31526175,202603,40,2026-01-20,2.07
53053403,202602,44,2026-01-20,3.17
1069459393,202602,36,2026-01-20,4.51
90580198,202601,6,2026-01-20,1.66
1028443485,202602,13,2026-01-20,4.70
1030361863,202602,6,2026-01-20,0.62
86712566,202602,23,2026-01-20,3.59
73107866,202603,35,2026-01-20,0.95
41374424,202603,45,2026-01-20,1.37
59154632,202603,38,2026-01-20,3.47
1087119873,202601,38,2026-01-20,4.44
1038041649,202602,27,2026-01-20,4.82
59339570,202602,42,2026-01-20,1.46
39194684,202602,13,2026-01-20,4.72
1080641363,202603,16,2026-01-20,3.47
47310926,202603,21,2026-01-20,1.01
1066874682,202602,8,2026-01-20,2.31
81174416,202603,14,2026-01-20,1.22
73920335,202602,39,2026-01-20,2.57
1063328593,202601,2,2026-01-20,4.88
86330204,202603,45,2026-01-20,3.94
32774992,202602,13,2026-01-20,0.70
33729364,202603,41,2026-01-20,4.84
1027381382,202601,48,2026-01-20,1.14
90077507,202601,6,2026-01-20,2.74
1079809568,202603,15,2026-01-20,4.63
69474510,202603,9,2026-01-20,3.21
54027117,202602,43,2026-01-20,1.86
1092177585,202601,25,2026-01-20,3.43
1040120983,202601,20,2026-01-20,3.21
1097036630,202602,6,2026-01-20,4.80
98817235,202603,5,2026-01-20,4.41
77612525,202601,15,2026-01-20,0.57
1031276506,202603,18,2026-01-20,3.43
84540515,202603,22,2026-01-20,2.29
95029802,202601,50,2026-01-20,3.20
1068743853,202602,16,2026-01-20,2.81
82228900,202602,13,2026-01-20,4.23
62837923,202602,1,2026-01-20,2.76
1021488418,202602,31,2026-01-20,4.32
1036726494,202602,47,2026-01-20,1.90
95797817,202602,8,2026-01-20,1.32
97689312,202603,7,2026-01-20,3.72
48019522,202601,43,2026-01-20,0.27
69737231,202601,7,2026-01-20,3.18
1055488599,202602,50,2026-01-20,4.02
1058431345,202602,10,2026-01-20,1.47
1053079926,202601,18,2026-01-20,2.90
1019305065,202603,37,2026-01-20,3.42
63205921,202602,31,2026-01-20,2.08
1014028751,202601,18,2026-01-20,2.28
1028838304,202601,6,2026-01-20,2.33
1009148135,202602,38,2026-01-20,2.17
57125787,202601,21,2026-01-20,1.68
92204419,202603,21,2026-01-20,2.25
1003613877,202603,28,2026-01-20,1.74
94084212,202601,1,2026-01-20,1.89
1032361673,202603,35,2026-01-20,4.18
1098345343,202601,30,2026-01-20,0.98
78209939,202602,23,2026-01-20,3.59
1066414079,202602,10,2026-01-20,1.97
42800371,202603,43,2026-01-20,4.78
1020657383,202602,21,2026-01-20,2.08
1067172956,202601,16,2026-01-20,4.69
97862826,202602,6,2026-01-20,2.48
1033112973,202601,27,2026-01-20,1.86
30528867,202603,37,2026-01-20,4.46
95923482,202603,37,2026-01-20,3.14
99716740,202601,3,2026-01-20,1.01
74998489,202601,48,2026-01-20,4.59
1017213293,202603,29,2026-01-20,4.85
54962751,202603,48,2026-01-20,2.44
51977984,202603,26,2026-01-20,4.93
1088342612,202601,31,2026-01-20,4.72
64409349,202601,8,2026-01-20,3.66
1003151977,202601,43,2026-01-20,0.92
55805499,202601,47,2026-01-20,1.40
54278818,202602,42,2026-01-20,4.83
37479988,202601,4,2026-01-20,2.24
50698077,202603,32,2026-01-20,0.01
30251704,202601,6,2026-01-20,2.61
1034818949,202602,1,2026-01-20,3.07
45122333,202602,13,2026-01-20,4.43
64323076,202601,8,2026-01-20,2.11
86120010,202601,34,2026-01-20,4.72
1030157293,202603,42,2026-01-20,0.99
1001190021,202602,5,2026-01-20,1.72
86043827,202602,43,2026-01-20,0.27
64870524,202602,12,2026-01-20,0.54
51940394,202603,17,2026-01-20,1.97
89689716,202603,15,2026-01-20,2.39
1038473469,202601,15,2026-01-20,2.70
61321972,202602,26,2026-01-20,1.91
83598206,202602,49,2026-01-20,4.37
43113754,202603,27,2026-01-20,1.49
43144397,202601,3,2026-01-20,1.92
1007543276,202601,3,2026-01-20,4.21
58328778,202603,18,2026-01-20,4.36
1017935369,202601,10,2026-01-20,4.57
1047680468,202603,48,2026-01-20,4.27
95029802,202602,42,2026-01-20,1.63
31313386,202602,36,2026-01-20,0.01
1088430064,202601,48,2026-01-20,4.43
1057454908,202602,35,2026-01-20,1.73
79497849,202601,34,2026-01-20,3.04
1041670295,202602,14,2026-01-20,4.28
1008675434,202602,1,2026-01-20,1.39
1072152344,202601,13,2026-01-20,4.52
50287296,202601,46,2026-01-20,4.56
37467216,202601,15,2026-01-20,0.77
1041430202,202603,7,2026-01-20,3.71
1055286234,202601,6,2026-01-20,3.84
36588466,202603,24,2026-01-20,1.17
86735109,202602,9,2026-01-20,2.53
1052574518,202603,7,2026-01-20,1.42
97819652,202603,17,2026-01-20,0.80
1042882563,202603,8,2026-01-20,1.14
71431138,202602,28,2026-01-20,0.23
1094230091,202601,30,2026-01-20,2.38
1042882563,202603,49,2026-01-20,3.31
1002120812,202603,10,2026-01-20,2.85
89619193,202602,30,2026-01-20,2.44
65790509,202603,42,2026-01-20,1.52
33750280,202603,46,2026-01-20,4.42
1018651579,202601,13,2026-01-20,0.36
1058597769,202602,23,2026-01-20,1.93
1082777317,202602,14,2026-01-20,4.62
61438086,202601,7,2026-01-20,1.66
1036850419,202603,26,2026-01-20,0.07
49235216,202601,1,2026-01-20,3.12
1037567235,202603,46,2026-01-20,4.81
1005600775,202603,16,2026-01-20,2.99
1035067288,202601,40,2026-01-20,1.86
1005853650,202601,3,2026-01-20,2.23
1065222609,202602,40,2026-01-20,1.05
99559472,202603,46,2026-01-20,1.75
1064499049,202601,44,2026-01-20,4.94
1029525128,202601,46,2026-01-20,2.67
1052726492,202601,40,2026-01-20,3.91
49795450,202602,10,2026-01-20,3.49
1013942474,202601,23,2026-01-20,4.13
78826410,202601,31,2026-01-20,4.60
1007463129,202601,43,2026-01-20,0.62
1031144606,202603,48,2026-01-20,2.20
1053237849,202603,3,2026-01-20,0.27
67967683,202603,45,2026-01-20,3.45
1052735267,202601,49,2026-01-20,2.93
75207350,202603,23,2026-01-20,1.66
1070197579,202602,9,2026-01-20,3.84
90829058,202602,24,2026-01-20,2.56
1096967921,202603,50,2026-01-20,1.66
1006681524,202602,4,2026-01-20,4.31
49337821,202602,42,2026-01-20,1.56
1055439410,202602,35,2026-01-20,1.51
81110469,202602,35,2026-01-20,2.37
92586612,202601,9,2026-01-20,0.26
1085421995,202601,17,2026-01-20,3.61
82112522,202601,26,2026-01-20,3.06
92272836,202601,37,2026-01-20,3.04
1023639213,202601,10,2026-01-20,2.82
1055423693,202602,41,2026-01-20,0.82
93809540,202602,16,2026-01-20,3.45
1061231308,202601,25,2026-01-20,3.22
60143019,202601,25,2026-01-20,0.00
1047784051,202602,12,2026-01-20,0.01
1008703602,202601,1,2026-01-20,4.98
42638488,202603,10,2026-01-20,1.24
1096279126,202603,19,2026-01-20,3.38
1050680214,202601,5,2026-01-20,1.03
37427262,202603,26,2026-01-20,2.75
1003377760,202601,4,2026-01-20,2.79
35073995,202602,50,2026-01-20,0.91
1003424185,202601,32,2026-01-20,2.39
95365536,202602,6,2026-01-20,3.01
73094486,202602,22,2026-01-20,3.13
1066579240,202603,2,2026-01-20,1.46
1029641959,202602,20,2026-01-20,3.56
1011124932,202601,47,2026-01-20,1.20
1073290315,202602,46,2026-01-20,1.91
1071038447,202603,46,2026-01-20,0.24
1084987411,202603,21,2026-01-20,3.49
42875126,202601,23,2026-01-20,4.74
1088466980,202601,10,2026-01-20,0.43
1070069733,202602,6,2026-01-20,0.35
69991877,202603,14,2026-01-20,0.81
74061209,202602,23,2026-01-20,1.35
57920662,202601,15,2026-01-20,2.83
66998942,202601,5,2026-01-20,2.11
1020555187,202603,36,2026-01-20,2.70
88397680,202601,28,2026-01-20,0.07
73228111,202601,4,2026-01-20,3.45
1011522972,202602,36,2026-01-20,3.01
1018190109,202603,45,2026-01-20,0.63
90962093,202603,18,2026-01-20,3.56
62941780,202601,4,2026-01-20,4.46
63671964,202603,45,2026-01-20,2.25
1014232530,202603,44,2026-01-20,2.22
85100098,202601,9,2026-01-20,1.37
1042415187,202602,28,2026-01-20,3.45
1018190109,202603,6,2026-01-20,0.39
1033865029,202603,6,2026-01-20,0.00
1005853650,202602,30,2026-01-20,4.98
35073995,202601,4,2026-01-20,2.49
48019522,202602,36,2026-01-20,0.47
1096036269,202601,46,2026-01-20,3.87
1013876318,202602,6,2026-01-20,2.08
45341097,202601,35,2026-01-20,1.11
1027095780,202602,4,2026-01-20,3.65
97395092,202603,43,2026-01-20,0.44
65919762,202603,50,2026-01-20,3.23
60143019,202601,47,2026-01-20,1.85
1038942437,202603,4,2026-01-20,3.29
91918871,202603,13,2026-01-20,3.71
80699602,202603,35,2026-01-20,0.96
37479988,202601,26,2026-01-20,3.65
31313386,202602,28,2026-01-20,2.85
1087634470,202602,38,2026-01-20,2.59
57497280,202602,3,2026-01-20,1.97
1085545840,202601,23,2026-01-20,4.06
43329365,202603,20,2026-01-20,4.25
1031795545,202602,18,2026-01-20,2.29
43719485,202602,32,2026-01-20,4.76
1091946881,202603,14,2026-01-20,3.03
1098553705,202601,21,2026-01-20,4.46
1013250610,202603,10,2026-01-20,2.64
33969978,202603,12,2026-01-20,1.19
1000521066,202602,41,2026-01-20,1.91
78778931,202601,2,2026-01-20,4.39
1031795545,202603,23,2026-01-20,2.79
69040432,202601,26,2026-01-20,1.59
45576366,202601,25,2026-01-20,2.73
1037522854,202602,43,2026-01-20,0.46
1070551659,202601,29,2026-01-20,2.92
1005865166,202602,29,2026-01-20,4.41
49235216,202603,48,2026-01-20,4.03
44930630,202601,5,2026-01-20,0.42
79753693,202602,50,2026-01-20,4.75
40097460,202602,10,2026-01-20,2.65
72922474,202603,43,2026-01-20,0.74
46727815,202602,27,2026-01-20,1.22
91586772,202601,39,2026-01-20,4.25
37768666,202602,10,2026-01-20,0.50
67914350,202603,6,2026-01-20,1.86
1014725119,202603,26,2026-01-20,3.04
1025520303,202603,41,2026-01-20,0.65
1043299573,202602,2,2026-01-20,4.80
1002896966,202603,13,2026-01-20,1.07
1035873932,202602,37,2026-01-20,4.85
49666813,202603,43,2026-01-20,2.56
1016029302,202603,30,2026-01-20,2.55
1019922382,202603,10,2026-01-20,1.36
77866959,202603,40,2026-01-20,2.96
1060859696,202602,18,2026-01-20,3.10
98280770,202603,29,2026-01-20,1.31
45482286,202601,11,2026-01-20,1.40
1021488418,202603,37,2026-01-20,0.53
62408844,202603,24,2026-01-20,2.15
1013645144,202602,37,2026-01-20,1.27
93868284,202603,18,2026-01-20,2.22
85103180,202601,25,2026-01-20,2.07
1009148135,202603,9,2026-01-20,5.00
1001190021,202602,34,2026-01-20,3.50
47569997,202602,44,2026-01-20,4.39
62654827,202603,28,2026-01-20,3.20
1026999172,202602,49,2026-01-20,3.32
57838841,202603,4,2026-01-20,0.44
1027934596,202603,37,2026-01-20,1.87
31437368,202603,44,2026-01-20,2.35
1043344423,202602,1,2026-01-20,0.08
1058384124,202602,29,2026-01-20,0.71
1067139876,202601,12,2026-01-20,0.05
49532258,202601,16,2026-01-20,2.19
45571220,202601,12,2026-01-20,1.67
61541459,202603,41,2026-01-20,1.93
43667868,202602,1,2026-01-20,1.83
1069584208,202602,5,2026-01-20,4.84
75129376,202602,7,2026-01-20,1.62
1004397729,202603,31,2026-01-20,0.96
82826845,202603,8,2026-01-20,1.69
63999790,202603,13,2026-01-20,1.29
57423173,202603,34,2026-01-20,1.59
57497280,202601,20,2026-01-20,2.77
97246634,202602,10,2026-01-20,4.00
1024688851,202601,48,2026-01-20,1.42
1008476974,202603,31,2026-01-20,1.44
52270441,202602,32,2026-01-20,0.01
78621742,202601,23,2026-01-20,3.13
1028568813,202601,34,2026-01-20,2.74
82039205,202601,18,2026-01-20,1.59
1084389705,202603,9,2026-01-20,1.75
1006246705,202602,6,2026-01-20,4.21
1096442715,202601,13,2026-01-20,1.64
51703321,202603,15,2026-01-20,2.07
1047411760,202603,33,2026-01-20,1.17
1041013532,202602,40,2026-01-20,4.34
1046235272,202601,10,2026-01-20,2.66
1018141766,202601,26,2026-01-20,3.82
96365176,202601,29,2026-01-20,3.07
67629981,202601,50,2026-01-20,0.75
1034529567,202601,45,2026-01-20,2.33
1097546783,202601,6,2026-01-20,4.29
65279946,202601,29,2026-01-20,3.43
85038557,202603,28,2026-01-20,3.30
1031865104,202601,6,2026-01-20,0.36
1081615727,202601,50,2026-01-20,0.30
73150146,202601,49,2026-01-20,4.56
1039440026,202603,11,2026-01-20,0.14
54122670,202602,38,2026-01-20,2.33
65100368,202603,21,2026-01-20,2.70
1021730302,202602,9,2026-01-20,0.39
73833801,202603,20,2026-01-20,1.49
1077412597,202603,41,2026-01-20,4.14
75129376,202602,2,2026-01-20,3.42
1017711667,202601,23,2026-01-20,2.99
1015578600,202603,14,2026-01-20,2.88
1081826544,202602,16,2026-01-20,4.89
1082436450,202601,28,2026-01-20,1.76
1053787901,202601,5,2026-01-20,2.48
1040453682,202602,38,2026-01-20,0.39
1086485437,202601,20,2026-01-20,0.95
76426305,202602,16,2026-01-20,3.19
92278822,202601,28,2026-01-20,3.79
1056191849,202603,44,2026-01-20,1.48
1011303448,202602,4,2026-01-20,0.29
84015759,202601,39,2026-01-20,4.87
1062128987,202602,42,2026-01-20,4.98
1011684510,202602,19,2026-01-20,1.72
1088920800,202601,42,2026-01-20,2.53
1097284635,202601,32,2026-01-20,3.71
1092099004,202601,4,2026-01-20,3.02
77436153,202603,26,2026-01-20,3.39
40307115,202601,5,2026-01-20,1.09
1045338374,202601,32,2026-01-20,3.83
1034529567,202601,1,2026-01-20,4.37
1062305353,202601,3,2026-01-20,3.71
1041777743,202603,49,2026-01-20,0.46
42529259,202603,8,2026-01-20,1.38
1070515317,202602,48,2026-01-20,3.70
69767650,202601,4,2026-01-20,1.29
1037305254,202603,49,2026-01-20,2.56
1088962926,202603,21,2026-01-20,1.44
1002120812,202601,19,2026-01-20,0.45
30528867,202601,28,2026-01-20,0.97
1006820458,202601,13,2026-01-20,2.60
1056857568,202602,12,2026-01-20,2.32
1033865029,202603,47,2026-01-20,4.33
1039102445,202602,11,2026-01-20,3.21
1074903638,202601,48,2026-01-20,0.86
1064874802,202602,29,2026-01-20,4.43
1034818949,202601,48,2026-01-20,1.76
88762767,202601,45,2026-01-20,0.57
40097460,202601,42,2026-01-20,3.51
1054736697,202602,35,2026-01-20,1.61
46548304,202602,47,2026-01-20,1.89
75010687,202603,23,2026-01-20,0.10
1028443485,202603,2,2026-01-20,1.25
1052535326,202602,9,2026-01-20,4.52
79753693,202603,39,2026-01-20,1.80
57325805,202602,41,2026-01-20,1.61
93705014,202602,6,2026-01-20,1.29
1038470091,202602,50,2026-01-20,1.66
1054074612,202601,35,2026-01-20,1.90
76212741,202603,16,2026-01-20,3.14
1019594644,202603,40,2026-01-20,4.15
1011082700,202601,9,2026-01-20,4.85
60537314,202601,3,2026-01-20,3.62
1036489929,202601,46,2026-01-20,1.04
1068804394,202601,6,2026-01-20,3.26
1093191345,202602,43,2026-01-20,2.43
1051326221,202602,39,2026-01-20,3.06
51961734,202602,42,2026-01-20,3.55
51961734,202603,13,2026-01-20,1.21
59666586,202602,34,2026-01-20,4.47
1069549588,202602,50,2026-01-20,0.08
1078242391,202602,46,2026-01-20,2.91
39194684,202601,4,2026-01-20,3.20
79770013,202603,45,2026-01-20,0.77
32588483,202601,36,2026-01-20,3.91
1093207323,202601,11,2026-01-20,2.12
49372736,202603,29,2026-01-20,4.18
1058090666,202602,27,2026-01-20,3.31
1028957210,202603,24,2026-01-20,2.51
49795450,202602,18,2026-01-20,3.97
1015415751,202603,22,2026-01-20,2.44
1074174161,202602,47,2026-01-20,1.61
1081843044,202601,50,2026-01-20,4.03
1077153118,202602,35,2026-01-20,1.21
67816443,202602,32,2026-01-20,3.91
1013368648,202602,5,2026-01-20,0.11
1093087038,202602,42,2026-01-20,0.17
73583322,202603,50,2026-01-20,2.64
1061592370,202602,8,2026-01-20,2.34
32196132,202602,9,2026-01-20,3.34
1085246412,202603,37,2026-01-20,2.36
47030622,202603,9,2026-01-20,1.61
30879147,202603,4,2026-01-20,2.00
1055286234,202601,12,2026-01-20,0.85
1072367578,202602,1,2026-01-20,2.96
92396331,202603,3,2026-01-20,4.29
1080011346,202602,29,2026-01-20,0.78
49235216,202603,39,2026-01-20,4.87
1031569625,202602,13,2026-01-20,4.97
1063413993,202603,42,2026-01-20,1.65
32564971,202603,31,2026-01-20,2.66
1098353906,202603,8,2026-01-20,0.21
1017136658,202602,41,2026-01-20,4.93
73491042,202602,25,2026-01-20,4.98
1095037746,202603,48,2026-01-20,0.03
32345651,202602,21,2026-01-20,2.05
1089303445,202602,34,2026-01-20,4.96
70241017,202601,32,2026-01-20,1.35
58244672,202602,10,2026-01-20,2.25
1041497086,202602,47,2026-01-20,3.44
1034304829,202603,50,2026-01-20,1.18
1047289672,202603,16,2026-01-20,1.47
1047784051,202601,35,2026-01-20,3.54
87629280,202601,30,2026-01-20,0.72
46727815,202601,25,2026-01-20,1.90
1035315892,202603,32,2026-01-20,3.77
1093201338,202601,29,2026-01-20,3.97
1035534580,202603,50,2026-01-20,1.27
50318275,202603,4,2026-01-20,0.43
1050858656,202601,42,2026-01-20,4.67
1079536134,202602,27,2026-01-20,4.19
1094160842,202603,10,2026-01-20,4.09
1063759943,202603,45,2026-01-20,3.26
93290880,202601,36,2026-01-20,1.32
97353471,202603,16,2026-01-20,0.24
1009833083,202601,22,2026-01-20,0.33
32798289,202602,24,2026-01-20,1.00
1067068049,202601,38,2026-01-20,4.36
1028990320,202601,46,2026-01-20,1.41
1096819001,202603,45,2026-01-20,1.73
73918384,202601,8,2026-01-20,0.47
83356329,202603,16,2026-01-20,4.40
1021930906,202601,50,2026-01-20,0.24
1092119995,202603,31,2026-01-20,1.47
68189015,202603,30,2026-01-20,2.56
85592705,202603,28,2026-01-20,2.40
65900208,202603,23,2026-01-20,4.80
36749563,202601,39,2026-01-20,2.97
1094574324,202602,18,2026-01-20,2.00
52270441,202603,31,2026-01-20,4.92
1057908600,202603,20,2026-01-20,0.17
1056857568,202603,15,2026-01-20,3.68
1081620104,202601,32,2026-01-20,1.10
70473878,202602,30,2026-01-20,2.15
52385917,202601,8,2026-01-20,1.59
98045764,202603,13,2026-01-20,1.88
1008745347,202603,34,2026-01-20,0.95
1075850555,202602,2,2026-01-20,2.13
1000221029,202601,45,2026-01-20,3.64
36707543,202603,14,2026-01-20,0.91
95566876,202603,30,2026-01-20,4.85
59822375,202603,25,2026-01-20,1.44
1074301274,202602,10,2026-01-20,0.60
1094618577,202602,32,2026-01-20,1.58
1070549705,202602,49,2026-01-20,4.79
1069509942,202602,45,2026-01-20,3.42
1042783686,202602,45,2026-01-20,4.73
33238292,202602,11,2026-01-20,4.43
1000323430,202602,22,2026-01-20,3.38
40346170,202601,42,2026-01-20,1.68
43394296,202602,23,2026-01-20,0.11
1002775277,202601,37,2026-01-20,0.27
55006550,202601,17,2026-01-20,4.50
1016607595,202602,5,2026-01-20,2.37
67914350,202602,39,2026-01-20,1.30
1073290315,202603,25,2026-01-20,3.14
43961475,202601,34,2026-01-20,2.53
1054635619,202603,36,2026-01-20,0.57
1069459393,202602,13,2026-01-20,2.10
1068804394,202603,12,2026-01-20,1.49
58465359,202602,48,2026-01-20,0.95
1028299198,202601,37,2026-01-20,1.73
1013104630,202601,47,2026-01-20,0.87
1023578217,202603,4,2026-01-20,4.40
93954049,202602,10,2026-01-20,2.71
1098272703,202603,12,2026-01-20,1.90
1074679918,202601,10,2026-01-20,3.02
32345651,202601,6,2026-01-20,4.97
62665644,202602,26,2026-01-20,0.55
78686017,202602,28,2026-01-20,0.11
98987809,202602,19,2026-01-20,4.92
82030324,202601,21,2026-01-20,4.17
1079992972,202602,49,2026-01-20,3.40
83356329,202602,31,2026-01-20,3.82
89800718,202601,4,2026-01-20,1.64
1014462687,202601,3,2026-01-20,0.30
1020324358,202603,34,2026-01-20,3.21
1022518339,202601,35,2026-01-20,2.22
79497849,202601,38,2026-01-20,3.95
59666586,202601,26,2026-01-20,0.16
41207315,202602,37,2026-01-20,0.36
1062432288,202603,3,2026-01-20,3.41
1074166810,202602,17,2026-01-20,0.34
1081162539,202603,7,2026-01-20,2.68
43113754,202601,25,2026-01-20,3.27
1035969383,202603,36,2026-01-20,2.02
34904073,202603,45,2026-01-20,3.12
41144018,202603,12,2026-01-20,4.27
82421063,202602,31,2026-01-20,4.81
1062570128,202602,5,2026-01-20,1.83
1089789896,202603,50,2026-01-20,3.90
39353726,202602,13,2026-01-20,3.27
96351297,202601,9,2026-01-20,3.41
1042951490,202601,7,2026-01-20,1.66
1015924894,202602,43,2026-01-20,4.71
1070416605,202601,47,2026-01-20,2.13
1014531020,202603,36,2026-01-20,0.91
1007019538,202601,5,2026-01-20,4.01
1091211272,202603,13,2026-01-20,1.93
63509202,202601,19,2026-01-20,2.78
1024934590,202603,35,2026-01-20,4.85
67840188,202602,5,2026-01-20,2.42
1068439075,202601,1,2026-01-20,1.78
1022458891,202603,15,2026-01-20,1.45
54873600,202602,26,2026-01-20,4.56
90962093,202603,26,2026-01-20,4.43
1022458891,202601,34,2026-01-20,2.19
1054283750,202601,28,2026-01-20,0.65
1066651045,202601,19,2026-01-20,1.62
1059407615,202601,43,2026-01-20,3.60
93487466,202603,48,2026-01-20,2.18
1020705807,202603,21,2026-01-20,2.25
1004649926,202601,9,2026-01-20,1.22
1077947288,202601,36,2026-01-20,4.91
76301903,202601,39,2026-01-20,1.07
1058357856,202602,23,2026-01-20,1.80
1048237577,202602,17,2026-01-20,2.63
40626415,202602,30,2026-01-20,4.69
34195201,202601,4,2026-01-20,1.15
1073684088,202602,1,2026-01-20,0.66
36431924,202603,38,2026-01-20,2.83
80699602,202601,11,2026-01-20,1.71
1054006050,202603,1,2026-01-20,3.77
46141742,202603,1,2026-01-20,3.33
96990394,202601,39,2026-01-20,4.00
1069845779,202601,2,2026-01-20,3.12
1095177360,202603,21,2026-01-20,4.76
55431613,202601,14,2026-01-20,4.23
50577171,202601,31,2026-01-20,1.31
36493251,202602,22,2026-01-20,4.53
1025490223,202602,41,2026-01-20,1.74
76511274,202602,44,2026-01-20,3.83
1017821581,202603,9,2026-01-20,4.34
1017979744,202603,7,2026-01-20,0.15
1081558869,202602,14,2026-01-20,1.86
1010913086,202603,25,2026-01-20,0.80
93809540,202601,43,2026-01-20,1.10
1075807469,202601,1,2026-01-20,4.99
1037522854,202603,43,2026-01-20,4.76
1050371525,202601,13,2026-01-20,2.62
85611238,202601,22,2026-01-20,0.28
1089303445,202601,18,2026-01-20,2.46
1006509194,202602,19,2026-01-20,2.01
32043948,202601,25,2026-01-20,3.77
90942656,202601,50,2026-01-20,3.38
1008542387,202601,21,2026-01-20,1.88
1043772907,202603,45,2026-01-20,0.25
78220843,202601,21,2026-01-20,1.57
1083143613,202602,10,2026-01-20,4.84
62665644,202601,1,2026-01-20,1.78
62837923,202603,44,2026-01-20,1.80
55123142,202603,12,2026-01-20,1.10
1039743604,202602,28,2026-01-20,4.24
95196062,202601,17,2026-01-20,0.90
81812105,202603,42,2026-01-20,2.35
1014561849,202601,9,2026-01-20,1.94
1022803792,202603,39,2026-01-20,1.18
72715537,202602,31,2026-01-20,0.32
42529259,202602,34,2026-01-20,2.19
61239129,202601,38,2026-01-20,0.56
1055431005,202603,49,2026-01-20,4.55
55798556,202603,42,2026-01-20,1.25
1035315892,202601,12,2026-01-20,3.06
32588483,202602,14,2026-01-20,3.67
1011303448,202602,7,2026-01-20,4.13
1055316551,202601,33,2026-01-20,4.18
57026931,202603,37,2026-01-20,4.31
69545877,202602,12,2026-01-20,3.77
1091017052,202603,25,2026-01-20,3.83
64648758,202602,29,2026-01-20,1.61
1070416605,202601,40,2026-01-20,3.29
1053680053,202602,44,2026-01-20,4.78
1013027986,202602,22,2026-01-20,2.05
53808479,202602,9,2026-01-20,2.51
64343656,202601,8,2026-01-20,1.10
1008207166,202601,2,2026-01-20,1.51
83317638,202602,39,2026-01-20,0.77
62665644,202602,38,2026-01-20,3.08
90877908,202602,15,2026-01-20,0.91
63671964,202601,24,2026-01-20,3.25
54298582,202603,13,2026-01-20,1.60
46765905,202602,16,2026-01-20,4.78
1017545591,202601,36,2026-01-20,2.61
63909751,202603,11,2026-01-20,2.82
32378262,202602,5,2026-01-20,2.76
86390631,202601,47,2026-01-20,1.39
1085023356,202601,10,2026-01-20,3.64
34184458,202602,2,2026-01-20,3.88
53857808,202601,4,2026-01-20,2.73
50432548,202602,14,2026-01-20,3.71
97689312,202601,2,2026-01-20,2.05
1026690249,202601,1,2026-01-20,0.29
1067061193,202601,31,2026-01-20,2.06
43961475,202602,30,2026-01-20,1.15
1096688043,202602,26,2026-01-20,4.14
32672433,202601,50,2026-01-20,2.75
1014373714,202602,6,2026-01-20,1.58
1034195954,202602,12,2026-01-20,1.31
39285171,202603,13,2026-01-20,0.45
88265238,202603,44,2026-01-20,4.23
75104235,202603,46,2026-01-20,1.02
31526175,202603,33,2026-01-20,4.36
50472504,202601,34,2026-01-20,4.72
1026551422,202603,7,2026-01-20,1.64
1015960966,202602,6,2026-01-20,3.70
64614689,202601,33,2026-01-20,0.62
1003424185,202602,34,2026-01-20,2.19
96498665,202602,47,2026-01-20,3.01
46339111,202603,32,2026-01-20,3.91
93052006,202602,4,2026-01-20,0.94
33394953,202601,33,2026-01-20,4.36
1041430202,202603,18,2026-01-20,4.98
47387355,202601,36,2026-01-20,0.07
56108478,202601,9,2026-01-20,0.54
85626678,202603,29,2026-01-20,4.04
1096034104,202602,14,2026-01-20,2.28
1027281838,202602,29,2026-01-20,2.80
69639430,202602,5,2026-01-20,3.54
86094219,202603,31,2026-01-20,0.37
45341097,202602,40,2026-01-20,1.83
1040453682,202603,9,2026-01-20,3.48
83519015,202603,20,2026-01-20,1.31
97517789,202603,27,2026-01-20,0.09
1074492944,202602,40,2026-01-20,0.30
1092245854,202603,35,2026-01-20,0.03
1000231173,202603,20,2026-01-20,4.33
36707543,202601,13,2026-01-20,2.27
97453136,202601,7,2026-01-20,0.38
1063988660,202601,43,2026-01-20,2.76
1080633471,202603,22,2026-01-20,3.20
91776081,202601,44,2026-01-20,0.22
1082224499,202601,15,2026-01-20,2.21
46470394,202602,46,2026-01-20,4.79
70429370,202601,2,2026-01-20,1.12
97647099,202602,30,2026-01-20,0.40
1039958147,202602,39,2026-01-20,2.49
38328989,202603,44,2026-01-20,2.26
44092597,202602,21,2026-01-20,0.76
87957864,202602,4,2026-01-20,4.46
47479210,202602,3,2026-01-20,0.46
95196062,202602,18,2026-01-20,1.25
62654607,202601,44,2026-01-20,0.45
82434584,202603,14,2026-01-20,1.74
1030287042,202601,22,2026-01-20,0.67
1013027986,202603,25,2026-01-20,4.28
1024249633,202601,30,2026-01-20,0.25
1041497086,202602,13,2026-01-20,0.86
63621844,202602,23,2026-01-20,4.07
1096066686,202601,14,2026-01-20,0.78
1008542387,202603,11,2026-01-20,4.99
42800371,202603,19,2026-01-20,0.36
1022443997,202602,9,2026-01-20,0.17
65367855,202601,19,2026-01-20,1.76
55479075,202601,38,2026-01-20,2.73
1093201338,202601,40,2026-01-20,4.26
1058469078,202601,33,2026-01-20,4.07
48457124,202601,24,2026-01-20,0.77
53935382,202602,27,2026-01-20,2.90
75653548,202603,19,2026-01-20,0.21
97354362,202603,48,2026-01-20,1.39
32345651,202602,42,2026-01-20,4.98
1011223904,202602,16,2026-01-20,3.02
1062494705,202602,39,2026-01-20,3.08
58981481,202602,14,2026-01-20,4.20
1089620285,202602,1,2026-01-20,2.27
1033112973,202603,50,2026-01-20,4.03
93004933,202602,8,2026-01-20,3.17
1043627168,202601,9,2026-01-20,2.40
1076291251,202603,42,2026-01-20,0.00
1062305353,202601,27,2026-01-20,3.89
1008972603,202602,40,2026-01-20,0.70
76947526,202601,27,2026-01-20,0.41
1040808977,202602,1,2026-01-20,3.89
84474702,202602,12,2026-01-20,2.35
76589706,202603,50,2026-01-20,5.00
1060341775,202603,29,2026-01-20,2.02
1070418521,202601,29,2026-01-20,1.51
37504110,202601,30,2026-01-20,0.51
57631307,202601,22,2026-01-20,0.03
1053237849,202601,12,2026-01-20,3.50
95183427,202602,18,2026-01-20,0.61
1084004136,202603,38,2026-01-20,3.98
45877626,202603,50,2026-01-20,1.88
73107866,202602,6,2026-01-20,4.76
90580198,202603,17,2026-01-20,3.71
1052638417,202601,7,2026-01-20,1.33
1066254201,202603,10,2026-01-20,2.32
1006676900,202602,47,2026-01-20,0.77
69585647,202601,18,2026-01-20,1.49
1028473744,202603,26,2026-01-20,0.59
92972821,202601,13,2026-01-20,1.78
1015934812,202602,26,2026-01-20,1.67
57125787,202601,23,2026-01-20,3.88
1070197579,202602,44,2026-01-20,2.97
51244434,202602,6,2026-01-20,0.91
46765905,202601,23,2026-01-20,1.40
1014499972,202603,23,2026-01-20,3.60
43394296,202603,39,2026-01-20,4.03
67210609,202603,50,2026-01-20,1.61
1092044824,202603,20,2026-01-20,0.62
59405820,202603,17,2026-01-20,3.75
95558748,202601,10,2026-01-20,3.97
1008674657,202603,35,2026-01-20,4.18
59169686,202603,15,2026-01-20,1.28
50130513,202603,3,2026-01-20,1.70
1033499696,202603,36,2026-01-20,4.82
72097380,202601,34,2026-01-20,3.92
1063631276,202603,27,2026-01-20,1.20
65367855,202602,9,2026-01-20,3.20
56980985,202602,34,2026-01-20,3.65
1066266169,202602,33,2026-01-20,1.51
37374460,202601,3,2026-01-20,3.49
1079500739,202601,34,2026-01-20,1.65
73261056,202601,36,2026-01-20,2.06
1005865166,202601,33,2026-01-20,2.77
1094160842,202603,3,2026-01-20,1.57
98261504,202601,15,2026-01-20,3.87
63380141,202603,28,2026-01-20,3.66
85677294,202601,38,2026-01-20,4.75
60122446,202601,11,2026-01-20,2.22
1061074521,202602,28,2026-01-20,4.82
1014153323,202603,32,2026-01-20,2.24
80355249,202601,18,2026-01-20,1.34
1039966927,202603,43,2026-01-20,4.94
97116961,202603,40,2026-01-20,0.09
38785034,202603,28,2026-01-20,4.76
44591606,202602,39,2026-01-20,2.62
70042714,202602,9,2026-01-20,2.44
1093399997,202603,26,2026-01-20,1.17
67992873,202601,46,2026-01-20,4.53
1062443829,202603,14,2026-01-20,3.83
50891270,202601,47,2026-01-20,3.10
77992280,202601,22,2026-01-20,4.71
42529259,202603,9,2026-01-20,1.14
1095198415,202603,14,2026-01-20,0.64
1075620440,202603,1,2026-01-20,2.83
1076560650,202603,50,2026-01-20,3.43
58374463,202603,7,2026-01-20,4.92
1053504813,202603,47,2026-01-20,4.01
1092478936,202602,29,2026-01-20,4.44
1001281674,202603,37,2026-01-20,2.26
1033409033,202602,38,2026-01-20,0.10
87705710,202601,48,2026-01-20,4.01
1029853383,202601,23,2026-01-20,4.59
95196062,202601,48,2026-01-20,4.90
1065175277,202603,9,2026-01-20,1.90
55375247,202603,9,2026-01-20,3.12
74590975,202603,47,2026-01-20,4.06
1024249633,202601,18,2026-01-20,1.99
1001013682,202603,15,2026-01-20,4.26
30528867,202601,38,2026-01-20,1.08
1018053731,202602,30,2026-01-20,3.51
45430373,202603,12,2026-01-20,3.37
1040073726,202601,48,2026-01-20,0.92
1027213465,202601,22,2026-01-20,4.38
1017557197,202601,17,2026-01-20,3.45
71664164,202601,42,2026-01-20,3.30
1026481235,202603,23,2026-01-20,4.00
1067107342,202601,21,2026-01-20,4.66
52690425,202602,46,2026-01-20,2.79
80031278,202603,18,2026-01-20,3.61
60872709,202602,6,2026-01-20,0.40
59755790,202602,45,2026-01-20,1.87
49912182,202603,5,2026-01-20,2.19
97164941,202602,47,2026-01-20,0.98
1037305254,202602,13,2026-01-20,2.58
1021763469,202602,50,2026-01-20,3.92
1048254071,202603,30,2026-01-20,4.27
1043627168,202601,13,2026-01-20,1.04
1085326966,202602,50,2026-01-20,1.61
61932511,202602,7,2026-01-20,1.04
1082472153,202601,48,2026-01-20,4.21
1089620285,202602,9,2026-01-20,2.84
90441489,202601,46,2026-01-20,1.44
1079500739,202601,9,2026-01-20,4.26
32874659,202603,41,2026-01-20,0.39
1017698663,202603,14,2026-01-20,3.96
68010648,202602,49,2026-01-20,4.96
1032848593,202603,6,2026-01-20,3.53
56391543,202601,45,2026-01-20,1.10
82402628,202602,20,2026-01-20,2.22
1065940008,202601,7,2026-01-20,3.14
76169277,202601,26,2026-01-20,2.63
1092478936,202602,40,2026-01-20,4.43
53794736,202601,45,2026-01-20,1.90
75957568,202601,39,2026-01-20,0.30
1036051675,202602,21,2026-01-20,3.68
92301592,202603,12,2026-01-20,4.95
1009065913,202601,37,2026-01-20,2.83
1095703108,202601,27,2026-01-20,4.51
78015228,202601,10,2026-01-20,0.93
34135447,202601,29,2026-01-20,1.64
1069459393,202602,20,2026-01-20,2.65
1097178454,202603,29,2026-01-20,3.48
86043827,202601,12,2026-01-20,4.32
98280770,202602,47,2026-01-20,3.31
1018573894,202602,5,2026-01-20,3.46
51938996,202602,4,2026-01-20,2.47
34354492,202603,48,2026-01-20,2.55
1015609202,202601,12,2026-01-20,0.21
33750280,202602,44,2026-01-20,4.17
1079282932,202603,6,2026-01-20,1.01
50286559,202603,22,2026-01-20,2.15
1060035787,202601,42,2026-01-20,1.20
1073266851,202602,2,2026-01-20,2.31
1046223183,202602,21,2026-01-20,1.29
51567481,202602,16,2026-01-20,1.03
1085913988,202603,30,2026-01-20,0.99
32798289,202601,44,2026-01-20,2.09
97072496,202602,39,2026-01-20,2.79
1067068049,202601,39,2026-01-20,2.13
1098915116,202603,29,2026-01-20,2.66
1036051675,202602,41,2026-01-20,1.25
1055488599,202602,22,2026-01-20,3.14
65546278,202603,13,2026-01-20,2.16
73833801,202601,13,2026-01-20,0.43
1065740989,202601,6,2026-01-20,4.00
1079308768,202603,44,2026-01-20,2.98
1013330523,202602,33,2026-01-20,1.77
77310778,202602,27,2026-01-20,3.52
1091043319,202602,13,2026-01-20,2.79
77729303,202602,15,2026-01-20,4.97
74145190,202603,35,2026-01-20,4.33
1054006050,202603,48,2026-01-20,2.84
30931149,202603,29,2026-01-20,4.72
1069503038,202602,14,2026-01-20,3.32
62654827,202603,25,2026-01-20,0.85
67562681,202602,30,2026-01-20,1.02
62161817,202603,41,2026-01-20,1.02
31044264,202603,11,2026-01-20,4.76
1033561293,202603,13,2026-01-20,0.20
75175900,202602,15,2026-01-20,2.51
80380416,202602,26,2026-01-20,4.19
63790996,202601,34,2026-01-20,3.55
36122321,202602,16,2026-01-20,4.51
58328778,202603,20,2026-01-20,1.81
73735771,202603,15,2026-01-20,3.41
1074192108,202603,1,2026-01-20,3.89
94526026,202603,27,2026-01-20,1.44
73208542,202603,19,2026-01-20,3.91
92754237,202601,28,2026-01-20,0.47
1020657383,202602,43,2026-01-20,4.87
64962733,202601,17,2026-01-20,0.81
95206438,202602,18,2026-01-20,2.63
98831315,202603,30,2026-01-20,4.40
1048725795,202602,50,2026-01-20,3.83
47030622,202601,11,2026-01-20,4.65
51841416,202603,19,2026-01-20,3.44
1068163915,202602,30,2026-01-20,4.46
64551192,202601,27,2026-01-20,0.62
90841881,202603,9,2026-01-20,0.74
1026100199,202603,2,2026-01-20,3.79
41928501,202601,43,2026-01-20,2.09
1069503038,202603,43,2026-01-20,1.40
1045636335,202603,42,2026-01-20,1.13
1057372629,202603,27,2026-01-20,0.28
74259539,202602,11,2026-01-20,4.16
1034529567,202602,42,2026-01-20,1.67
46651732,202602,4,2026-01-20,3.31
71522041,202601,9,2026-01-20,3.00
1038487718,202602,48,2026-01-20,0.53
1015309191,202603,8,2026-01-20,4.94
1058022084,202603,4,2026-01-20,2.89
90918291,202601,20,2026-01-20,3.87
1082079125,202601,27,2026-01-20,0.38
81174416,202601,44,2026-01-20,4.25
75703422,202602,48,2026-01-20,2.70
1019412792,202602,22,2026-01-20,0.96
36462346,202601,46,2026-01-20,3.10
1001411392,202603,36,2026-01-20,3.92
69786220,202602,4,2026-01-20,0.40
1004501244,202603,39,2026-01-20,3.95
80942083,202603,3,2026-01-20,1.13
1019881425,202603,43,2026-01-20,2.96
1078372329,202601,41,2026-01-20,3.82
1031865104,202602,5,2026-01-20,4.33
1010260497,202601,46,2026-01-20,4.77
1026100199,202603,8,2026-01-20,3.76
1035539726,202601,43,2026-01-20,0.91
43719485,202601,28,2026-01-20,4.70
90441489,202601,34,2026-01-20,3.38
1023086168,202602,41,2026-01-20,3.95
1050706500,202602,25,2026-01-20,2.09
61616078,202602,50,2026-01-20,2.73
31097076,202603,26,2026-01-20,4.43
60839818,202603,9,2026-01-20,2.26
1021715709,202601,40,2026-01-20,3.46
92773944,202603,14,2026-01-20,1.63
1092227653,202602,16,2026-01-20,2.35
1029278748,202601,42,2026-01-20,0.64
1060204862,202602,30,2026-01-20,1.71
32755635,202602,50,2026-01-20,2.13
37479988,202603,46,2026-01-20,0.89
1091333458,202602,17,2026-01-20,0.75
43760553,202603,30,2026-01-20,1.96
48428936,202602,3,2026-01-20,4.88
54962751,202602,30,2026-01-20,2.21
73920335,202602,34,2026-01-20,3.71
71664164,202603,11,2026-01-20,1.57
85816939,202603,1,2026-01-20,4.04
49202206,202602,6,2026-01-20,1.35
1016697844,202603,28,2026-01-20,4.33
68921501,202603,32,2026-01-20,3.94
45466865,202602,5,2026-01-20,4.13
50201838,202601,19,2026-01-20,0.87
76589706,202603,48,2026-01-20,2.64
1055703970,202601,22,2026-01-20,2.99
55479075,202602,44,2026-01-20,3.47
90420408,202603,19,2026-01-20,1.78
1021237999,202602,46,2026-01-20,1.54
1007386943,202602,3,2026-01-20,0.02
1086347620,202603,6,2026-01-20,3.60
67279049,202602,40,2026-01-20,3.30
1092245854,202603,9,2026-01-20,0.88
1027170642,202603,38,2026-01-20,0.81
92037653,202602,48,2026-01-20,0.79
96351297,202601,7,2026-01-20,4.72
54962751,202602,12,2026-01-20,4.23
48864855,202603,6,2026-01-20,2.42
1080309212,202602,44,2026-01-20,1.34
1011082700,202603,12,2026-01-20,4.61
1058022084,202603,33,2026-01-20,1.12
1092245854,202603,34,2026-01-20,4.92
1026230592,202601,36,2026-01-20,4.22
1005284977,202602,5,2026-01-20,3.17
63563348,202601,19,2026-01-20,3.73
1028756467,202601,20,2026-01-20,0.05
1054487268,202601,47,2026-01-20,0.52
71157929,202601,43,2026-01-20,0.29
35073995,202602,43,2026-01-20,2.98
73480835,202602,46,2026-01-20,4.57
1040491430,202601,26,2026-01-20,0.45
1080290776,202601,18,2026-01-20,2.86
97973695,202603,49,2026-01-20,0.79
92380611,202603,2,2026-01-20,2.70
1034861979,202601,42,2026-01-20,0.07
54873600,202602,22,2026-01-20,1.16
65030125,202602,49,2026-01-20,0.81
1047536393,202603,17,2026-01-20,3.03
1046980959,202601,39,2026-01-20,0.92
32863847,202603,20,2026-01-20,0.52
66823257,202603,47,2026-01-20,1.82
84810036,202602,33,2026-01-20,1.75
40626415,202601,6,2026-01-20,2.21
99185781,202602,38,2026-01-20,0.55
1096688043,202603,45,2026-01-20,3.91
42811025,202602,10,2026-01-20,0.06
1063791456,202603,8,2026-01-20,1.27
32755635,202601,29,2026-01-20,0.59
1065754044,202601,27,2026-01-20,3.77
1074509929,202602,9,2026-01-20,0.08
32874659,202602,45,2026-01-20,4.40
1068234835,202601,15,2026-01-20,1.20
1031932622,202603,19,2026-01-20,1.89
1076429853,202603,6,2026-01-20,4.76
1035969383,202602,4,2026-01-20,1.36
99519021,202601,25,2026-01-20,2.87
1074509929,202603,32,2026-01-20,0.49
1055286234,202601,23,2026-01-20,3.44
1077915263,202602,24,2026-01-20,3.12
69095020,202601,6,2026-01-20,4.28
98229758,202603,29,2026-01-20,2.46
30251704,202603,9,2026-01-20,1.18
1082062498,202601,16,2026-01-20,3.53
1040637362,202603,41,2026-01-20,3.67
1084987411,202603,38,2026-01-20,2.65
82940416,202601,40,2026-01-20,0.97
1081709001,202602,7,2026-01-20,2.15
1018341888,202601,40,2026-01-20,3.26
65513005,202602,13,2026-01-20,4.25
1031795545,202602,22,2026-01-20,4.36
82826845,202601,40,2026-01-20,1.41
1062128987,202601,36,2026-01-20,2.85
1037309806,202602,16,2026-01-20,4.09
81857271,202601,42,2026-01-20,2.30
1091946881,202603,15,2026-01-20,2.66
1022803792,202603,20,2026-01-20,4.84
89992101,202603,26,2026-01-20,2.18
1061352431,202602,35,2026-01-20,4.08
1086776477,202603,15,2026-01-20,1.98
1042026671,202601,48,2026-01-20,4.43
60051248,202602,35,2026-01-20,1.81
40992656,202601,23,2026-01-20,3.70
63618849,202601,40,2026-01-20,2.71
68189015,202602,4,2026-01-20,4.71
1096819001,202603,19,2026-01-20,2.85
63908786,202602,35,2026-01-20,4.05
1006294447,202601,35,2026-01-20,3.14
87629280,202603,38,2026-01-20,2.99
1046235272,202601,41,2026-01-20,2.36
1050058736,202601,46,2026-01-20,0.82
72426783,202602,44,2026-01-20,3.68
63247072,202601,41,2026-01-20,0.41
73033563,202603,21,2026-01-20,2.41
46416629,202603,30,2026-01-20,3.88
73183706,202601,25,2026-01-20,4.57
1030217074,202603,45,2026-01-20,3.72
71697638,202601,25,2026-01-20,1.86
1045273800,202601,24,2026-01-20,0.58
1013536421,202602,6,2026-01-20,1.03
1089938929,202602,4,2026-01-20,3.98
1021939834,202601,32,2026-01-20,4.47
1063139777,202602,1,2026-01-20,1.37
75526373,202601,11,2026-01-20,4.13
67914350,202603,12,2026-01-20,3.26
1013536421,202603,42,2026-01-20,2.45
1037309806,202602,25,2026-01-20,4.49
1017698663,202601,47,2026-01-20,2.06
95001004,202601,34,2026-01-20,1.79
77692950,202603,33,2026-01-20,0.57
36462346,202601,38,2026-01-20,2.69
93004933,202601,19,2026-01-20,2.44
46339111,202603,11,2026-01-20,4.10
1010470165,202603,26,2026-01-20,2.31
75653548,202601,40,2026-01-20,1.25
1031917009,202603,14,2026-01-20,2.91
1094403505,202603,23,2026-01-20,4.04
92581414,202601,34,2026-01-20,0.59
98291484,202603,24,2026-01-20,2.82
1042813441,202601,4,2026-01-20,3.10
1083667130,202603,13,2026-01-20,4.87
58981481,202603,37,2026-01-20,2.17
1026100199,202602,47,2026-01-20,0.74
55985844,202602,37,2026-01-20,2.64
1005252896,202602,17,2026-01-20,1.55
75207350,202603,8,2026-01-20,0.76
1003989065,202602,40,2026-01-20,3.89
98958958,202602,23,2026-01-20,1.08
1045587213,202601,25,2026-01-20,4.17
1081162539,202603,1,2026-01-20,0.39
1069549588,202601,50,2026-01-20,2.25
1084449619,202602,22,2026-01-20,1.54
1024830205,202602,45,2026-01-20,2.14
1019412792,202601,39,2026-01-20,1.61
50698077,202602,10,2026-01-20,0.67
1095058743,202601,36,2026-01-20,0.64
1052038221,202601,36,2026-01-20,1.87
65041172,202601,15,2026-01-20,0.08
56269126,202603,15,2026-01-20,3.71
57838841,202602,13,2026-01-20,0.41
48702918,202601,10,2026-01-20,0.48
43113754,202602,40,2026-01-20,2.35
90707229,202603,38,2026-01-20,0.03
77729303,202601,22,2026-01-20,1.76
66802730,202601,18,2026-01-20,3.92
1053819959,202603,28,2026-01-20,2.08
1018190109,202601,22,2026-01-20,0.90
1030033369,202603,27,2026-01-20,2.74
1047192784,202601,19,2026-01-20,0.88
70641925,202601,15,2026-01-20,4.83
52714676,202601,46,2026-01-20,3.51
1002210660,202603,38,2026-01-20,1.12
71431138,202602,19,2026-01-20,2.62
1047636461,202602,46,2026-01-20,2.04
1018522870,202603,22,2026-01-20,4.99
50106554,202603,46,2026-01-20,0.48
1028568813,202602,4,2026-01-20,4.24
1098272703,202602,35,2026-01-20,2.95
1027349081,202601,1,2026-01-20,3.27
62516781,202603,49,2026-01-20,1.53
1012903821,202603,2,2026-01-20,1.38
1061381983,202603,19,2026-01-20,0.45
1014820282,202601,39,2026-01-20,4.85
1012888963,202603,6,2026-01-20,4.01
57520706,202601,8,2026-01-20,3.15
1087522730,202601,18,2026-01-20,1.85
39953020,202603,15,2026-01-20,0.73
1043344423,202602,10,2026-01-20,0.70
69737231,202601,20,2026-01-20,2.98
46719142,202603,11,2026-01-20,1.84
1036669627,202602,8,2026-01-20,3.10
1028838304,202603,22,2026-01-20,1.35
38806725,202603,45,2026-01-20,0.73
71053983,202603,36,2026-01-20,1.01
1002974300,202602,38,2026-01-20,1.43
73183706,202603,49,2026-01-20,0.74
1057869181,202602,27,2026-01-20,0.41
1036669627,202602,27,2026-01-20,4.67
1097516509,202601,19,2026-01-20,3.11
1051150626,202601,42,2026-01-20,1.06
1061231308,202601,49,2026-01-20,3.97
47083516,202603,42,2026-01-20,2.99
1076232666,202601,11,2026-01-20,4.82
95923482,202603,32,2026-01-20,0.26
1066416180,202602,29,2026-01-20,3.36
66605251,202601,7,2026-01-20,4.54
1065740989,202601,17,2026-01-20,2.19
1020555187,202603,15,2026-01-20,4.21
1048595120,202602,2,2026-01-20,3.77
72362140,202601,9,2026-01-20,1.78
1056191849,202602,44,2026-01-20,1.49
1057908600,202601,4,2026-01-20,1.71
1059301641,202601,22,2026-01-20,2.55
57269385,202601,42,2026-01-20,3.21
45593539,202601,45,2026-01-20,3.41
1076201466,202603,34,2026-01-20,2.72
1076201466,202603,46,2026-01-20,4.36
73601441,202601,22,2026-01-20,3.06
1039934091,202603,25,2026-01-20,0.14
1054769288,202603,40,2026-01-20,1.37
44674152,202601,38,2026-01-20,4.63
1075551901,202603,50,2026-01-20,0.86
89280311,202603,42,2026-01-20,3.40
60693986,202603,17,2026-01-20,1.62
75175900,202602,49,2026-01-20,4.26
65367855,202603,22,2026-01-20,4.14
43961475,202602,12,2026-01-20,1.97
62944946,202601,45,2026-01-20,4.54
68568066,202602,9,2026-01-20,0.07
1092341533,202601,39,2026-01-20,4.24
1014059502,202601,49,2026-01-20,3.96
33815192,202601,26,2026-01-20,2.75
1092119995,202602,35,2026-01-20,1.65
69551101,202601,30,2026-01-20,0.90
76828783,202602,41,2026-01-20,3.80
1021237999,202603,21,2026-01-20,3.84
35380072,202601,17,2026-01-20,2.83
54762361,202601,40,2026-01-20,2.92
1069149773,202603,25,2026-01-20,3.05
1055431005,202601,38,2026-01-20,2.63
52095803,202603,40,2026-01-20,2.20
1087526333,202601,25,2026-01-20,0.83
1056122941,202603,24,2026-01-20,2.86
60592015,202603,45,2026-01-20,1.47
1030287042,202603,2,2026-01-20,3.78
58328778,202601,24,2026-01-20,0.50
1092119995,202601,32,2026-01-20,0.51
90703282,202602,25,2026-01-20,3.50
1092119995,202603,21,2026-01-20,2.28
1092414965,202603,32,2026-01-20,0.49
84984556,202603,49,2026-01-20,2.63
70991318,202601,7,2026-01-20,1.30
58506081,202602,13,2026-01-20,2.28
80355249,202601,21,2026-01-20,1.47
31313386,202603,22,2026-01-20,2.70
1033409033,202603,11,2026-01-20,0.10
46141742,202602,3,2026-01-20,0.72
49319271,202601,39,2026-01-20,2.37
87957864,202603,34,2026-01-20,2.50
85677294,202603,23,2026-01-20,4.22
86554568,202601,20,2026-01-20,0.76
1068139231,202601,7,2026-01-20,4.60
95351628,202601,38,2026-01-20,1.64
1020804309,202603,47,2026-01-20,4.84
1029525128,202602,39,2026-01-20,3.11
47464773,202602,1,2026-01-20,0.99
1048421953,202601,23,2026-01-20,1.77
60073573,202601,20,2026-01-20,3.67
99650592,202601,32,2026-01-20,1.79
47183952,202602,28,2026-01-20,4.68
68793299,202602,16,2026-01-20,3.39
34679212,202603,31,2026-01-20,4.70
76948743,202603,36,2026-01-20,0.59
49438162,202601,36,2026-01-20,1.23
1050371525,202603,47,2026-01-20,2.08
83345661,202601,41,2026-01-20,1.21
1042925168,202601,45,2026-01-20,1.52
1013250610,202602,4,2026-01-20,3.19
91106002,202603,40,2026-01-20,3.12
1084304491,202602,15,2026-01-20,4.34
47580621,202601,32,2026-01-20,1.09
37292745,202601,18,2026-01-20,3.23
34684181,202601,44,2026-01-20,1.31
57026931,202602,1,2026-01-20,0.25
32165161,202601,28,2026-01-20,1.80
1031553355,202602,23,2026-01-20,3.48
56314291,202601,3,2026-01-20,3.63
43095682,202602,11,2026-01-20,3.83
42396474,202602,50,2026-01-20,2.11
1015609202,202602,41,2026-01-20,4.82
59350382,202602,19,2026-01-20,4.02
85716687,202601,39,2026-01-20,3.53
1035492612,202603,47,2026-01-20,4.73
1069163803,202602,50,2026-01-20,1.11
1090805711,202603,27,2026-01-20,0.41
38422839,202603,29,2026-01-20,2.84
1066266169,202603,44,2026-01-20,4.11
1069680920,202603,32,2026-01-20,4.67
1069680920,202602,7,2026-01-20,0.74
84984556,202601,30,2026-01-20,0.37
55742810,202602,18,2026-01-20,0.42
1033498238,202603,48,2026-01-20,0.45
1068743853,202601,18,2026-01-20,0.71
1009507932,202601,44,2026-01-20,1.62
1089303445,202603,6,2026-01-20,3.36
1095787081,202602,29,2026-01-20,2.82
76169277,202601,32,2026-01-20,2.38
1016958820,202603,47,2026-01-20,1.94
34823692,202601,10,2026-01-20,0.64
1042675764,202601,31,2026-01-20,4.78
1075367160,202602,35,2026-01-20,3.96
42071246,202601,25,2026-01-20,1.17
95609088,202601,42,2026-01-20,1.96
89118651,202603,24,2026-01-20,1.07
35325797,202602,39,2026-01-20,2.34
1006023533,202602,18,2026-01-20,2.01
1083694039,202602,29,2026-01-20,0.76
1080633471,202601,25,2026-01-20,2.54
67348444,202601,30,2026-01-20,1.18
1083688163,202602,39,2026-01-20,0.15
66605251,202601,40,2026-01-20,2.27
35806751,202601,1,2026-01-20,0.69
1017545591,202602,13,2026-01-20,3.76
64430320,202601,48,2026-01-20,0.63
1033732042,202603,9,2026-01-20,2.39
68304668,202603,46,2026-01-20,2.22
1018293032,202602,39,2026-01-20,0.74
89689716,202602,26,2026-01-20,1.04
1097124806,202601,25,2026-01-20,3.52
1060514179,202603,21,2026-01-20,0.07
1064363111,202602,47,2026-01-20,4.54
1016077382,202602,19,2026-01-20,3.42
85611238,202603,25,2026-01-20,4.46
1009065913,202603,8,2026-01-20,3.30
1000950902,202603,6,2026-01-20,3.15
1088518387,202603,48,2026-01-20,4.29
36290263,202603,50,2026-01-20,3.07
1064166460,202602,5,2026-01-20,1.52
67835197,202601,13,2026-01-20,1.96
1004649926,202602,33,2026-01-20,3.53
1038637506,202603,33,2026-01-20,1.20
1054426916,202603,17,2026-01-20,2.82
1002047778,202602,19,2026-01-20,4.35
37916742,202603,48,2026-01-20,3.58
1065754044,202603,25,2026-01-20,0.07
1089938929,202601,11,2026-01-20,3.13
1098915116,202601,11,2026-01-20,1.26
42446143,202601,26,2026-01-20,2.38
42071246,202603,38,2026-01-20,2.68
35325797,202601,3,2026-01-20,2.46
67992873,202601,20,2026-01-20,1.71
42821137,202602,12,2026-01-20,1.81
99266679,202603,31,2026-01-20,3.97
1056259919,202601,25,2026-01-20,1.48
1027585485,202603,42,2026-01-20,1.45
32905364,202601,10,2026-01-20,0.91
1002120812,202602,5,2026-01-20,0.67
1029641959,202602,29,2026-01-20,2.86
1060249080,202603,19,2026-01-20,2.19
1074174161,202601,39,2026-01-20,3.65
1065754029,202602,26,2026-01-20,0.24
1014870267,202603,50,2026-01-20,3.88
1056372211,202603,34,2026-01-20,3.19
1025227220,202602,35,2026-01-20,0.12
1063787846,202601,48,2026-01-20,0.63
49035236,202601,33,2026-01-20,5.00
76246987,202601,10,2026-01-20,2.49
97353471,202602,9,2026-01-20,1.28
30698623,202603,34,2026-01-20,3.93
1049024561,202602,24,2026-01-20,4.99
1006464295,202602,4,2026-01-20,1.54
86043649,202602,15,2026-01-20,3.88
84810036,202601,39,2026-01-20,3.15
35942335,202601,14,2026-01-20,4.88
1086806384,202602,48,2026-01-20,2.91
33394953,202602,37,2026-01-20,2.92
1015813288,202602,37,2026-01-20,2.51
1074052982,202601,44,2026-01-20,3.86
65087609,202601,3,2026-01-20,2.41
38820929,202603,37,2026-01-20,0.91
1002120812,202603,36,2026-01-20,3.09
39692568,202603,39,2026-01-20,1.82
1001862108,202601,17,2026-01-20,2.77
32715285,202602,45,2026-01-20,3.85
31097076,202602,34,2026-01-20,1.74
97559868,202602,46,2026-01-20,4.16
1014853855,202601,41,2026-01-20,2.62
1043814033,202603,35,2026-01-20,0.51
48864855,202601,13,2026-01-20,2.62
1038327151,202602,5,2026-01-20,1.17
1063598820,202602,16,2026-01-20,0.62
32165161,202601,12,2026-01-20,2.56
1013003173,202601,14,2026-01-20,1.68
69585647,202601,31,2026-01-20,4.99
1096416754,202602,45,2026-01-20,0.82
1065478684,202602,3,2026-01-20,4.61
30138080,202603,32,2026-01-20,0.96
1091641011,202602,36,2026-01-20,3.95
73183706,202602,22,2026-01-20,1.60
49372736,202601,47,2026-01-20,4.27
75516369,202601,37,2026-01-20,0.67
80212972,202603,6,2026-01-20,4.92
1039698377,202601,17,2026-01-20,1.89
90929817,202601,41,2026-01-20,3.56
54996836,202602,48,2026-01-20,3.18
62019102,202602,6,2026-01-20,0.83
64081271,202602,36,2026-01-20,4.45
1029983218,202602,18,2026-01-20,4.60
1002120812,202601,32,2026-01-20,4.59
1015309191,202603,4,2026-01-20,1.59
75299319,202603,10,2026-01-20,2.33
1047784051,202603,42,2026-01-20,3.18
97812410,202601,45,2026-01-20,0.50
1082062498,202601,15,2026-01-20,3.02
1095037746,202601,14,2026-01-20,0.88
1002906642,202601,44,2026-01-20,0.70
67278608,202601,5,2026-01-20,3.95
1027365641,202602,22,2026-01-20,4.51
94784238,202602,39,2026-01-20,4.03
1053586230,202603,47,2026-01-20,0.62
1079500739,202601,50,2026-01-20,4.84
97164941,202602,18,2026-01-20,2.57
1041947697,202601,32,2026-01-20,4.47
1058382121,202603,13,2026-01-20,2.38
77612525,202601,7,2026-01-20,1.31
46507012,202601,40,2026-01-20,3.48
84250587,202603,2,2026-01-20,4.10
1073198077,202603,32,2026-01-20,1.43
95029802,202601,28,2026-01-20,4.76
82158631,202603,48,2026-01-20,4.59
1054006050,202602,40,2026-01-20,1.92
46719142,202603,43,2026-01-20,0.80
1094574324,202602,2,2026-01-20,1.55
89089350,202601,33,2026-01-20,0.17
93362860,202601,18,2026-01-20,3.08
96555804,202603,4,2026-01-20,0.46
98145554,202602,41,2026-01-20,0.63
83198703,202601,7,2026-01-20,3.76
1097350487,202603,33,2026-01-20,3.93
1035282235,202601,19,2026-01-20,2.19
92314981,202603,28,2026-01-20,2.48
1047536393,202601,22,2026-01-20,0.33
1055595952,202601,27,2026-01-20,4.13
1082777317,202601,46,2026-01-20,4.00
99088826,202603,45,2026-01-20,1.30
90154849,202602,22,2026-01-20,2.87
1010325669,202603,2,2026-01-20,3.30
56905064,202601,22,2026-01-20,4.03
48702918,202601,40,2026-01-20,3.21
97828906,202601,8,2026-01-20,4.14
1077947288,202602,23,2026-01-20,0.68
54842802,202602,31,2026-01-20,0.67
63798600,202603,47,2026-01-20,4.88
1076291251,202603,24,2026-01-20,0.66
34056635,202603,14,2026-01-20,2.76
1005865166,202603,25,2026-01-20,1.28
1080423959,202603,4,2026-01-20,2.97
61168503,202602,16,2026-01-20,2.24
1018430835,202601,5,2026-01-20,0.02
48088095,202603,46,2026-01-20,3.63
1065071550,202601,15,2026-01-20,1.13
80942083,202601,12,2026-01-20,1.59
1051436689,202603,48,2026-01-20,4.98
1071786786,202601,37,2026-01-20,0.17
1025417416,202603,43,2026-01-20,2.65
94525935,202603,7,2026-01-20,4.85
1074903638,202603,45,2026-01-20,0.41
1060366477,202601,44,2026-01-20,1.53
1022518339,202603,22,2026-01-20,2.85
1082062498,202603,33,2026-01-20,5.00
1064499049,202603,13,2026-01-20,2.31
53067488,202603,33,2026-01-20,1.96
36588466,202602,36,2026-01-20,1.76
1096688043,202602,4,2026-01-20,1.58
46727815,202603,43,2026-01-20,4.03
38109517,202601,32,2026-01-20,0.68
1051974481,202603,9,2026-01-20,3.94
1023639213,202601,4,2026-01-20,1.15
1091017052,202602,22,2026-01-20,3.67
1098276683,202603,10,2026-01-20,4.20
46266893,202601,47,2026-01-20,3.15
1036726494,202603,33,2026-01-20,4.38
1023728611,202603,21,2026-01-20,3.51
1011124932,202602,21,2026-01-20,1.12
1050426980,202603,23,2026-01-20,1.49
87233022,202602,5,2026-01-20,1.71
86043649,202601,27,2026-01-20,1.28
99791030,202601,45,2026-01-20,2.09
1091946881,202603,6,2026-01-20,3.10
1031481835,202601,11,2026-01-20,1.08
33657479,202602,23,2026-01-20,4.36
79807561,202601,39,2026-01-20,3.81
1062511209,202602,45,2026-01-20,4.49
63878754,202603,34,2026-01-20,2.04
55665422,202603,33,2026-01-20,4.41
1074507356,202603,37,2026-01-20,2.29
73765362,202601,32,2026-01-20,4.26
1079500739,202602,13,2026-01-20,2.19
84629872,202602,38,2026-01-20,0.81
72863382,202602,7,2026-01-20,1.71
75225951,202603,31,2026-01-20,1.58
1022469014,202601,16,2026-01-20,2.99
61318067,202603,38,2026-01-20,3.01
1085798794,202603,29,2026-01-20,1.75
32165161,202601,30,2026-01-20,3.86
1051472219,202602,35,2026-01-20,3.19
80243240,202603,11,2026-01-20,2.72
1066578975,202603,3,2026-01-20,2.04
1083454767,202601,10,2026-01-20,0.39
1003824685,202601,19,2026-01-20,4.48
1024019538,202603,15,2026-01-20,3.44
1002775277,202603,6,2026-01-20,4.14
33174027,202602,10,2026-01-20,4.83
44304488,202601,27,2026-01-20,0.11
1004022639,202601,18,2026-01-20,0.84
1027934596,202602,11,2026-01-20,2.37
1088184168,202603,14,2026-01-20,1.00
46344567,202601,20,2026-01-20,3.57
1036695023,202603,6,2026-01-20,3.94
38920725,202601,12,2026-01-20,1.18
45636319,202601,28,2026-01-20,2.19
90829058,202602,18,2026-01-20,0.65
1082541961,202603,10,2026-01-20,3.10
1069428899,202601,15,2026-01-20,2.96
1093339887,202601,20,2026-01-20,0.96
45798099,202603,45,2026-01-20,4.34
1066086632,202601,40,2026-01-20,2.32
1044149811,202602,50,2026-01-20,1.57
1059266650,202601,9,2026-01-20,2.29
63936632,202602,14,2026-01-20,3.50
62291111,202601,45,2026-01-20,4.30
83962987,202602,8,2026-01-20,2.85
95609088,202601,24,2026-01-20,4.35
57520706,202603,26,2026-01-20,2.23
30964416,202603,32,2026-01-20,3.33
84262896,202603,44,2026-01-20,4.93
66782177,202601,12,2026-01-20,2.40
61281118,202602,15,2026-01-20,3.31
1022469014,202603,6,2026-01-20,1.82
47464773,202601,48,2026-01-20,2.24
1082541961,202602,30,2026-01-20,2.51
1084465573,202602,32,2026-01-20,0.26
1039057234,202602,10,2026-01-20,3.26
84540515,202603,9,2026-01-20,3.26
42635132,202602,28,2026-01-20,3.13
40431226,202601,13,2026-01-20,3.76
32905364,202602,44,2026-01-20,4.72
60429658,202602,15,2026-01-20,3.67
35942335,202601,34,2026-01-20,3.76
92972821,202602,7,2026-01-20,4.60
90715641,202602,9,2026-01-20,4.24
57520706,202602,2,2026-01-20,2.37
96449670,202602,8,2026-01-20,1.13
30138080,202601,2,2026-01-20,1.30
1028634280,202602,47,2026-01-20,3.84
1008275999,202602,25,2026-01-20,4.39
55742810,202601,48,2026-01-20,4.75
35950098,202603,46,2026-01-20,2.10
1027448668,202602,4,2026-01-20,0.75
1060917828,202601,42,2026-01-20,0.88
60766498,202601,48,2026-01-20,4.69
75262049,202601,7,2026-01-20,2.03
59891189,202603,34,2026-01-20,0.36
1097284635,202602,45,2026-01-20,2.56
1088920800,202602,28,2026-01-20,0.92
76509278,202603,36,2026-01-20,2.16
63908786,202603,12,2026-01-20,0.80
1066333102,202602,45,2026-01-20,4.27
1040808977,202603,22,2026-01-20,4.67
1069029481,202603,26,2026-01-20,4.27
33969978,202603,16,2026-01-20,0.27
52095803,202602,25,2026-01-20,4.72
1077969516,202602,47,2026-01-20,3.49
33996103,202603,32,2026-01-20,0.55
37972327,202603,10,2026-01-20,4.40
1001659933,202602,42,2026-01-20,1.35
81154638,202603,30,2026-01-20,3.16
1049338130,202603,18,2026-01-20,4.16
1041139961,202601,45,2026-01-20,2.39
1012180694,202603,42,2026-01-20,2.01
32579152,202601,32,2026-01-20,0.51
94526026,202603,5,2026-01-20,2.55
58258991,202603,22,2026-01-20,1.65
85916620,202603,41,2026-01-20,0.84
92581414,202603,5,2026-01-20,2.66
1063988660,202601,24,2026-01-20,2.04
41903996,202602,17,2026-01-20,2.20
41490796,202602,2,2026-01-20,2.63
63878754,202601,27,2026-01-20,4.60
1035128832,202603,12,2026-01-20,3.06
38820929,202603,43,2026-01-20,3.06
61773243,202602,44,2026-01-20,0.43
45467499,202601,16,2026-01-20,2.85
1021930906,202601,39,2026-01-20,1.91
98601766,202603,43,2026-01-20,4.31
1039052893,202601,17,2026-01-20,3.18
45037555,202603,8,2026-01-20,4.65
82228900,202602,19,2026-01-20,1.07
75516369,202603,12,2026-01-20,4.66
73761880,202602,7,2026-01-20,0.85
1015997290,202601,36,2026-01-20,2.95
1056996706,202603,22,2026-01-20,1.46
60693986,202602,40,2026-01-20,0.72
1026840068,202603,36,2026-01-20,1.09
95183427,202601,2,2026-01-20,4.20
1003267007,202601,1,2026-01-20,1.00
84629872,202602,8,2026-01-20,0.17
1076861679,202602,1,2026-01-20,2.50
1060551250,202602,2,2026-01-20,1.69
73098678,202601,23,2026-01-20,0.44
80920316,202602,49,2026-01-20,2.63
43961475,202601,49,2026-01-20,1.02
1019922382,202602,28,2026-01-20,3.83
1014232530,202603,5,2026-01-20,3.48
88999789,202601,42,2026-01-20,2.98
1044085115,202603,45,2026-01-20,2.07
48708594,202602,6,2026-01-20,2.76
51567481,202603,36,2026-01-20,4.44
56029402,202601,5,2026-01-20,3.22
1065112872,202601,12,2026-01-20,2.37
54641907,202602,17,2026-01-20,0.15
58743392,202603,30,2026-01-20,3.01
31437368,202603,20,2026-01-20,0.34
36042779,202602,8,2026-01-20,1.66
43430711,202603,15,2026-01-20,3.01
1027365641,202601,31,2026-01-20,2.01
1070642957,202601,33,2026-01-20,3.78
58532166,202602,47,2026-01-20,0.65
1083127399,202601,26,2026-01-20,3.91
65239212,202603,49,2026-01-20,0.01
74097578,202603,49,2026-01-20,2.20
1026762399,202601,4,2026-01-20,2.98
71682229,202602,37,2026-01-20,1.02
71932043,202602,29,2026-01-20,2.32
1062305353,202603,16,2026-01-20,0.94
1037021200,202602,26,2026-01-20,0.06
79447936,202601,15,2026-01-20,4.67
51841416,202603,12,2026-01-20,4.74
90962093,202601,13,2026-01-20,2.27
60051248,202602,28,2026-01-20,4.00
82104971,202602,12,2026-01-20,3.52
1086779733,202603,13,2026-01-20,0.97
38394009,202602,20,2026-01-20,2.25
66621914,202603,19,2026-01-20,4.93
1088414260,202601,32,2026-01-20,4.51
78295076,202601,17,2026-01-20,0.66
92691732,202601,46,2026-01-20,3.86
68267024,202601,2,2026-01-20,0.68
32798289,202601,7,2026-01-20,2.07
1025520303,202603,30,2026-01-20,1.48
64647131,202603,19,2026-01-20,2.76
70429370,202602,7,2026-01-20,2.31
56633635,202603,22,2026-01-20,3.38
1046933273,202603,17,2026-01-20,4.66
1092593211,202602,34,2026-01-20,2.80
65790509,202603,4,2026-01-20,1.17
1055635406,202601,30,2026-01-20,2.63
1013876318,202602,45,2026-01-20,4.92
1012903821,202603,35,2026-01-20,0.05
94416849,202601,50,2026-01-20,3.42
77612525,202602,49,2026-01-20,3.52
62894079,202603,8,2026-01-20,1.70
56269126,202603,11,2026-01-20,0.19
1017821581,202602,44,2026-01-20,0.09
1006246705,202602,46,2026-01-20,0.48
1000221029,202603,11,2026-01-20,0.15
65490617,202603,29,2026-01-20,0.24
88430931,202603,18,2026-01-20,1.33
63621844,202603,46,2026-01-20,0.43
30828739,202601,10,2026-01-20,1.30
60219015,202603,43,2026-01-20,2.27
1010077500,202603,27,2026-01-20,0.22
1020332904,202602,24,2026-01-20,2.90
95829872,202602,35,2026-01-20,2.24
1093339887,202602,13,2026-01-20,2.39
1020432196,202602,44,2026-01-20,2.42
40097460,202601,43,2026-01-20,2.97
1044587105,202602,9,2026-01-20,3.48
38785034,202601,45,2026-01-20,0.07
42355421,202601,43,2026-01-20,4.38
41649322,202601,38,2026-01-20,2.26
48601507,202603,7,2026-01-20,1.53
78659497,202601,25,2026-01-20,3.93
37455678,202602,48,2026-01-20,4.11
69991877,202603,50,2026-01-20,4.99
1032080849,202601,40,2026-01-20,1.57
1044029518,202603,34,2026-01-20,1.18
1085726034,202601,42,2026-01-20,4.62
80699602,202602,35,2026-01-20,1.86
1031991676,202601,2,2026-01-20,0.78
1039102445,202602,33,2026-01-20,4.53
60266928,202601,33,2026-01-20,1.38
1092744830,202603,47,2026-01-20,1.10
44633608,202601,36,2026-01-20,4.43
42635132,202603,23,2026-01-20,1.30
1068365876,202603,21,2026-01-20,1.65
45430373,202602,19,2026-01-20,2.19
1000592322,202601,15,2026-01-20,3.09
1092648749,202602,7,2026-01-20,0.88
1061901057,202601,38,2026-01-20,4.48
60429658,202602,40,2026-01-20,3.95
70654490,202603,35,2026-01-20,0.50
74406391,202602,7,2026-01-20,2.97
92461949,202601,3,2026-01-20,1.58
1079992972,202603,42,2026-01-20,4.96
1058423682,202602,27,2026-01-20,2.80
1033112973,202602,5,2026-01-20,0.02
1017213293,202601,13,2026-01-20,0.52
81410689,202602,43,2026-01-20,0.67
1086110255,202602,10,2026-01-20,1.35
55479619,202601,40,2026-01-20,4.02
72849707,202602,12,2026-01-20,2.87
1062130916,202602,9,2026-01-20,2.49
1069549588,202601,46,2026-01-20,2.20
59441364,202601,50,2026-01-20,3.48
47845892,202602,1,2026-01-20,1.28
1041695092,202602,20,2026-01-20,0.84
47166528,202602,33,2026-01-20,2.05
93116551,202601,48,2026-01-20,3.18
33813487,202601,40,2026-01-20,0.63
1027506774,202601,10,2026-01-20,4.90
1087016857,202602,3,2026-01-20,1.24
1006820458,202602,32,2026-01-20,0.08
59513844,202601,19,2026-01-20,4.72
57397261,202603,37,2026-01-20,3.54
45466865,202601,32,2026-01-20,0.95
1047250065,202602,6,2026-01-20,0.49
1074492944,202603,1,2026-01-20,1.07
1096470457,202603,18,2026-01-20,2.69
79497849,202601,14,2026-01-20,2.97
1068712432,202601,16,2026-01-20,4.47
1031276506,202603,8,2026-01-20,2.91
1036788242,202601,17,2026-01-20,1.05
37768666,202603,16,2026-01-20,1.36
1054929496,202603,9,2026-01-20,4.80
57497280,202603,9,2026-01-20,3.39
99519021,202601,2,2026-01-20,2.08
84540515,202603,44,2026-01-20,2.12
1050107527,202603,19,2026-01-20,4.29
1022603959,202602,25,2026-01-20,3.58
1008816273,202601,22,2026-01-20,1.51
1002635667,202601,10,2026-01-20,2.62
1000221029,202602,49,2026-01-20,1.07
59755790,202601,3,2026-01-20,1.75
83985115,202603,20,2026-01-20,0.77
1081615727,202601,42,2026-01-20,4.30
79770013,202602,32,2026-01-20,3.22
1074815344,202601,30,2026-01-20,3.06
1092085854,202602,11,2026-01-20,3.29
37276797,202601,20,2026-01-20,3.07
63883911,202602,3,2026-01-20,4.85
45310943,202603,46,2026-01-20,4.69
36965332,202601,30,2026-01-20,1.42
39540378,202602,47,2026-01-20,3.32
1088962926,202601,27,2026-01-20,2.49
50260233,202602,12,2026-01-20,2.88
75703422,202601,9,2026-01-20,3.36
1089303445,202601,45,2026-01-20,2.43
43527258,202601,21,2026-01-20,1.43
89280311,202601,9,2026-01-20,4.61
45911048,202602,30,2026-01-20,0.57
53137872,202601,47,2026-01-20,4.26
1013326293,202603,34,2026-01-20,3.33
54249806,202601,27,2026-01-20,2.72
1030033369,202602,21,2026-01-20,2.28
1024984950,202602,22,2026-01-20,1.03
1087634470,202602,33,2026-01-20,2.27
1091368579,202603,25,2026-01-20,4.80
85771487,202602,50,2026-01-20,0.32
51390752,202603,7,2026-01-20,4.52
1075802881,202602,22,2026-01-20,2.96
98831315,202603,21,2026-01-20,2.12
88570169,202602,42,2026-01-20,3.23
1010247391,202602,31,2026-01-20,3.47
64592731,202601,4,2026-01-20,1.04
96564448,202602,41,2026-01-20,1.42
37660676,202602,39,2026-01-20,0.39
56080424,202601,39,2026-01-20,0.67
1080633471,202601,14,2026-01-20,1.39
90420408,202603,8,2026-01-20,3.40
1094023671,202601,6,2026-01-20,2.69
1003656811,202603,13,2026-01-20,4.17
1057832302,202601,13,2026-01-20,1.99
99055500,202601,40,2026-01-20,3.07
1069428899,202603,13,2026-01-20,2.96
70858674,202602,2,2026-01-20,3.38
1014232530,202602,8,2026-01-20,1.84
1031795545,202603,18,2026-01-20,3.44
72362140,202603,17,2026-01-20,0.14
1059125341,202603,36,2026-01-20,2.31
1058643809,202603,46,2026-01-20,2.89
54962751,202602,11,2026-01-20,0.28
1003952163,202603,19,2026-01-20,2.91
68304668,202603,41,2026-01-20,2.95
39953020,202601,3,2026-01-20,2.00
1022047547,202601,29,2026-01-20,1.65
1030011885,202603,27,2026-01-20,4.36
97116961,202603,11,2026-01-20,3.66
1088518387,202601,31,2026-01-20,0.32
61898071,202601,18,2026-01-20,2.67
36691456,202602,7,2026-01-20,0.81
86376774,202603,22,2026-01-20,3.08
1058022084,202602,34,2026-01-20,3.80
1042553817,202602,20,2026-01-20,1.74
37354048,202601,13,2026-01-20,3.84
1013308658,202601,29,2026-01-20,1.82
76460888,202601,9,2026-01-20,4.51
31161057,202601,42,2026-01-20,0.98
1098272703,202603,29,2026-01-20,1.31
1076509674,202603,36,2026-01-20,0.19
1067172956,202603,16,2026-01-20,4.11
69155895,202601,48,2026-01-20,4.79
63621844,202603,30,2026-01-20,3.73
92282202,202601,4,2026-01-20,1.34
1062305353,202602,16,2026-01-20,1.55
1017623557,202603,13,2026-01-20,1.71
92637707,202602,46,2026-01-20,4.35
93646509,202602,40,2026-01-20,0.96
74600493,202601,12,2026-01-20,3.94
1071845264,202602,16,2026-01-20,1.03
64452514,202602,17,2026-01-20,1.90
99361815,202601,8,2026-01-20,0.21
41575349,202602,41,2026-01-20,0.16
32715285,202603,6,2026-01-20,1.75
62019102,202601,13,2026-01-20,1.67
1093768378,202603,43,2026-01-20,0.48
1037309806,202602,45,2026-01-20,3.53
1007463129,202601,26,2026-01-20,2.93
1089308375,202602,41,2026-01-20,1.56
57771517,202603,22,2026-01-20,4.33
1091043319,202601,37,2026-01-20,0.79
55431613,202601,30,2026-01-20,0.51
1050214758,202603,7,2026-01-20,1.16
1055094339,202601,18,2026-01-20,3.54
1064166460,202601,23,2026-01-20,0.99
1026762399,202601,22,2026-01-20,2.06
33046098,202601,37,2026-01-20,3.00
67278608,202603,46,2026-01-20,1.26
92306323,202603,36,2026-01-20,4.32
78906363,202603,41,2026-01-20,2.14
1011518683,202603,44,2026-01-20,1.59
43157337,202602,4,2026-01-20,1.57
43649098,202601,5,2026-01-20,1.76
60328166,202601,25,2026-01-20,2.20
1000184696,202602,40,2026-01-20,1.86
1009026749,202601,44,2026-01-20,0.97
1037305254,202601,5,2026-01-20,3.07
34488113,202602,33,2026-01-20,0.17
1048132678,202603,11,2026-01-20,0.11
1054635619,202601,21,2026-01-20,2.71
71522041,202603,7,2026-01-20,1.70
1038053909,202602,24,2026-01-20,1.22
1082224499,202603,33,2026-01-20,1.54
68866462,202601,13,2026-01-20,0.89
1011303448,202602,36,2026-01-20,1.44
71522041,202601,42,2026-01-20,2.25
79548545,202603,6,2026-01-20,0.10
1032231859,202602,23,2026-01-20,2.61
1042553817,202601,36,2026-01-20,0.99
1022469014,202602,10,2026-01-20,4.24
39955273,202602,37,2026-01-20,2.12
1079497428,202603,23,2026-01-20,2.94
1066416180,202603,28,2026-01-20,3.75
1080423959,202601,19,2026-01-20,2.38
1053787901,202603,30,2026-01-20,1.90
1046163341,202602,47,2026-01-20,3.22
56029402,202601,47,2026-01-20,1.54
49572319,202602,26,2026-01-20,0.60
1066333102,202603,20,2026-01-20,3.44
1046890645,202601,50,2026-01-20,4.91
30607680,202601,38,2026-01-20,1.90
90841881,202602,35,2026-01-20,3.14
85009765,202601,22,2026-01-20,3.78
90550515,202601,23,2026-01-20,2.34
89746560,202603,46,2026-01-20,0.41
1030287042,202602,24,2026-01-20,1.98
1066004956,202602,21,2026-01-20,4.71
99019697,202603,34,2026-01-20,3.71
1028568813,202601,1,2026-01-20,0.07
53435900,202603,50,2026-01-20,0.48
1030087054,202602,33,2026-01-20,0.83
1017557197,202603,49,2026-01-20,1.33
66001675,202602,12,2026-01-20,1.58
1063049748,202602,2,2026-01-20,4.44
1032220372,202601,43,2026-01-20,3.22
1016469038,202602,44,2026-01-20,3.08
1087430593,202603,46,2026-01-20,4.26
33401312,202603,32,2026-01-20,3.50
1059990455,202601,43,2026-01-20,4.15
1068296294,202603,27,2026-01-20,3.36
1087522730,202603,21,2026-01-20,3.77
67994227,202601,36,2026-01-20,1.60
71157929,202603,23,2026-01-20,4.63
55648999,202601,48,2026-01-20,3.14
1010392420,202603,20,2026-01-20,4.00
87735138,202602,21,2026-01-20,1.77
1049842418,202603,44,2026-01-20,2.82
1037309806,202601,24,2026-01-20,4.89
1025669880,202602,35,2026-01-20,1.69
40026364,202603,18,2026-01-20,1.68
83443731,202601,17,2026-01-20,2.35
43760553,202602,13,2026-01-20,4.37
57731600,202603,20,2026-01-20,3.72
83143783,202603,30,2026-01-20,2.63
52105900,202601,43,2026-01-20,1.31
1002974300,202603,31,2026-01-20,2.75
1062432288,202601,6,2026-01-20,3.18
1020705807,202603,35,2026-01-20,0.78
1053680053,202601,26,2026-01-20,3.46
96555804,202603,27,2026-01-20,3.43
1073739789,202602,5,2026-01-20,1.41
82421063,202603,11,2026-01-20,1.07
1012105202,202602,20,2026-01-20,4.64
1091143356,202601,40,2026-01-20,4.43
76223261,202601,3,2026-01-20,4.94
48019522,202602,9,2026-01-20,4.89
74890455,202601,33,2026-01-20,3.79
73857298,202603,25,2026-01-20,3.46
57709800,202601,49,2026-01-20,1.89
44304488,202601,33,2026-01-20,4.57
1087778110,202603,25,2026-01-20,3.86
1001539905,202601,50,2026-01-20,3.90
1023431254,202602,37,2026-01-20,4.10
1075230692,202601,9,2026-01-20,3.24
34904073,202603,18,2026-01-20,4.50
1053427793,202603,16,2026-01-20,1.22
1086776477,202601,8,2026-01-20,2.37
1031554860,202602,43,2026-01-20,0.53
1040808977,202602,31,2026-01-20,4.44
42372493,202602,7,2026-01-20,0.71
43113754,202603,48,2026-01-20,3.30
90947377,202601,8,2026-01-20,0.36
45911048,202601,39,2026-01-20,2.82
1079983931,202602,37,2026-01-20,3.59
1084116025,202603,25,2026-01-20,2.70
1095255522,202601,48,2026-01-20,3.60
55805499,202602,29,2026-01-20,4.95
1008816273,202602,1,2026-01-20,4.62
1076429853,202601,22,2026-01-20,1.70
92037653,202603,9,2026-01-20,4.44
1011204937,202602,29,2026-01-20,4.29
72097380,202603,44,2026-01-20,1.05
76508682,202601,3,2026-01-20,2.78
1095058743,202603,1,2026-01-20,0.68
1057454908,202601,28,2026-01-20,3.54
1013868109,202602,7,2026-01-20,3.43
1059831750,202601,24,2026-01-20,4.51
1083800935,202603,49,2026-01-20,4.46
58908923,202602,31,2026-01-20,4.15
99205436,202603,5,2026-01-20,0.51
60872709,202601,11,2026-01-20,4.73
1028063293,202602,2,2026-01-20,0.85
1060035787,202603,43,2026-01-20,4.78
1075120994,202603,31,2026-01-20,1.46
1000221029,202601,13,2026-01-20,3.37
73010775,202601,23,2026-01-20,3.58
1017935369,202601,27,2026-01-20,0.28
54873600,202603,36,2026-01-20,5.00
1013368648,202602,44,2026-01-20,2.22
46847252,202603,26,2026-01-20,2.77
1065202975,202601,1,2026-01-20,4.38
1081558869,202603,5,2026-01-20,1.15
52209802,202603,2,2026-01-20,0.29
1078242391,202601,43,2026-01-20,1.29
1014499972,202602,18,2026-01-20,0.22
1065996048,202603,23,2026-01-20,2.82
52873611,202601,38,2026-01-20,4.59
1028443485,202601,25,2026-01-20,2.28
61932511,202602,36,2026-01-20,4.15
61153119,202603,2,2026-01-20,0.31
60693986,202602,4,2026-01-20,2.50
1081161290,202603,11,2026-01-20,1.88
78977320,202601,25,2026-01-20,4.77
1062086217,202602,47,2026-01-20,3.54
64045631,202601,11,2026-01-20,3.06
83025222,202601,7,2026-01-20,2.29
73701146,202603,2,2026-01-20,4.86
1096416754,202602,29,2026-01-20,2.54
1010925452,202603,1,2026-01-20,0.75
1020432196,202603,29,2026-01-20,1.57
1065754029,202601,32,2026-01-20,0.74
30931149,202602,50,2026-01-20,3.44
1041233250,202603,48,2026-01-20,1.73
73701146,202602,10,2026-01-20,2.88
1081548416,202603,32,2026-01-20,4.40
36122321,202601,13,2026-01-20,3.24
1090099972,202603,37,2026-01-20,3.57
1096688043,202601,25,2026-01-20,2.06
84977131,202602,38,2026-01-20,0.14
1026817029,202601,25,2026-01-20,2.77
1097747763,202602,37,2026-01-20,0.79
45571220,202603,2,2026-01-20,3.79
1063042503,202602,1,2026-01-20,3.78
1021625132,202602,13,2026-01-20,3.84
1060124746,202601,50,2026-01-20,0.02
1076347916,202603,49,2026-01-20,2.70
1005929938,202603,33,2026-01-20,3.59
60039893,202601,37,2026-01-20,2.47
1040491430,202603,34,2026-01-20,4.38
1042951490,202601,36,2026-01-20,2.04
95300092,202601,13,2026-01-20,3.50
1046933273,202603,24,2026-01-20,1.59
84474702,202602,7,2026-01-20,3.39
82705109,202601,36,2026-01-20,4.06
36431924,202601,34,2026-01-20,0.26
34816427,202602,39,2026-01-20,2.75
1048002473,202601,20,2026-01-20,0.69
30754217,202601,11,2026-01-20,1.97
94525935,202602,8,2026-01-20,2.65
1082777317,202602,23,2026-01-20,2.57
87393845,202601,19,2026-01-20,3.26
43961475,202603,9,2026-01-20,0.17
1000521066,202603,22,2026-01-20,1.85
1041139961,202601,44,2026-01-20,1.11
1065754029,202603,5,2026-01-20,1.80
36290993,202601,39,2026-01-20,0.32
46638345,202602,20,2026-01-20,3.49
92461949,202603,24,2026-01-20,0.31
1058508845,202603,35,2026-01-20,3.69
85171187,202601,22,2026-01-20,2.09
1082450177,202602,15,2026-01-20,3.23
1065740989,202603,39,2026-01-20,2.19
1005556646,202603,40,2026-01-20,0.63
73857298,202603,28,2026-01-20,3.93
98309654,202603,26,2026-01-20,3.69
60705170,202602,11,2026-01-20,2.52
1094574324,202601,25,2026-01-20,4.71
1005115998,202603,19,2026-01-20,0.21
1066333102,202603,7,2026-01-20,2.11
1034818949,202601,45,2026-01-20,2.04
52751278,202601,22,2026-01-20,2.73
69991877,202601,10,2026-01-20,2.31
1058469078,202601,48,2026-01-20,4.08
1068422006,202602,11,2026-01-20,3.55
46719142,202601,43,2026-01-20,4.88
1043344423,202601,30,2026-01-20,2.84
70325577,202603,4,2026-01-20,0.30
51369717,202602,36,2026-01-20,4.34
1041641748,202603,25,2026-01-20,0.17
1053427793,202603,47,2026-01-20,2.82
39955273,202603,36,2026-01-20,4.09
1049842418,202601,11,2026-01-20,4.91
74700536,202603,43,2026-01-20,2.21
1050858656,202603,6,2026-01-20,3.58
1006676900,202601,30,2026-01-20,4.08
51181553,202602,22,2026-01-20,0.90
91234350,202602,33,2026-01-20,0.18
95256192,202602,3,2026-01-20,0.85
1093689623,202602,20,2026-01-20,2.57
1067926618,202601,50,2026-01-20,1.51
77112326,202602,45,2026-01-20,1.13
1070761861,202602,48,2026-01-20,4.97
99913874,202602,42,2026-01-20,1.11
1053743664,202603,19,2026-01-20,4.16
1046191452,202603,16,2026-01-20,0.98
59809371,202601,39,2026-01-20,2.54
1023675089,202603,32,2026-01-20,1.51
67992873,202601,4,2026-01-20,0.94
93987346,202601,1,2026-01-20,2.82
1092044824,202601,41,2026-01-20,0.80
1040453682,202602,45,2026-01-20,1.42
65598875,202603,22,2026-01-20,4.05
83198703,202603,37,2026-01-20,2.35
44482005,202602,15,2026-01-20,2.46
87735535,202601,45,2026-01-20,4.95
1008703602,202603,47,2026-01-20,3.52
1048618777,202601,45,2026-01-20,1.62
85642765,202602,12,2026-01-20,4.88
1086956335,202601,48,2026-01-20,0.07
1001190021,202603,50,2026-01-20,1.70
62291111,202603,2,2026-01-20,3.38
93523443,202601,24,2026-01-20,3.88
1002120812,202601,37,2026-01-20,0.87
69991877,202602,38,2026-01-20,0.40
1060514179,202603,8,2026-01-20,4.75
94886564,202601,27,2026-01-20,3.42
40026364,202602,14,2026-01-20,3.76
1096688043,202602,46,2026-01-20,2.64
83985115,202601,14,2026-01-20,4.91
98817235,202603,32,2026-01-20,4.02
1062570128,202603,27,2026-01-20,3.30
1026878188,202601,50,2026-01-20,2.37
1086485437,202602,10,2026-01-20,3.11
58083218,202602,18,2026-01-20,3.73
54249806,202602,3,2026-01-20,4.14
1053079926,202601,35,2026-01-20,1.78
1091061607,202602,30,2026-01-20,4.23
1045338374,202603,49,2026-01-20,1.82
1091043319,202602,28,2026-01-20,2.34
62408844,202603,21,2026-01-20,1.75
35347200,202602,2,2026-01-20,0.50
1068163915,202603,3,2026-01-20,1.71
1002472909,202603,16,2026-01-20,0.10
63908786,202603,15,2026-01-20,2.87
1060249080,202602,5,2026-01-20,4.43
1096451524,202602,16,2026-01-20,0.73
84540515,202602,35,2026-01-20,4.46
82093418,202602,27,2026-01-20,4.96
70325577,202602,39,2026-01-20,3.75
79548545,202601,40,2026-01-20,0.61
67312238,202603,41,2026-01-20,1.73
1098345343,202603,43,2026-01-20,4.85
1036669627,202603,16,2026-01-20,1.02
57059330,202601,3,2026-01-20,4.04
53857808,202602,11,2026-01-20,0.63
46507012,202602,46,2026-01-20,3.24
1004654215,202602,34,2026-01-20,1.36
1057454908,202603,24,2026-01-20,3.51
44320241,202602,13,2026-01-20,3.32
1001280861,202603,17,2026-01-20,2.52
74590975,202601,9,2026-01-20,3.17
57047593,202602,45,2026-01-20,0.23
60429658,202603,8,2026-01-20,4.86
75516369,202602,46,2026-01-20,4.03
83814525,202603,27,2026-01-20,3.08
64614689,202603,45,2026-01-20,2.11
1057372629,202601,40,2026-01-20,2.91
30236291,202603,24,2026-01-20,4.20
38169601,202602,27,2026-01-20,2.25
1053819959,202602,9,2026-01-20,0.79
1093399997,202602,4,2026-01-20,0.47
46700126,202602,7,2026-01-20,0.43
71431138,202602,34,2026-01-20,2.96
35131374,202601,20,2026-01-20,4.33
1076291251,202603,33,2026-01-20,1.03
1088170452,202601,16,2026-01-20,3.72
1046127911,202601,50,2026-01-20,0.02
1046980959,202602,23,2026-01-20,3.12
1010077500,202602,7,2026-01-20,1.72
95797817,202602,9,2026-01-20,1.38
97828906,202602,10,2026-01-20,3.35
1069542208,202603,1,2026-01-20,2.58
59019219,202601,35,2026-01-20,4.67
1052565303,202601,29,2026-01-20,2.47
38785034,202602,30,2026-01-20,4.62
35073995,202601,43,2026-01-20,2.91
36905413,202603,26,2026-01-20,4.17
1086199306,202602,37,2026-01-20,3.70
1002569081,202602,15,2026-01-20,0.52
1040810953,202601,28,2026-01-20,1.00
1039529310,202603,31,2026-01-20,2.06
1022469014,202602,11,2026-01-20,0.06
1028443485,202603,30,2026-01-20,2.90
53207014,202601,7,2026-01-20,4.60
1081443469,202601,17,2026-01-20,1.03
1055316551,202601,11,2026-01-20,3.02
79799171,202603,41,2026-01-20,2.01
92278822,202603,47,2026-01-20,4.63
1013001711,202601,30,2026-01-20,0.60
1069459393,202601,43,2026-01-20,2.89
1079640711,202602,18,2026-01-20,4.18
54853938,202603,40,2026-01-20,0.68
1069576446,202603,34,2026-01-20,4.19
45593539,202601,26,2026-01-20,0.90
63621844,202602,25,2026-01-20,3.10
1013308658,202603,8,2026-01-20,2.83
60839818,202602,44,2026-01-20,1.52
1006246705,202601,5,2026-01-20,1.45
55648999,202601,28,2026-01-20,2.34
1027106362,202603,28,2026-01-20,3.01
32579152,202603,31,2026-01-20,0.24
57631307,202601,29,2026-01-20,0.83
1021013230,202601,9,2026-01-20,1.78
1030217074,202601,22,2026-01-20,2.93
86746839,202601,16,2026-01-20,0.14
68750997,202601,9,2026-01-20,4.96
1078660013,202601,36,2026-01-20,4.79
64614689,202603,29,2026-01-20,2.82
1051472219,202602,16,2026-01-20,3.04
1041947697,202602,44,2026-01-20,4.09
40992656,202602,36,2026-01-20,4.15
1012888963,202602,2,2026-01-20,0.75
61545332,202603,39,2026-01-20,1.67
1053237849,202602,33,2026-01-20,3.37
1031991676,202601,23,2026-01-20,0.82
33567434,202601,39,2026-01-20,3.38
91918871,202601,2,2026-01-20,0.61
38286055,202602,11,2026-01-20,0.24
99716740,202601,43,2026-01-20,4.51
1036845648,202602,35,2026-01-20,4.52
1029620914,202601,50,2026-01-20,4.00
37276797,202603,16,2026-01-20,1.28
1039139867,202601,33,2026-01-20,1.28
40121993,202602,42,2026-01-20,4.76
87635988,202602,27,2026-01-20,0.85
71697638,202603,6,2026-01-20,1.88
1073198077,202601,14,2026-01-20,4.44
90275419,202602,17,2026-01-20,1.24
1027252276,202603,35,2026-01-20,4.80
1004862355,202601,43,2026-01-20,3.75
1011518683,202601,40,2026-01-20,1.63
89088584,202603,11,2026-01-20,3.13
1010731637,202603,35,2026-01-20,1.87
44488173,202601,25,2026-01-20,1.33
1000184696,202601,6,2026-01-20,1.81
1094160842,202603,34,2026-01-20,4.54
75310377,202603,10,2026-01-20,0.59
1087824296,202602,8,2026-01-20,4.41
49912182,202602,23,2026-01-20,2.49
1095431662,202601,27,2026-01-20,2.86
44488173,202601,36,2026-01-20,0.39
1043299573,202603,23,2026-01-20,0.72
1048271703,202602,35,2026-01-20,3.52
63112736,202603,1,2026-01-20,1.71
71120450,202603,13,2026-01-20,0.24
44487394,202603,2,2026-01-20,3.19
66782177,202603,47,2026-01-20,0.20
35222911,202601,11,2026-01-20,4.07
1097366764,202602,1,2026-01-20,0.88
1032099762,202601,44,2026-01-20,3.07
1019325224,202601,11,2026-01-20,4.54
97973695,202601,21,2026-01-20,2.25
34679212,202603,8,2026-01-20,0.26
1050706500,202602,47,2026-01-20,1.32
1080423959,202602,50,2026-01-20,4.93
1020804309,202603,39,2026-01-20,2.82
64614689,202603,13,2026-01-20,2.77
1044085115,202601,18,2026-01-20,1.77
1002472909,202602,43,2026-01-20,0.64
1075514060,202603,26,2026-01-20,0.52
36431924,202603,28,2026-01-20,4.61
1036850419,202603,3,2026-01-20,1.03
38394009,202601,9,2026-01-20,3.75
65039259,202601,7,2026-01-20,1.85
58532166,202602,48,2026-01-20,3.33
1043449913,202602,38,2026-01-20,1.13
1069211066,202601,29,2026-01-20,2.52
1057606690,202602,4,2026-01-20,4.98
1051906138,202602,34,2026-01-20,1.28
73857298,202601,25,2026-01-20,2.44
1004052951,202601,2,2026-01-20,1.31
57243297,202601,25,2026-01-20,3.97
1035969383,202601,40,2026-01-20,3.67
1003613877,202602,44,2026-01-20,0.26
1087526333,202602,39,2026-01-20,3.58
79478682,202601,37,2026-01-20,1.52
32928985,202601,2,2026-01-20,3.35
65790509,202602,3,2026-01-20,0.15
1073587102,202602,44,2026-01-20,0.45
1076201466,202603,25,2026-01-20,0.86
1020119156,202603,31,2026-01-20,0.48
97116961,202603,32,2026-01-20,2.97
59741236,202602,6,2026-01-20,4.03
57369751,202603,43,2026-01-20,3.33
30782048,202602,8,2026-01-20,1.92
48702918,202601,11,2026-01-20,2.06
1098163197,202603,27,2026-01-20,0.38
1061527858,202603,25,2026-01-20,4.76
97819652,202602,9,2026-01-20,0.78
1021013230,202603,24,2026-01-20,1.15
46719142,202603,17,2026-01-20,3.78
1013942474,202603,36,2026-01-20,4.90
1008012232,202603,14,2026-01-20,3.45
1054026847,202601,50,2026-01-20,2.90
70858674,202603,20,2026-01-20,4.86
80243240,202602,46,2026-01-20,0.33
1056432083,202603,3,2026-01-20,2.37
1068365876,202603,40,2026-01-20,4.07
1005865166,202602,42,2026-01-20,1.53
1050662676,202601,30,2026-01-20,2.59
87084278,202601,6,2026-01-20,3.94
76223261,202601,11,2026-01-20,4.92
61898071,202603,42,2026-01-20,2.93
1039964704,202601,41,2026-01-20,4.55
1023924860,202601,11,2026-01-20,2.51
48795776,202602,11,2026-01-20,1.13
1068743853,202601,30,2026-01-20,2.73
1018686873,202603,45,2026-01-20,4.26
1001513693,202603,41,2026-01-20,2.55
65030125,202601,13,2026-01-20,3.37
1005595783,202602,4,2026-01-20,4.62
1095346269,202601,39,2026-01-20,1.75
55985844,202602,27,2026-01-20,2.08
1009747428,202601,30,2026-01-20,0.57
41241184,202603,46,2026-01-20,3.70
1066368012,202602,3,2026-01-20,0.50
1047203367,202601,17,2026-01-20,2.14
1085246412,202601,1,2026-01-20,4.09
1001539905,202601,19,2026-01-20,4.18
1092119995,202601,43,2026-01-20,1.62
56905064,202603,6,2026-01-20,3.01
1003151977,202602,26,2026-01-20,1.68
1009833083,202603,42,2026-01-20,4.60
38093424,202603,44,2026-01-20,4.94
74097578,202601,24,2026-01-20,4.15
1090751891,202603,1,2026-01-20,0.87
94886564,202602,7,2026-01-20,3.39
1088968227,202601,5,2026-01-20,2.48
1016958820,202603,11,2026-01-20,1.33
1076560650,202602,33,2026-01-20,2.95
64430320,202602,12,2026-01-20,3.64
67088772,202602,39,2026-01-20,1.14
1001513693,202602,9,2026-01-20,0.37
83775743,202602,27,2026-01-20,0.02
74685449,202602,35,2026-01-20,2.29
1009041127,202602,43,2026-01-20,2.41
1075551901,202603,40,2026-01-20,3.33
97973695,202602,20,2026-01-20,3.59
1001862108,202601,49,2026-01-20,0.07
1035282235,202603,7,2026-01-20,3.57
99755591,202602,25,2026-01-20,4.18
61142208,202603,19,2026-01-20,4.62
1076429853,202601,36,2026-01-20,0.02
1028299198,202603,26,2026-01-20,0.68
83143783,202601,49,2026-01-20,2.37
94886564,202602,38,2026-01-20,1.16
1037522854,202603,30,2026-01-20,3.40
1074492944,202601,27,2026-01-20,0.17
69870717,202602,50,2026-01-20,3.60
84015759,202602,38,2026-01-20,0.96
86673567,202603,8,2026-01-20,3.15
52577495,202602,50,2026-01-20,2.06
47444667,202602,7,2026-01-20,3.89
1093689623,202602,34,2026-01-20,2.54
1083454767,202602,45,2026-01-20,1.47
69585647,202602,20,2026-01-20,3.95
96394944,202602,47,2026-01-20,3.77
1092245854,202603,25,2026-01-20,4.77
86120010,202601,44,2026-01-20,4.00
1088826901,202603,44,2026-01-20,1.40
60073573,202602,9,2026-01-20,1.01
1069459393,202601,40,2026-01-20,0.90
1081333337,202601,33,2026-01-20,4.71
76581391,202602,47,2026-01-20,1.26
1095787081,202602,28,2026-01-20,1.36
1071811292,202603,35,2026-01-20,4.54
1085489099,202603,15,2026-01-20,1.51
33792355,202601,28,2026-01-20,1.14
73639450,202601,1,2026-01-20,3.25
92050345,202602,50,2026-01-20,1.10
73491042,202602,19,2026-01-20,4.19
78263689,202603,22,2026-01-20,4.06
1013326293,202603,8,2026-01-20,3.28
32874659,202602,14,2026-01-20,4.64
90367102,202603,36,2026-01-20,2.13
1031553355,202603,1,2026-01-20,4.00
67562681,202603,19,2026-01-20,0.99
32740014,202602,5,2026-01-20,1.12
1040258541,202603,23,2026-01-20,0.98
1001609645,202603,42,2026-01-20,3.81
52105900,202602,12,2026-01-20,2.39
45466865,202601,2,2026-01-20,0.60
84581832,202602,35,2026-01-20,3.22
1061725933,202602,45,2026-01-20,3.69
1002472909,202601,27,2026-01-20,3.00
1054736697,202601,47,2026-01-20,1.83
1061725933,202602,22,2026-01-20,4.24
60122446,202603,1,2026-01-20,4.43
1095611617,202602,37,2026-01-20,2.55
1042925168,202601,33,2026-01-20,4.15
62510204,202603,37,2026-01-20,1.46
1097284635,202602,9,2026-01-20,0.77
62469443,202603,49,2026-01-20,4.59
1053724209,202603,17,2026-01-20,2.85
1093689623,202601,8,2026-01-20,0.56
1013942474,202602,2,2026-01-20,1.86
1069414540,202602,2,2026-01-20,0.54
97318818,202602,27,2026-01-20,1.87
33750280,202602,5,2026-01-20,3.42
1098527201,202603,17,2026-01-20,4.27
1017213293,202603,34,2026-01-20,4.15
98946655,202603,30,2026-01-20,0.27
42041667,202601,41,2026-01-20,1.78
48601507,202602,49,2026-01-20,0.04
1093689623,202602,13,2026-01-20,4.72
92380611,202601,27,2026-01-20,1.26
1088962926,202602,31,2026-01-20,2.44
38422839,202601,32,2026-01-20,0.03
1044222991,202602,46,2026-01-20,0.43
1031932622,202601,34,2026-01-20,0.44
1013250610,202601,1,2026-01-20,2.45
91106002,202602,12,2026-01-20,2.22
34359633,202603,23,2026-01-20,0.99
1069459393,202601,33,2026-01-20,1.75
1020657383,202603,26,2026-01-20,4.69
94784238,202603,15,2026-01-20,2.90
63261843,202601,49,2026-01-20,2.96
1063787846,202602,47,2026-01-20,3.15
37276797,202603,4,2026-01-20,4.40
93775117,202603,9,2026-01-20,2.74
1080309212,202601,37,2026-01-20,4.67
1068422006,202601,12,2026-01-20,4.55
1005865166,202601,18,2026-01-20,1.27
60602699,202603,17,2026-01-20,1.57
63106084,202601,2,2026-01-20,1.90
1039743604,202601,38,2026-01-20,0.93
1086269497,202601,14,2026-01-20,1.48
42800371,202601,43,2026-01-20,3.36
79160768,202602,11,2026-01-20,0.83
1036531208,202601,14,2026-01-20,2.42
39953020,202602,10,2026-01-20,2.83
96942407,202601,26,2026-01-20,0.91
43760553,202602,39,2026-01-20,4.63
90398238,202603,46,2026-01-20,3.41
1066432471,202602,50,2026-01-20,0.17
73098678,202603,23,2026-01-20,0.91
1013001711,202602,37,2026-01-20,2.54
36493251,202602,9,2026-01-20,2.59
1067664062,202603,28,2026-01-20,4.51
1032231859,202603,3,2026-01-20,4.90
85922620,202601,44,2026-01-20,3.30
1008275999,202602,13,2026-01-20,4.77
1088968227,202601,25,2026-01-20,2.56
49319271,202601,31,2026-01-20,1.92
1031554860,202601,21,2026-01-20,0.12
1000086015,202603,16,2026-01-20,4.49
1048373275,202603,33,2026-01-20,4.40
1000116824,202601,40,2026-01-20,3.41
1081619875,202601,2,2026-01-20,1.09
38286055,202601,21,2026-01-20,2.78
1026859703,202601,1,2026-01-20,3.90
1014443871,202602,32,2026-01-20,2.61
1001520083,202603,15,2026-01-20,4.52
1096688043,202601,12,2026-01-20,4.99
1029853383,202603,42,2026-01-20,1.98
87084278,202603,34,2026-01-20,1.64
1076843585,202601,34,2026-01-20,0.72
69548947,202603,4,2026-01-20,3.31
88578950,202601,28,2026-01-20,4.78
45037555,202601,6,2026-01-20,0.94
89689716,202602,22,2026-01-20,2.20
35752046,202602,16,2026-01-20,4.44
1056123727,202602,1,2026-01-20,4.54
41092721,202603,17,2026-01-20,1.62
63112736,202603,7,2026-01-20,1.29
71177170,202601,3,2026-01-20,3.62
1020332904,202601,30,2026-01-20,2.43
41498481,202603,6,2026-01-20,3.14
1086704393,202602,17,2026-01-20,4.68
1001862108,202601,41,2026-01-20,2.83
57709800,202603,8,2026-01-20,3.96
1091873538,202603,17,2026-01-20,4.28
70641925,202603,33,2026-01-20,1.22
1025230429,202603,4,2026-01-20,1.98
38286055,202601,26,2026-01-20,3.55
99740279,202603,47,2026-01-20,2.13
60890646,202601,49,2026-01-20,0.33
56015547,202602,9,2026-01-20,3.40
1041670295,202602,44,2026-01-20,1.31
1098307039,202602,39,2026-01-20,4.83
54122670,202603,38,2026-01-20,4.49
1026193694,202601,9,2026-01-20,0.92
1002906642,202603,13,2026-01-20,1.32
41649322,202603,24,2026-01-20,0.24
87454094,202601,6,2026-01-20,0.85
83143783,202601,4,2026-01-20,1.30
1014853855,202603,37,2026-01-20,1.77
64478147,202603,11,2026-01-20,3.60
30236291,202602,3,2026-01-20,2.96
98939141,202601,44,2026-01-20,1.90
1069584208,202602,23,2026-01-20,3.87
95920333,202601,41,2026-01-20,3.98
84250587,202601,18,2026-01-20,4.99
1038470091,202602,26,2026-01-20,4.79
58666443,202602,48,2026-01-20,2.36
64343656,202602,49,2026-01-20,0.16
1043464237,202601,3,2026-01-20,2.11
48702918,202601,12,2026-01-20,3.66
72863382,202602,4,2026-01-20,1.95
1090546243,202603,46,2026-01-20,3.06
1065202975,202602,25,2026-01-20,1.89
56015547,202601,15,2026-01-20,1.38
1074204231,202603,34,2026-01-20,0.11
1031932622,202603,7,2026-01-20,3.02
87084278,202601,23,2026-01-20,2.71
1098094214,202601,36,2026-01-20,1.86
1048699276,202601,41,2026-01-20,3.07
71053983,202603,2,2026-01-20,1.42
1042553817,202602,3,2026-01-20,1.76
44604515,202602,19,2026-01-20,1.63
1044222991,202601,36,2026-01-20,2.89
1050058736,202601,9,2026-01-20,2.51
98601766,202601,42,2026-01-20,0.98
1080338792,202602,42,2026-01-20,2.47
1026878188,202603,25,2026-01-20,4.84
1009004987,202602,28,2026-01-20,2.52
58244672,202602,32,2026-01-20,1.13
1010081523,202602,28,2026-01-20,2.78
1024688851,202603,46,2026-01-20,0.73
1006820458,202602,49,2026-01-20,4.24
60734802,202603,28,2026-01-20,4.69
1044085115,202601,11,2026-01-20,1.52
57026931,202602,6,2026-01-20,4.75
1032231589,202602,46,2026-01-20,1.71
76169277,202603,46,2026-01-20,0.41
1022803792,202602,44,2026-01-20,0.10
1069550747,202602,32,2026-01-20,4.90
46110335,202601,10,2026-01-20,0.80
67914350,202602,4,2026-01-20,2.71
32043948,202603,50,2026-01-20,3.47
60143019,202602,39,2026-01-20,4.21
89854695,202602,5,2026-01-20,2.78
1002569081,202601,5,2026-01-20,1.10
1069149773,202602,43,2026-01-20,3.11
1038053909,202601,21,2026-01-20,2.31
1081162539,202601,18,2026-01-20,4.02
1015415751,202601,30,2026-01-20,0.56
30528867,202601,2,2026-01-20,0.98
98939141,202603,25,2026-01-20,3.98
1084304491,202601,35,2026-01-20,1.60
1021229417,202602,26,2026-01-20,0.25
33238292,202602,45,2026-01-20,4.38
1027213465,202603,9,2026-01-20,2.77
38887883,202603,22,2026-01-20,0.42
32196132,202602,23,2026-01-20,4.35
1096178582,202602,37,2026-01-20,3.39
53376426,202601,28,2026-01-20,3.83
46654053,202602,44,2026-01-20,4.03
1026690249,202601,33,2026-01-20,4.57
64551192,202603,20,2026-01-20,3.34
82925649,202601,20,2026-01-20,1.58
1092744830,202602,43,2026-01-20,2.30
35443820,202602,50,2026-01-20,0.75
1051436689,202602,36,2026-01-20,1.47
1040580651,202602,19,2026-01-20,3.73
62485361,202602,36,2026-01-20,0.75
49319271,202601,6,2026-01-20,1.78
52714676,202601,9,2026-01-20,2.65
67458037,202603,8,2026-01-20,4.95
63112736,202602,32,2026-01-20,1.96
1091017052,202602,5,2026-01-20,0.35
62046336,202602,39,2026-01-20,0.96
1038175207,202602,21,2026-01-20,4.09
80217363,202603,21,2026-01-20,1.53
92204419,202603,16,2026-01-20,1.69
1026808848,202601,41,2026-01-20,4.47
75262049,202603,30,2026-01-20,0.73
1000200418,202601,3,2026-01-20,1.55
1037980757,202602,36,2026-01-20,2.02
1032220372,202603,13,2026-01-20,2.37
1078264320,202603,34,2026-01-20,2.62
37427262,202601,36,2026-01-20,1.34
51940394,202601,32,2026-01-20,4.46
48088095,202602,5,2026-01-20,4.44
90707229,202601,41,2026-01-20,2.02
1026840068,202603,14,2026-01-20,1.14
86554568,202602,30,2026-01-20,0.71
1089243968,202603,32,2026-01-20,4.53
1010253962,202603,41,2026-01-20,0.28
1096935085,202603,15,2026-01-20,0.89
1097599054,202602,36,2026-01-20,3.55
95558748,202601,30,2026-01-20,0.47
1075514060,202603,17,2026-01-20,1.04
1036256627,202601,2,2026-01-20,2.34
33996103,202601,7,2026-01-20,1.21
1063759943,202602,8,2026-01-20,4.46
44604515,202602,21,2026-01-20,3.80
35131374,202603,30,2026-01-20,4.04
86432497,202602,6,2026-01-20,0.92
1080246206,202603,35,2026-01-20,4.20
1082436450,202601,21,2026-01-20,0.93
38286055,202601,46,2026-01-20,0.09
34684181,202602,45,2026-01-20,0.38
1040073726,202601,46,2026-01-20,0.94
1058508845,202602,33,2026-01-20,2.25
1064125477,202602,12,2026-01-20,4.60
33969978,202603,45,2026-01-20,1.05
99740279,202601,30,2026-01-20,3.49
1054904517,202603,21,2026-01-20,4.97
92754237,202603,38,2026-01-20,4.50
1081290446,202603,25,2026-01-20,4.19
1065321424,202601,46,2026-01-20,1.87
1096178582,202603,17,2026-01-20,1.98
58328778,202602,48,2026-01-20,4.04
1055094339,202601,17,2026-01-20,1.44
1059266650,202602,8,2026-01-20,3.65
98814841,202603,6,2026-01-20,2.80
1047411760,202603,25,2026-01-20,0.98
47030622,202603,37,2026-01-20,1.39
1090805711,202602,38,2026-01-20,3.42
1037305254,202602,42,2026-01-20,2.82
41490796,202602,1,2026-01-20,4.13
54014251,202603,46,2026-01-20,3.30
70400875,202602,23,2026-01-20,1.82
1007019538,202602,10,2026-01-20,0.43
58506081,202602,43,2026-01-20,4.98
93646509,202602,30,2026-01-20,1.49
78977320,202601,47,2026-01-20,2.82
77736792,202602,46,2026-01-20,3.62
1019412792,202603,50,2026-01-20,1.95
1011213970,202601,36,2026-01-20,2.73
76665582,202601,32,2026-01-20,2.19
1009065913,202601,33,2026-01-20,0.43
1054074612,202601,50,2026-01-20,1.74
1009148135,202603,23,2026-01-20,0.96
1060267799,202601,1,2026-01-20,1.85
1057454908,202602,34,2026-01-20,3.13
39692568,202601,50,2026-01-20,3.14
47444667,202602,39,2026-01-20,0.00
69920420,202602,48,2026-01-20,0.99
73761880,202601,39,2026-01-20,2.51
92204419,202602,15,2026-01-20,4.78
65921144,202601,38,2026-01-20,1.29
52209802,202601,31,2026-01-20,1.21
50260233,202602,27,2026-01-20,4.72
51303560,202601,35,2026-01-20,4.78
1090625155,202601,8,2026-01-20,4.54
1068658602,202601,39,2026-01-20,4.15
71034085,202602,4,2026-01-20,4.44
85592705,202601,43,2026-01-20,1.30
68841550,202601,6,2026-01-20,0.89
68304668,202603,23,2026-01-20,1.32
78295076,202602,21,2026-01-20,4.44
60328166,202603,23,2026-01-20,4.33
99922283,202602,43,2026-01-20,4.23
92461949,202603,29,2026-01-20,1.99
90865755,202603,18,2026-01-20,2.75
1034304829,202601,2,2026-01-20,0.31
1003377760,202601,3,2026-01-20,2.37
81857271,202602,42,2026-01-20,1.51
1032461864,202601,29,2026-01-20,0.04
1093834814,202601,19,2026-01-20,2.46
1068712432,202603,22,2026-01-20,1.46
1037309806,202601,13,2026-01-20,3.40
44487394,202603,16,2026-01-20,0.84
1073587102,202603,50,2026-01-20,0.82
1034055399,202601,32,2026-01-20,2.89
99559472,202602,47,2026-01-20,4.93
66701415,202603,3,2026-01-20,3.76
30754217,202601,44,2026-01-20,2.38
1039743604,202603,30,2026-01-20,3.35
42518407,202601,12,2026-01-20,2.18
1013104630,202602,8,2026-01-20,1.93
80212972,202603,43,2026-01-20,2.86
89088584,202603,40,2026-01-20,4.99
1034782084,202602,9,2026-01-20,1.79
81744096,202602,19,2026-01-20,1.11
1093650566,202601,19,2026-01-20,3.01
1073741909,202601,29,2026-01-20,3.77
1065202975,202601,7,2026-01-20,2.82
59579017,202602,47,2026-01-20,4.40
1079982935,202603,48,2026-01-20,3.48
1043449913,202602,44,2026-01-20,0.40
50639458,202601,1,2026-01-20,3.42
1057667898,202603,4,2026-01-20,3.35
1001280861,202603,9,2026-01-20,3.61
1024385954,202601,39,2026-01-20,4.57
42529259,202601,44,2026-01-20,3.40
1063787846,202601,31,2026-01-20,1.98
30528867,202603,48,2026-01-20,0.64
48824013,202602,37,2026-01-20,4.31
1026690249,202601,25,2026-01-20,4.62
53082141,202603,32,2026-01-20,1.02
51051734,202601,10,2026-01-20,2.36
42635132,202603,20,2026-01-20,3.58
1017711667,202603,50,2026-01-20,3.03
1023086168,202601,1,2026-01-20,1.29
95001004,202602,3,2026-01-20,2.09
1041777743,202602,12,2026-01-20,2.66
99088826,202603,50,2026-01-20,1.76
1090435808,202601,10,2026-01-20,1.13
1055286234,202603,45,2026-01-20,1.36
1028179185,202603,2,2026-01-20,1.78
1024688851,202603,32,2026-01-20,1.33
1074509929,202601,25,2026-01-20,4.25
42396474,202602,44,2026-01-20,2.05
69991877,202601,46,2026-01-20,4.95
1068339492,202602,10,2026-01-20,4.28
61281561,202603,30,2026-01-20,0.43
1009147420,202602,20,2026-01-20,0.50
1042813441,202602,28,2026-01-20,2.29
1018430835,202602,50,2026-01-20,2.45
72360101,202603,49,2026-01-20,2.88
51841416,202602,16,2026-01-20,3.01
1024934590,202601,26,2026-01-20,4.94
33567434,202603,48,2026-01-20,1.90
56078773,202601,40,2026-01-20,2.32
90947377,202602,26,2026-01-20,2.82
1028838304,202602,25,2026-01-20,3.54
59755790,202603,50,2026-01-20,1.17
97828906,202603,1,2026-01-20,3.93
1048373275,202601,19,2026-01-20,0.23
47845892,202601,23,2026-01-20,1.92
1073739789,202602,21,2026-01-20,0.21
60220299,202601,44,2026-01-20,4.85
41575349,202603,42,2026-01-20,3.77
1055539770,202601,3,2026-01-20,4.23
84273332,202602,3,2026-01-20,3.51
49795450,202601,22,2026-01-20,0.86
75299319,202603,2,2026-01-20,1.36
1018223419,202601,38,2026-01-20,4.97
1058508845,202601,24,2026-01-20,1.94
1041497086,202603,17,2026-01-20,2.34
1039126650,202603,14,2026-01-20,1.90
1018393308,202601,18,2026-01-20,2.45
61089147,202601,9,2026-01-20,4.45
1055635406,202603,34,2026-01-20,0.75
60144043,202601,7,2026-01-20,3.83
93646509,202602,11,2026-01-20,2.66
86376774,202603,21,2026-01-20,1.70
1001184112,202602,8,2026-01-20,3.14
1016932698,202602,5,2026-01-20,3.48
45310943,202603,49,2026-01-20,1.63
1096451524,202601,38,2026-01-20,0.16
1085489099,202602,34,2026-01-20,3.51
96351297,202601,23,2026-01-20,2.34
1084283579,202602,29,2026-01-20,0.76
78263689,202603,10,2026-01-20,1.36
1067216425,202602,17,2026-01-20,0.96
36290263,202602,44,2026-01-20,3.53
86746839,202602,13,2026-01-20,0.66
1044642607,202601,46,2026-01-20,2.25
1042553817,202601,17,2026-01-20,0.98
97189889,202601,36,2026-01-20,4.06
63883911,202601,21,2026-01-20,0.46
1069509942,202601,31,2026-01-20,3.83
47580621,202602,45,2026-01-20,2.33
88578950,202603,30,2026-01-20,0.78
85592705,202602,16,2026-01-20,0.76
1001905345,202601,6,2026-01-20,1.64
59883054,202602,5,2026-01-20,3.36
36522127,202603,1,2026-01-20,3.99
1044134363,202602,46,2026-01-20,4.54
1086978375,202602,26,2026-01-20,2.62
83317638,202602,18,2026-01-20,2.68
80791961,202601,18,2026-01-20,4.10
1062443829,202603,47,2026-01-20,1.66
1076430980,202602,42,2026-01-20,4.47
1039477186,202603,6,2026-01-20,0.80
1060341775,202601,43,2026-01-20,1.29
1039440026,202603,16,2026-01-20,1.28
1083143613,202601,44,2026-01-20,2.20
95029802,202601,10,2026-01-20,4.84
1016077382,202601,21,2026-01-20,1.29
84629872,202601,15,2026-01-20,2.69
36522127,202601,39,2026-01-20,3.43
1086269497,202601,39,2026-01-20,1.44
1092744830,202601,3,2026-01-20,0.69
54765555,202601,39,2026-01-20,1.95
1006820458,202602,45,2026-01-20,2.66
1054006050,202603,44,2026-01-20,3.60
33491717,202603,27,2026-01-20,3.92
95183427,202602,2,2026-01-20,1.10
99976655,202603,2,2026-01-20,2.18
63908786,202603,9,2026-01-20,2.31
42811025,202602,4,2026-01-20,4.73
30828739,202602,1,2026-01-20,3.45
90275419,202602,32,2026-01-20,3.62
68189015,202603,39,2026-01-20,2.54
1027523403,202601,39,2026-01-20,2.29
1054597235,202603,6,2026-01-20,2.32
1037522854,202602,19,2026-01-20,1.60
41144018,202603,17,2026-01-20,1.34
53824682,202602,11,2026-01-20,3.45
1077823333,202601,3,2026-01-20,0.24
75010687,202602,46,2026-01-20,3.39
1028756467,202603,15,2026-01-20,0.11
84147853,202602,42,2026-01-20,1.22
84581832,202602,1,2026-01-20,1.43
38109517,202603,7,2026-01-20,0.21
46460549,202602,24,2026-01-20,4.43
83025222,202602,30,2026-01-20,0.47
76948743,202603,28,2026-01-20,1.30
1096097731,202602,15,2026-01-20,1.71
74846932,202603,9,2026-01-20,0.84
99055500,202603,46,2026-01-20,3.29
77436153,202602,2,2026-01-20,3.29
95993950,202603,42,2026-01-20,1.83
1050107527,202602,14,2026-01-20,1.52
1081558869,202603,46,2026-01-20,2.54
1060260300,202602,23,2026-01-20,4.34
73601441,202603,43,2026-01-20,0.05
73098678,202601,13,2026-01-20,3.89
1053504813,202602,8,2026-01-20,3.59
73707501,202603,18,2026-01-20,1.90
1077148274,202601,36,2026-01-20,3.79
47580621,202601,13,2026-01-20,3.29
1085489099,202603,4,2026-01-20,0.13
82940416,202601,27,2026-01-20,1.08
93895176,202602,27,2026-01-20,3.38
84984556,202603,35,2026-01-20,3.55
62019102,202601,42,2026-01-20,1.73
1020657383,202602,15,2026-01-20,2.42
40097460,202601,29,2026-01-20,2.94
1040956570,202602,48,2026-01-20,0.99
72360101,202603,4,2026-01-20,1.44
1003656811,202602,42,2026-01-20,1.49
73043853,202603,13,2026-01-20,1.06
1028739982,202602,37,2026-01-20,4.08
71973506,202602,29,2026-01-20,3.52
98145554,202602,42,2026-01-20,3.11
97415215,202603,26,2026-01-20,2.06
81058060,202602,19,2026-01-20,1.97
1010247391,202601,44,2026-01-20,2.35
1042847004,202603,39,2026-01-20,4.14
47513114,202603,46,2026-01-20,4.36
99976655,202602,17,2026-01-20,1.48
1098738776,202603,6,2026-01-20,4.81
86205134,202602,49,2026-01-20,4.84
1017711667,202603,16,2026-01-20,4.06
1051543008,202603,28,2026-01-20,3.32
37300017,202602,44,2026-01-20,4.87
86376774,202603,33,2026-01-20,0.47
1058384124,202603,24,2026-01-20,2.96
1018431885,202602,24,2026-01-20,4.63
52105900,202601,41,2026-01-20,0.14
1039440026,202603,10,2026-01-20,0.59
1080423959,202601,28,2026-01-20,1.47
1070857598,202601,2,2026-01-20,1.13
55405120,202603,6,2026-01-20,1.54
91776081,202602,25,2026-01-20,0.18
1069503038,202601,48,2026-01-20,3.15
89376323,202601,20,2026-01-20,3.36
47580621,202602,4,2026-01-20,3.51
1000231173,202603,34,2026-01-20,2.51
60839818,202603,26,2026-01-20,3.89
1051436689,202603,18,2026-01-20,2.94
89118651,202603,14,2026-01-20,3.24
1014462687,202603,16,2026-01-20,0.51
1070667169,202601,45,2026-01-20,0.01
1020555187,202601,1,2026-01-20,0.83
1049282211,202601,19,2026-01-20,3.91
48795776,202603,22,2026-01-20,3.96
76971260,202603,12,2026-01-20,0.63
78659497,202602,5,2026-01-20,0.82
1015934812,202602,50,2026-01-20,3.00
93646509,202602,14,2026-01-20,1.23
1095177360,202602,41,2026-01-20,2.96
47166528,202602,41,2026-01-20,3.01
1071845264,202603,8,2026-01-20,4.08
94489708,202602,36,2026-01-20,2.20
85026357,202602,12,2026-01-20,3.49
1062570128,202603,8,2026-01-20,3.09
1075230692,202603,48,2026-01-20,4.77
99019697,202603,29,2026-01-20,3.01
65100368,202602,9,2026-01-20,1.61
68841550,202603,13,2026-01-20,4.98
1018277699,202603,27,2026-01-20,1.21
38698172,202601,3,2026-01-20,0.89
1084389705,202602,4,2026-01-20,1.22
1095431662,202602,41,2026-01-20,4.54
1001503011,202603,3,2026-01-20,4.72
1028415369,202602,34,2026-01-20,1.57
1030157293,202602,36,2026-01-20,1.33
32357149,202603,8,2026-01-20,3.78
64144498,202601,47,2026-01-20,3.24
1075802881,202603,39,2026-01-20,2.68
73644377,202602,27,2026-01-20,2.40
1048547187,202603,37,2026-01-20,0.08
1063598820,202601,48,2026-01-20,4.21
51544527,202602,14,2026-01-20,0.98
1044578290,202602,23,2026-01-20,0.87
54014251,202602,48,2026-01-20,2.58
33491717,202601,15,2026-01-20,2.13
1019412792,202603,37,2026-01-20,0.84
66001675,202601,27,2026-01-20,4.04
1053724209,202602,49,2026-01-20,4.71
59339570,202603,1,2026-01-20,1.44
1096451524,202603,9,2026-01-20,1.58
90398238,202602,9,2026-01-20,2.99
97353471,202602,37,2026-01-20,0.96
34014568,202602,50,2026-01-20,3.00
95566876,202603,6,2026-01-20,2.39
1047250065,202603,47,2026-01-20,2.65
1083728775,202602,17,2026-01-20,2.47
84973486,202603,10,2026-01-20,4.10
90398238,202601,44,2026-01-20,4.88
1045908390,202601,35,2026-01-20,4.43
1054904517,202603,47,2026-01-20,1.85
1033085654,202602,21,2026-01-20,2.83
60872709,202601,46,2026-01-20,4.47
74700536,202602,42,2026-01-20,2.90
1011682107,202603,3,2026-01-20,4.33
77729303,202601,23,2026-01-20,4.03
1022135825,202602,43,2026-01-20,3.27
41225547,202603,6,2026-01-20,4.38
75957568,202602,23,2026-01-20,3.22
1082079125,202601,25,2026-01-20,0.34
63909751,202602,6,2026-01-20,3.02
51303560,202603,34,2026-01-20,1.56
65945448,202602,42,2026-01-20,4.21
1063787846,202601,3,2026-01-20,2.89
1034304829,202603,17,2026-01-20,3.36
39731112,202601,6,2026-01-20,4.39
1058597769,202603,3,2026-01-20,3.99
60537314,202601,17,2026-01-20,2.89
1000221029,202601,31,2026-01-20,1.42
33155290,202601,26,2026-01-20,4.00
76735119,202603,11,2026-01-20,0.36
86043649,202602,25,2026-01-20,0.95
50130513,202601,37,2026-01-20,0.48
1050294512,202603,28,2026-01-20,2.21
52359704,202603,21,2026-01-20,1.60
1098915116,202601,13,2026-01-20,2.93
84810036,202603,18,2026-01-20,1.38
98229758,202601,50,2026-01-20,0.99
80021352,202602,10,2026-01-20,4.85
84147853,202602,39,2026-01-20,1.78
35872771,202603,22,2026-01-20,1.68
86390631,202601,11,2026-01-20,2.03
1052626827,202603,28,2026-01-20,3.91
1097316225,202603,6,2026-01-20,1.49
1095787081,202601,29,2026-01-20,3.82
42635132,202603,5,2026-01-20,3.04
31828295,202601,13,2026-01-20,3.46
1081495107,202601,28,2026-01-20,0.24
43675319,202601,35,2026-01-20,4.96
92773944,202601,3,2026-01-20,3.68
92380611,202602,21,2026-01-20,2.80
1079024990,202603,12,2026-01-20,1.28
90077507,202602,17,2026-01-20,1.99
52220127,202603,12,2026-01-20,0.05
78906363,202602,4,2026-01-20,3.57
1007878135,202603,17,2026-01-20,1.23
91044600,202602,39,2026-01-20,2.05
98145554,202603,19,2026-01-20,3.25
1081333337,202603,9,2026-01-20,1.99
1067631203,202603,10,2026-01-20,1.74
1037268816,202602,20,2026-01-20,4.53
35347200,202601,16,2026-01-20,3.50
1042905031,202603,19,2026-01-20,2.60
1058431345,202602,4,2026-01-20,1.75
94806348,202601,15,2026-01-20,2.33
1061414662,202601,12,2026-01-20,2.61
1098137859,202602,26,2026-01-20,1.64
31006121,202601,9,2026-01-20,3.75
37095348,202601,22,2026-01-20,0.92
1003952163,202601,38,2026-01-20,0.50
1030413036,202602,23,2026-01-20,2.58
36739740,202602,36,2026-01-20,0.77
1018686873,202602,38,2026-01-20,4.74
1023924860,202602,5,2026-01-20,2.85
38887883,202603,36,2026-01-20,1.06
86849449,202603,25,2026-01-20,2.32
39731112,202603,14,2026-01-20,3.18
1047680468,202602,24,2026-01-20,3.41
1023578217,202602,4,2026-01-20,1.27
89854695,202603,40,2026-01-20,3.75
82421063,202601,28,2026-01-20,0.64
37300017,202601,25,2026-01-20,4.11
46978303,202603,2,2026-01-20,1.13
1045435954,202603,23,2026-01-20,4.33
1074492944,202602,8,2026-01-20,3.31
94251385,202601,24,2026-01-20,1.25
95300092,202602,29,2026-01-20,4.15
1010470165,202603,38,2026-01-20,3.22
41000539,202603,36,2026-01-20,4.34
45911048,202603,21,2026-01-20,3.28
1009507932,202601,15,2026-01-20,1.42
1027295357,202603,37,2026-01-20,4.18
56314291,202602,24,2026-01-20,4.86
1037268816,202601,7,2026-01-20,4.29
1086077857,202602,50,2026-01-20,4.11
48717292,202603,30,2026-01-20,2.09
51544527,202603,25,2026-01-20,0.52
83345661,202601,50,2026-01-20,0.51
84474702,202603,12,2026-01-20,1.68
73026193,202602,31,2026-01-20,4.15
54298582,202601,17,2026-01-20,4.30
1060708875,202601,29,2026-01-20,3.51
1069218990,202601,4,2026-01-20,2.33
1030087054,202603,33,2026-01-20,0.08
1051326221,202601,41,2026-01-20,2.62
51799926,202602,49,2026-01-20,4.99
1052574518,202603,30,2026-01-20,3.17
48947693,202601,48,2026-01-20,1.66
1080011346,202603,31,2026-01-20,3.16
47444667,202601,45,2026-01-20,4.10
76509278,202603,15,2026-01-20,4.17
1085023356,202602,50,2026-01-20,3.55
1061074521,202602,32,2026-01-20,3.77
1025520303,202602,42,2026-01-20,4.92
92050345,202602,30,2026-01-20,1.10
1097516509,202602,12,2026-01-20,3.25
99185781,202603,1,2026-01-20,3.41
82397142,202603,17,2026-01-20,2.43
76947526,202603,21,2026-01-20,3.73
57325805,202601,13,2026-01-20,4.38
46765905,202603,20,2026-01-20,2.14
1066686558,202603,29,2026-01-20,2.12
59441364,202603,34,2026-01-20,2.11
37374460,202603,46,2026-01-20,3.98
1014853855,202601,6,2026-01-20,3.39
79909290,202601,34,2026-01-20,4.03
30698623,202601,11,2026-01-20,4.80
1039783829,202602,39,2026-01-20,0.36
30754217,202601,23,2026-01-20,3.16
85716687,202601,46,2026-01-20,3.92
1003952163,202602,41,2026-01-20,4.20
86376774,202601,1,2026-01-20,4.56
1026048432,202603,19,2026-01-20,1.91
70463349,202602,16,2026-01-20,4.92
82925649,202602,19,2026-01-20,0.48
60250257,202602,34,2026-01-20,4.74
1089641061,202603,4,2026-01-20,1.13
1040073726,202603,44,2026-01-20,4.69
43162644,202601,21,2026-01-20,1.71
1097366764,202603,24,2026-01-20,3.85
62654607,202603,21,2026-01-20,3.03
1054060095,202601,50,2026-01-20,4.07
1032361673,202603,30,2026-01-20,4.14
1002829644,202602,4,2026-01-20,2.38
65279946,202601,7,2026-01-20,2.74
1072008856,202601,1,2026-01-20,4.67
1014499972,202602,32,2026-01-20,2.85
1052038221,202603,17,2026-01-20,4.24
52873611,202603,45,2026-01-20,3.95
1033921860,202601,36,2026-01-20,4.09
1041410701,202601,23,2026-01-20,4.12
1058732174,202601,36,2026-01-20,4.88
39692568,202603,42,2026-01-20,4.97
1086485437,202603,23,2026-01-20,3.37
54423154,202601,32,2026-01-20,2.22
32378262,202603,16,2026-01-20,2.28
41225547,202603,42,2026-01-20,3.55
1079581876,202602,19,2026-01-20,3.10
1024934590,202603,9,2026-01-20,4.66
41181424,202603,28,2026-01-20,2.40
1008703602,202603,24,2026-01-20,4.92
35872771,202603,26,2026-01-20,0.32
98941737,202603,50,2026-01-20,0.83
1081548416,202601,1,2026-01-20,2.20
54996836,202603,49,2026-01-20,4.07
1031865104,202601,18,2026-01-20,4.91
56421173,202601,27,2026-01-20,0.71
1030033369,202603,6,2026-01-20,4.47
1059839706,202602,31,2026-01-20,3.99
99026751,202603,39,2026-01-20,0.41
1026817029,202601,22,2026-01-20,1.17
1057454908,202601,20,2026-01-20,4.76
1001459690,202603,2,2026-01-20,3.48
41478942,202601,45,2026-01-20,0.19
61898071,202603,28,2026-01-20,3.87
1091333458,202601,33,2026-01-20,2.48
67347697,202603,11,2026-01-20,3.95
57920662,202603,23,2026-01-20,1.54
64962733,202602,20,2026-01-20,4.82
1026230592,202601,23,2026-01-20,3.86
1081709001,202601,23,2026-01-20,0.91
59822375,202601,36,2026-01-20,1.14
1012743654,202602,48,2026-01-20,2.21
64409349,202603,24,2026-01-20,1.17
1081290446,202601,31,2026-01-20,2.47
36691456,202602,33,2026-01-20,1.89
80031278,202602,20,2026-01-20,0.01
33155290,202603,29,2026-01-20,3.62
84250587,202603,33,2026-01-20,2.81
1056857568,202603,47,2026-01-20,2.09
93449830,202601,46,2026-01-20,1.33
85626678,202602,45,2026-01-20,1.74
69551101,202601,36,2026-01-20,0.49
1059831750,202602,50,2026-01-20,4.45
1069345928,202602,34,2026-01-20,1.78
82421063,202602,35,2026-01-20,3.15
90420408,202602,30,2026-01-20,2.18
1026230592,202602,48,2026-01-20,3.51
1062802339,202602,46,2026-01-20,4.13
98565600,202601,23,2026-01-20,4.03
1048595120,202603,6,2026-01-20,3.97
1091087698,202601,36,2026-01-20,1.23
1078535485,202602,35,2026-01-20,2.07
60144043,202603,34,2026-01-20,1.73
1081548416,202601,49,2026-01-20,3.52
88244411,202602,30,2026-01-20,2.07
91776081,202601,42,2026-01-20,1.92
93052006,202602,39,2026-01-20,0.28
43629730,202602,50,2026-01-20,2.60
98987809,202601,50,2026-01-20,4.69
41389638,202602,6,2026-01-20,2.45
99019697,202602,5,2026-01-20,1.79
50130513,202603,22,2026-01-20,0.86
1091211272,202602,9,2026-01-20,4.09
52873611,202603,1,2026-01-20,4.32
64317839,202601,34,2026-01-20,2.98
1002630896,202603,32,2026-01-20,2.82
69356724,202602,41,2026-01-20,3.88
47569997,202602,45,2026-01-20,1.74
63247072,202602,6,2026-01-20,2.29
58506081,202603,17,2026-01-20,1.45
1039385847,202603,33,2026-01-20,4.96
1065754029,202603,29,2026-01-20,0.32
1038327151,202601,41,2026-01-20,4.34
1067664062,202602,43,2026-01-20,2.82
1042553817,202602,34,2026-01-20,2.78
92994039,202602,14,2026-01-20,1.23
61773243,202601,37,2026-01-20,4.80
81475596,202603,5,2026-01-20,2.66
1096416754,202601,46,2026-01-20,2.02
1042925168,202602,46,2026-01-20,3.20
83405752,202602,44,2026-01-20,4.73
1025227220,202603,23,2026-01-20,1.89
1026878188,202601,45,2026-01-20,3.33
1003824685,202601,6,2026-01-20,4.90
1027213465,202603,21,2026-01-20,0.06
1083556357,202602,39,2026-01-20,4.39
56633635,202601,23,2026-01-20,3.41
1091723669,202601,39,2026-01-20,1.73
91177456,202603,45,2026-01-20,2.83
1043772907,202603,9,2026-01-20,1.63
45501204,202601,19,2026-01-20,0.71
97189889,202603,42,2026-01-20,2.15
48795776,202603,48,2026-01-20,2.25
1088170452,202603,40,2026-01-20,4.78
32905364,202601,11,2026-01-20,0.38
1006509194,202601,47,2026-01-20,0.04
52209802,202603,35,2026-01-20,4.77
1081257603,202601,18,2026-01-20,1.64
76246987,202602,47,2026-01-20,3.31
1082472153,202601,37,2026-01-20,0.59
1037625079,202602,12,2026-01-20,3.68
65792416,202601,9,2026-01-20,1.42
1092414965,202603,49,2026-01-20,0.49
99296251,202601,35,2026-01-20,3.90
1091017052,202603,31,2026-01-20,4.94
1093399997,202603,48,2026-01-20,2.05
1081615727,202601,32,2026-01-20,4.86
1085023356,202603,7,2026-01-20,1.27
1058732174,202603,22,2026-01-20,2.28
78977320,202603,16,2026-01-20,0.82
41241184,202602,1,2026-01-20,4.39
53376426,202603,47,2026-01-20,0.64
1060313103,202602,44,2026-01-20,0.77
1066416180,202601,48,2026-01-20,0.41
99207236,202602,17,2026-01-20,1.32
1056123727,202601,21,2026-01-20,3.99
61168503,202601,26,2026-01-20,4.38
1061592370,202601,49,2026-01-20,3.48
61321972,202601,35,2026-01-20,3.44
1012659567,202601,28,2026-01-20,0.40
69356724,202602,34,2026-01-20,4.18
1080246206,202603,40,2026-01-20,0.59
92269861,202601,9,2026-01-20,0.01
1028739982,202603,35,2026-01-20,0.15
1002522378,202602,21,2026-01-20,0.38
1073237163,202602,33,2026-01-20,2.05
1031481835,202601,20,2026-01-20,0.83
1063598820,202602,9,2026-01-20,1.17
1088466980,202603,11,2026-01-20,2.10
1063049748,202603,32,2026-01-20,0.92
1077078920,202603,30,2026-01-20,3.32
58518142,202602,28,2026-01-20,0.55
61239129,202602,21,2026-01-20,0.76
36493251,202601,50,2026-01-20,0.25
1021715709,202602,36,2026-01-20,3.71
87635988,202601,1,2026-01-20,0.05
32715285,202602,40,2026-01-20,3.52
1036489929,202601,21,2026-01-20,4.37
1025850208,202603,25,2026-01-20,4.78
57325805,202601,50,2026-01-20,0.75
53053403,202603,43,2026-01-20,4.87
1046013618,202601,13,2026-01-20,4.82
92306323,202601,35,2026-01-20,3.68
30754217,202601,26,2026-01-20,3.31
1019573416,202602,20,2026-01-20,0.68
1050260879,202603,39,2026-01-20,3.05
1080641363,202601,18,2026-01-20,4.72
1088808302,202602,13,2026-01-20,1.46
63790996,202603,32,2026-01-20,0.05
73656762,202603,29,2026-01-20,3.20
92773944,202601,22,2026-01-20,3.30
1019070244,202601,27,2026-01-20,2.72
1052398223,202601,29,2026-01-20,1.83
87735535,202602,48,2026-01-20,4.56
1047332279,202601,18,2026-01-20,3.20
59579017,202601,37,2026-01-20,1.42
1093689623,202601,37,2026-01-20,3.68
1094618577,202602,21,2026-01-20,4.32
1041595431,202601,16,2026-01-20,1.05
1093399997,202603,42,2026-01-20,0.62
74846932,202603,33,2026-01-20,3.05
37967616,202601,35,2026-01-20,2.88
1063631276,202601,39,2026-01-20,2.63
1068804394,202603,42,2026-01-20,0.33
53137872,202603,25,2026-01-20,0.42
47569997,202602,30,2026-01-20,4.98
1013368648,202602,30,2026-01-20,2.25
97353471,202603,20,2026-01-20,1.30
1098307039,202601,29,2026-01-20,1.65
52778943,202603,33,2026-01-20,0.99
86712566,202603,39,2026-01-20,2.57
60602699,202602,28,2026-01-20,4.25
1087016857,202601,9,2026-01-20,2.38
35442465,202603,9,2026-01-20,4.51
1054736697,202601,6,2026-01-20,3.39
1040491430,202603,12,2026-01-20,1.14
1032926267,202603,22,2026-01-20,3.70
1092245854,202602,4,2026-01-20,2.99
1028299198,202603,6,2026-01-20,4.31
83025222,202603,16,2026-01-20,1.10
1048271703,202602,6,2026-01-20,4.61
88265238,202603,17,2026-01-20,4.94
1076347916,202602,21,2026-01-20,2.47
1052652857,202602,32,2026-01-20,4.98
1062086217,202603,2,2026-01-20,3.07
1028063293,202601,41,2026-01-20,3.09
1052120249,202603,23,2026-01-20,2.56
87705710,202603,41,2026-01-20,3.60
1019508259,202601,48,2026-01-20,3.40
1034304829,202601,41,2026-01-20,4.39
88477653,202602,9,2026-01-20,2.82
73026193,202601,37,2026-01-20,1.30
58981481,202603,19,2026-01-20,4.63
95797817,202601,46,2026-01-20,3.95
1005253816,202602,38,2026-01-20,1.93
97164941,202602,10,2026-01-20,2.27
38820929,202603,47,2026-01-20,4.89
1029981031,202603,39,2026-01-20,1.05
41497798,202603,8,2026-01-20,2.78
80178348,202602,6,2026-01-20,3.69
75957568,202601,24,2026-01-20,3.96
46727815,202602,50,2026-01-20,2.00
79227186,202602,16,2026-01-20,0.58
1068804394,202602,18,2026-01-20,0.93
96498665,202601,29,2026-01-20,1.59
90841881,202602,6,2026-01-20,0.40
1074483200,202601,9,2026-01-20,3.91
56078773,202602,32,2026-01-20,1.02
1007343476,202602,37,2026-01-20,2.75
50891270,202601,10,2026-01-20,0.71
62510204,202602,43,2026-01-20,0.90
80919837,202603,38,2026-01-20,1.11
79018145,202602,4,2026-01-20,3.17
1044149811,202601,8,2026-01-20,2.32
89280311,202603,22,2026-01-20,0.55
34684181,202601,38,2026-01-20,0.16
30070620,202602,40,2026-01-20,1.53
47083516,202603,38,2026-01-20,4.44
1083694039,202603,19,2026-01-20,4.27
85916620,202602,14,2026-01-20,2.69
1001539905,202602,47,2026-01-20,2.29
1012888963,202603,1,2026-01-20,2.38
1068365876,202602,19,2026-01-20,0.11
1074679918,202602,10,2026-01-20,0.49
35443820,202601,28,2026-01-20,2.44
81309137,202601,10,2026-01-20,1.95
62510204,202601,49,2026-01-20,4.21
1092007908,202601,14,2026-01-20,3.21
44733716,202602,29,2026-01-20,1.32
51244434,202601,11,2026-01-20,4.88
64128269,202602,11,2026-01-20,0.64
77866959,202603,2,2026-01-20,2.73
1098353906,202602,27,2026-01-20,1.23
1025520303,202603,12,2026-01-20,4.20
76974717,202603,44,2026-01-20,2.33
56780399,202602,23,2026-01-20,3.09
94416849,202603,39,2026-01-20,2.42
68402892,202601,5,2026-01-20,3.65
72426783,202603,30,2026-01-20,2.72
1030157293,202601,40,2026-01-20,0.71
1072834509,202603,25,2026-01-20,2.61
1009072156,202603,3,2026-01-20,1.51
1083909848,202603,46,2026-01-20,3.49
1081257603,202602,45,2026-01-20,0.91
1031553355,202603,44,2026-01-20,2.33
70463349,202603,30,2026-01-20,0.34
74701667,202602,13,2026-01-20,0.51
1029853383,202602,34,2026-01-20,2.89
1030033369,202603,38,2026-01-20,3.39
70580850,202601,43,2026-01-20,0.51
83405752,202602,10,2026-01-20,0.93
67210609,202601,11,2026-01-20,1.63
1067107342,202603,29,2026-01-20,4.58
65945448,202601,26,2026-01-20,1.70
98817235,202601,36,2026-01-20,1.10
1008816273,202603,25,2026-01-20,1.44
81410689,202603,8,2026-01-20,4.26
1033153100,202602,18,2026-01-20,2.44
39953020,202603,25,2026-01-20,0.58
83316610,202603,18,2026-01-20,2.03
1031917009,202601,6,2026-01-20,1.46
70580850,202603,20,2026-01-20,4.62
1018604773,202601,19,2026-01-20,4.47
35175724,202603,29,2026-01-20,4.51
1081163413,202603,30,2026-01-20,2.69
64614689,202603,12,2026-01-20,0.46
1090099972,202601,21,2026-01-20,2.09
70241017,202601,12,2026-01-20,0.51
1066333102,202601,38,2026-01-20,3.46
1017545591,202603,46,2026-01-20,1.29
75677984,202601,19,2026-01-20,1.29
1094160842,202601,13,2026-01-20,4.36
1031554860,202601,22,2026-01-20,4.43
56317319,202603,18,2026-01-20,3.32
1031865104,202602,14,2026-01-20,4.22
1039102445,202601,36,2026-01-20,4.10
1037021200,202601,35,2026-01-20,3.47
1082178263,202602,47,2026-01-20,2.03
44715764,202601,48,2026-01-20,1.31
32357149,202601,22,2026-01-20,3.72
97354362,202603,45,2026-01-20,1.16
62019102,202602,5,2026-01-20,3.00
83033713,202601,7,2026-01-20,1.76
1009299049,202602,37,2026-01-20,4.89
81475596,202601,28,2026-01-20,3.45
31422821,202603,20,2026-01-20,3.31
33174027,202603,8,2026-01-20,4.69
1060267799,202602,22,2026-01-20,3.05
1020332904,202603,39,2026-01-20,1.67
98942489,202601,21,2026-01-20,3.75
1020705807,202601,19,2026-01-20,1.90
1079536134,202601,35,2026-01-20,3.66
1088445561,202601,13,2026-01-20,0.85
40335502,202602,33,2026-01-20,3.49
1082450177,202601,33,2026-01-20,3.85
92519341,202602,25,2026-01-20,1.02
1001459690,202602,29,2026-01-20,4.24
59687758,202602,13,2026-01-20,0.06
99361815,202603,45,2026-01-20,2.21
63261843,202602,35,2026-01-20,2.90
44703443,202602,43,2026-01-20,2.48
43329365,202602,42,2026-01-20,3.64
1008674657,202602,41,2026-01-20,3.27
1075551901,202601,14,2026-01-20,0.82
1057406362,202601,16,2026-01-20,2.62
42446143,202601,32,2026-01-20,1.07
42396474,202603,38,2026-01-20,2.89
1054597235,202601,48,2026-01-20,1.97
1046368073,202602,10,2026-01-20,3.23
1032051093,202601,11,2026-01-20,1.13
1000221029,202601,16,2026-01-20,4.83
1004397729,202602,29,2026-01-20,4.79
55798556,202603,33,2026-01-20,3.05
93809540,202603,4,2026-01-20,3.89
67992873,202602,27,2026-01-20,0.76
50891270,202601,8,2026-01-20,1.86
1096300234,202601,1,2026-01-20,2.09
84273332,202602,48,2026-01-20,3.32
1098307039,202601,33,2026-01-20,1.08
56980985,202602,48,2026-01-20,4.78
57761048,202602,45,2026-01-20,4.98
61142208,202603,39,2026-01-20,3.34
1078242391,202601,44,2026-01-20,2.51
1076639649,202601,12,2026-01-20,1.84
62482321,202601,10,2026-01-20,3.12
1034855584,202601,42,2026-01-20,4.01
1019070244,202601,26,2026-01-20,4.05
1017997122,202603,16,2026-01-20,0.92
59741236,202602,24,2026-01-20,2.87
1068164005,202602,40,2026-01-20,0.65
40097276,202602,8,2026-01-20,4.66
1047332279,202603,33,2026-01-20,0.85
35380072,202601,19,2026-01-20,3.75
1074665827,202603,7,2026-01-20,4.97
78284358,202603,50,2026-01-20,1.99
76935515,202603,42,2026-01-20,1.11
1032051093,202601,28,2026-01-20,1.59
57047593,202603,43,2026-01-20,3.55
32370209,202602,1,2026-01-20,2.74
93895176,202601,50,2026-01-20,0.78
1034861979,202603,40,2026-01-20,2.89
44955754,202603,14,2026-01-20,0.23
41000539,202601,11,2026-01-20,1.68
1014232530,202603,30,2026-01-20,3.82
60328166,202601,23,2026-01-20,2.95
1022603959,202601,50,2026-01-20,0.29
67994227,202602,13,2026-01-20,2.29
1021196279,202602,11,2026-01-20,4.41
91334048,202601,17,2026-01-20,1.49
30251704,202601,34,2026-01-20,0.46
47657401,202601,24,2026-01-20,3.65
69095020,202603,36,2026-01-20,1.71
54770758,202601,30,2026-01-20,0.84
1041497086,202603,3,2026-01-20,0.11
1075230692,202602,10,2026-01-20,3.98
41181424,202602,9,2026-01-20,0.35
34901693,202603,9,2026-01-20,2.91
76936139,202601,19,2026-01-20,0.15
1014499972,202602,48,2026-01-20,2.93
34195201,202602,36,2026-01-20,3.56
1001411392,202602,43,2026-01-20,2.50
76508682,202602,39,2026-01-20,2.60
57125787,202602,15,2026-01-20,0.59
1073833500,202603,36,2026-01-20,2.56
1001503011,202601,20,2026-01-20,0.68
1021763469,202601,35,2026-01-20,4.80
1015587628,202601,9,2026-01-20,2.77
1094029895,202602,27,2026-01-20,1.94
97453136,202602,4,2026-01-20,3.35
86376774,202601,14,2026-01-20,3.55
1081619875,202602,20,2026-01-20,3.11
94150605,202601,31,2026-01-20,1.85
82421063,202602,13,2026-01-20,1.09
1086806384,202603,18,2026-01-20,0.96
1063042503,202603,45,2026-01-20,3.88
43157337,202601,47,2026-01-20,4.31
87084278,202601,25,2026-01-20,3.00
64323076,202603,7,2026-01-20,4.61
62156729,202601,14,2026-01-20,3.70
1042783686,202601,23,2026-01-20,2.06
1068139231,202602,18,2026-01-20,3.17
1041595431,202602,16,2026-01-20,1.30
80212972,202601,42,2026-01-20,1.59
1042951490,202602,24,2026-01-20,4.73
1027501961,202603,24,2026-01-20,4.83
44482005,202603,41,2026-01-20,4.52
1044029518,202601,6,2026-01-20,2.80
1096882349,202602,33,2026-01-20,3.15
46651732,202601,41,2026-01-20,3.52
30528867,202602,21,2026-01-20,2.46
35773949,202602,11,2026-01-20,3.60
1074903638,202601,10,2026-01-20,4.08
1014277295,202601,42,2026-01-20,1.69
1073587102,202603,14,2026-01-20,4.15
1095346269,202603,3,2026-01-20,2.96
1038327151,202602,19,2026-01-20,3.92
1048850780,202601,44,2026-01-20,3.54
1086806384,202602,22,2026-01-20,3.01
35806751,202602,31,2026-01-20,0.60
1064299708,202603,28,2026-01-20,0.89
1048254071,202603,33,2026-01-20,0.23
1055926924,202603,7,2026-01-20,3.01
1020555187,202603,30,2026-01-20,2.04
80497388,202601,39,2026-01-20,1.81
30964416,202601,14,2026-01-20,1.47
34679212,202601,39,2026-01-20,4.11
1046707660,202603,16,2026-01-20,2.52
97819652,202602,41,2026-01-20,0.62
1097366764,202601,46,2026-01-20,1.33
1061352431,202602,39,2026-01-20,4.71
1071173355,202601,32,2026-01-20,3.00
1012751005,202601,40,2026-01-20,2.14
1008974896,202603,22,2026-01-20,1.79
1082178263,202602,12,2026-01-20,0.35
38286055,202601,30,2026-01-20,2.58
54222307,202603,27,2026-01-20,0.66
1086852058,202603,1,2026-01-20,4.14
78778931,202602,5,2026-01-20,3.80
82603561,202602,43,2026-01-20,2.99
1033409033,202601,47,2026-01-20,4.52
1056372211,202602,29,2026-01-20,4.56
86746839,202603,15,2026-01-20,3.28
53215788,202601,20,2026-01-20,2.04
1059675877,202602,50,2026-01-20,3.64
82877226,202602,33,2026-01-20,1.26
1047680468,202603,21,2026-01-20,1.56
98045764,202601,23,2026-01-20,4.22
82877226,202603,7,2026-01-20,3.72
1041131579,202602,43,2026-01-20,2.07
45430373,202602,28,2026-01-20,0.05
97279574,202603,38,2026-01-20,2.77
1001281674,202602,33,2026-01-20,1.56
75526373,202602,14,2026-01-20,2.47
1054487268,202601,33,2026-01-20,3.21
1088968227,202601,35,2026-01-20,3.97
65239212,202601,5,2026-01-20,2.67
1014660453,202603,7,2026-01-20,0.29
1062135693,202602,19,2026-01-20,4.82
89682020,202601,5,2026-01-20,0.41
92586612,202603,38,2026-01-20,3.22
1019284930,202603,30,2026-01-20,4.64
1019573416,202601,27,2026-01-20,4.05
78659497,202601,43,2026-01-20,1.46
34904073,202602,40,2026-01-20,4.92
1041131579,202603,50,2026-01-20,2.83
80919837,202603,32,2026-01-20,0.27
36493251,202603,39,2026-01-20,0.43
1053427793,202601,50,2026-01-20,2.43
37920000,202602,23,2026-01-20,0.26
1054294619,202601,25,2026-01-20,2.04
97973695,202601,43,2026-01-20,3.82
56144268,202601,6,2026-01-20,4.26
1032051093,202603,13,2026-01-20,4.65
66601181,202601,35,2026-01-20,1.83
1068163915,202602,33,2026-01-20,4.80
94384343,202602,44,2026-01-20,4.53
1073290315,202603,19,2026-01-20,1.99
99535938,202601,2,2026-01-20,4.27
1041410701,202602,34,2026-01-20,3.93
1094621155,202603,21,2026-01-20,3.77
56029402,202601,7,2026-01-20,3.14
1027506774,202603,28,2026-01-20,2.06
42485545,202602,37,2026-01-20,1.53
87957864,202602,6,2026-01-20,3.74
62161817,202602,14,2026-01-20,0.92
34488113,202602,11,2026-01-20,4.86
97647099,202603,49,2026-01-20,2.40
97353471,202602,50,2026-01-20,2.03
59339570,202601,8,2026-01-20,4.14
92037653,202601,23,2026-01-20,2.71
1082436450,202603,5,2026-01-20,4.73
49202206,202603,34,2026-01-20,3.76
1097516509,202602,31,2026-01-20,0.93
1073126948,202602,43,2026-01-20,1.85
91534617,202601,11,2026-01-20,2.62
79770013,202602,31,2026-01-20,1.41
89800718,202601,21,2026-01-20,1.27
1037980757,202602,14,2026-01-20,2.02
1091333458,202602,39,2026-01-20,0.30
1081657941,202601,13,2026-01-20,1.83
1065202975,202603,49,2026-01-20,3.48
1002120812,202603,9,2026-01-20,2.11
1056592112,202601,38,2026-01-20,1.34
89726068,202603,23,2026-01-20,1.94
1057707906,202602,31,2026-01-20,0.95
1015409932,202603,6,2026-01-20,4.16
1069211066,202602,39,2026-01-20,3.36
85171187,202601,38,2026-01-20,2.82
61357850,202602,36,2026-01-20,1.28
61281561,202602,22,2026-01-20,0.71
1045089268,202601,32,2026-01-20,4.11
1081615727,202603,38,2026-01-20,0.25
54249052,202602,39,2026-01-20,3.05
1056372211,202601,15,2026-01-20,4.28
1081558869,202602,28,2026-01-20,1.58
1094023671,202601,9,2026-01-20,0.94
1035528067,202602,37,2026-01-20,5.00
34359633,202601,20,2026-01-20,2.62
1062204402,202601,25,2026-01-20,2.99
42485545,202603,23,2026-01-20,4.67
1065222609,202602,18,2026-01-20,0.69
44955754,202602,37,2026-01-20,3.11
1031917009,202603,5,2026-01-20,1.33
45576366,202601,30,2026-01-20,3.97
1014028751,202603,8,2026-01-20,3.31
99559472,202601,17,2026-01-20,3.49
59441364,202601,39,2026-01-20,4.78
94384343,202603,42,2026-01-20,4.35
1081843044,202601,31,2026-01-20,1.31
78988140,202601,32,2026-01-20,2.68
65513005,202602,45,2026-01-20,0.41
1068987018,202603,30,2026-01-20,4.38
60219015,202601,7,2026-01-20,2.01
62654827,202602,29,2026-01-20,1.49
1063555759,202603,22,2026-01-20,4.76
36691456,202601,18,2026-01-20,1.09
57397261,202602,48,2026-01-20,1.45
1085913988,202603,18,2026-01-20,4.32
99716740,202601,10,2026-01-20,0.31
1086077857,202603,16,2026-01-20,2.32
1024382784,202603,18,2026-01-20,0.03
1062208277,202602,25,2026-01-20,4.25
1077915263,202601,46,2026-01-20,3.00
87725193,202603,20,2026-01-20,4.18
98593535,202601,35,2026-01-20,4.73
86543940,202602,12,2026-01-20,0.12
1041124038,202602,11,2026-01-20,2.18
1083909848,202602,5,2026-01-20,2.73
95993950,202601,3,2026-01-20,4.95
95206438,202601,6,2026-01-20,0.48
44487394,202601,48,2026-01-20,0.70
1066082311,202601,37,2026-01-20,0.43
1065278140,202601,23,2026-01-20,0.38
1017711667,202603,15,2026-01-20,0.43
1086779733,202601,21,2026-01-20,4.09
46654053,202601,23,2026-01-20,4.05
1035534580,202601,48,2026-01-20,0.26
1063139777,202602,19,2026-01-20,3.88
1061527858,202601,49,2026-01-20,3.97
1083667130,202602,39,2026-01-20,2.11
1020657383,202602,29,2026-01-20,0.01
30138080,202603,48,2026-01-20,4.67
95829872,202602,23,2026-01-20,2.09
1074204231,202603,44,2026-01-20,0.97
1090811995,202602,37,2026-01-20,2.16
1044705039,202602,16,2026-01-20,1.60
73920335,202603,11,2026-01-20,2.73
90573376,202601,21,2026-01-20,0.19
1054904517,202603,46,2026-01-20,4.96
1080423959,202602,5,2026-01-20,3.24
1034861979,202603,1,2026-01-20,2.44
76508682,202602,5,2026-01-20,3.79
62482321,202602,18,2026-01-20,3.17
38920725,202601,36,2026-01-20,0.12
1082436450,202602,16,2026-01-20,2.06
67398206,202602,9,2026-01-20,0.43
86277062,202603,17,2026-01-20,1.83
55405120,202601,28,2026-01-20,2.78
46765905,202602,41,2026-01-20,2.76
60839818,202603,7,2026-01-20,1.84
63191159,202603,43,2026-01-20,0.13
1070491114,202601,44,2026-01-20,0.59
82030324,202603,4,2026-01-20,3.56
1026850773,202602,44,2026-01-20,4.78
1026808848,202603,7,2026-01-20,3.61
1098137859,202602,25,2026-01-20,2.44
40097460,202603,9,2026-01-20,4.31
38394009,202603,45,2026-01-20,3.53
51181553,202601,19,2026-01-20,4.18
81110469,202601,43,2026-01-20,1.63
1070110074,202601,19,2026-01-20,4.32
1031144606,202603,15,2026-01-20,0.63
53207014,202603,45,2026-01-20,4.02
1037636012,202603,26,2026-01-20,3.64
1003424185,202603,30,2026-01-20,3.12
87735138,202601,15,2026-01-20,0.40
88624626,202603,35,2026-01-20,0.03
1082450177,202602,46,2026-01-20,1.63
83962987,202602,41,2026-01-20,0.83
32196132,202601,30,2026-01-20,0.40
56905064,202601,35,2026-01-20,2.47
1067468050,202601,45,2026-01-20,0.69
1000313422,202602,19,2026-01-20,2.37
83151647,202602,4,2026-01-20,2.85
1098276683,202601,45,2026-01-20,2.16
1046163341,202601,38,2026-01-20,3.38
1048820854,202602,32,2026-01-20,0.38
37292745,202601,42,2026-01-20,3.90
1083890358,202602,12,2026-01-20,2.10
1000184696,202602,7,2026-01-20,4.95
1028568813,202603,28,2026-01-20,3.52
1087045322,202602,2,2026-01-20,4.87
58981481,202601,36,2026-01-20,0.48
1069680920,202603,9,2026-01-20,3.34
51433462,202603,16,2026-01-20,2.60
38286055,202602,13,2026-01-20,1.15
58760630,202601,8,2026-01-20,3.57
66189425,202603,34,2026-01-20,4.89
70019013,202602,25,2026-01-20,3.74
30521549,202601,23,2026-01-20,0.38
67742414,202602,35,2026-01-20,2.78
51160663,202601,50,2026-01-20,3.20
1076822960,202601,22,2026-01-20,3.41
94784238,202603,31,2026-01-20,2.89
1054006050,202602,43,2026-01-20,1.92
1081163413,202601,33,2026-01-20,4.71
1059384205,202603,8,2026-01-20,2.09
76511274,202601,28,2026-01-20,3.69
99716740,202602,44,2026-01-20,1.62
58911585,202603,35,2026-01-20,1.01
45430373,202602,8,2026-01-20,4.02
1068296294,202602,14,2026-01-20,1.49
95029802,202601,38,2026-01-20,4.12
34354492,202603,14,2026-01-20,3.75
1000116824,202602,41,2026-01-20,1.99
1086704393,202601,37,2026-01-20,1.46
33238292,202603,16,2026-01-20,3.17
93004933,202602,30,2026-01-20,4.69
1074665827,202603,21,2026-01-20,2.48
1029853383,202602,50,2026-01-20,4.73
71997098,202603,28,2026-01-20,4.70
1057497691,202602,7,2026-01-20,4.51
96394944,202603,24,2026-01-20,2.41
1055316551,202601,49,2026-01-20,3.85
31437368,202603,5,2026-01-20,0.33
73199386,202602,6,2026-01-20,0.08
1073237163,202603,25,2026-01-20,0.23
33394953,202603,12,2026-01-20,4.80
93449830,202601,14,2026-01-20,2.11
1052626827,202601,17,2026-01-20,1.54
30138080,202603,33,2026-01-20,0.38
1044149811,202602,1,2026-01-20,2.13
64081271,202602,1,2026-01-20,2.86
1068339492,202603,32,2026-01-20,1.32
63909751,202603,45,2026-01-20,1.13
1083454767,202601,23,2026-01-20,0.28
56633635,202602,3,2026-01-20,3.17
61438086,202603,32,2026-01-20,3.86
42080030,202603,33,2026-01-20,2.30
1034782084,202602,22,2026-01-20,0.47
1054824172,202602,5,2026-01-20,1.81
56029402,202603,21,2026-01-20,0.86
61281118,202601,19,2026-01-20,0.59
72426783,202601,25,2026-01-20,3.31
1082224499,202602,49,2026-01-20,3.16
64452514,202602,3,2026-01-20,3.20
68189015,202602,21,2026-01-20,1.38
50286559,202603,11,2026-01-20,4.28
1040902876,202601,9,2026-01-20,0.91
1048002473,202601,30,2026-01-20,1.75
45850025,202603,4,2026-01-20,2.15
78113904,202603,38,2026-01-20,4.68
70946599,202601,13,2026-01-20,4.10
97116961,202601,38,2026-01-20,0.90
83145569,202601,29,2026-01-20,4.03
1075029744,202602,5,2026-01-20,2.61
60328166,202603,29,2026-01-20,2.32
78284358,202601,46,2026-01-20,4.54
1014853855,202601,26,2026-01-20,4.10
90942656,202601,24,2026-01-20,4.23
1011124932,202602,17,2026-01-20,3.60
92892395,202602,43,2026-01-20,0.58
1021625132,202603,20,2026-01-20,2.38
41092721,202602,22,2026-01-20,2.17
86543940,202603,50,2026-01-20,4.30
1023675089,202602,13,2026-01-20,1.48
35131374,202603,29,2026-01-20,3.65
41332181,202601,12,2026-01-20,4.06
93868284,202601,31,2026-01-20,1.98
1053724209,202602,17,2026-01-20,4.34
95558748,202602,6,2026-01-20,0.64
54224338,202601,49,2026-01-20,0.38
30904237,202603,15,2026-01-20,3.24
1038070401,202601,36,2026-01-20,0.38
89689716,202602,13,2026-01-20,1.07
1093339887,202601,41,2026-01-20,2.13
49523823,202601,19,2026-01-20,4.84
38109517,202602,36,2026-01-20,4.98
81332007,202601,39,2026-01-20,2.70
57269385,202601,13,2026-01-20,0.08
1009065913,202601,44,2026-01-20,2.61
35175724,202602,39,2026-01-20,0.67
96942407,202601,29,2026-01-20,1.38
1061592370,202603,12,2026-01-20,3.60
1085409859,202602,18,2026-01-20,3.99
1059675877,202602,26,2026-01-20,1.56
1086852058,202601,38,2026-01-20,3.56
57059330,202603,39,2026-01-20,3.23
77436153,202601,23,2026-01-20,1.31
84984556,202601,27,2026-01-20,4.22
44674152,202602,21,2026-01-20,1.06
62913159,202601,22,2026-01-20,2.59
1011095368,202602,17,2026-01-20,3.90
1084076632,202602,45,2026-01-20,1.00
1011124932,202603,24,2026-01-20,1.88
41240743,202603,11,2026-01-20,0.67
51841416,202603,49,2026-01-20,4.16
1081292116,202602,32,2026-01-20,4.22
55405120,202601,10,2026-01-20,2.54
1085798794,202601,41,2026-01-20,3.14
1070491114,202603,34,2026-01-20,2.61
57920662,202601,49,2026-01-20,1.25
1069029481,202603,41,2026-01-20,4.76
44815062,202601,16,2026-01-20,3.56
63671964,202602,16,2026-01-20,1.23
1054283750,202602,35,2026-01-20,0.04
1053787901,202603,32,2026-01-20,1.10
1069218990,202601,45,2026-01-20,3.66
45430373,202602,39,2026-01-20,1.37
1000231173,202602,7,2026-01-20,2.65
1041900517,202601,45,2026-01-20,3.94
1001972921,202602,39,2026-01-20,3.49
46141742,202602,14,2026-01-20,3.78
58253163,202603,27,2026-01-20,1.79
55405120,202601,44,2026-01-20,1.45
1091641011,202601,34,2026-01-20,4.78
1022631926,202603,22,2026-01-20,4.12
1035885903,202603,40,2026-01-20,0.60
43675319,202602,49,2026-01-20,2.58
1060514179,202601,15,2026-01-20,1.00
1097599054,202602,31,2026-01-20,2.61
1015993560,202603,38,2026-01-20,0.96
70858674,202601,39,2026-01-20,3.10
1054283750,202601,36,2026-01-20,0.65
48019522,202602,17,2026-01-20,4.48
54222307,202602,25,2026-01-20,2.22
1049991606,202601,42,2026-01-20,4.97
82402628,202603,15,2026-01-20,1.04
53053403,202603,27,2026-01-20,4.15
1060035787,202602,19,2026-01-20,3.62
75184093,202601,40,2026-01-20,2.44
63455241,202601,45,2026-01-20,1.62
51369717,202601,28,2026-01-20,2.02
47444667,202603,41,2026-01-20,4.63
42518407,202602,46,2026-01-20,4.73
1058469078,202601,32,2026-01-20,1.55
1018431885,202602,26,2026-01-20,4.36
63909751,202601,27,2026-01-20,4.00
1068658602,202603,9,2026-01-20,1.03
57497280,202601,48,2026-01-20,3.09
1072008856,202602,18,2026-01-20,2.83
1021763469,202601,47,2026-01-20,4.23
1060260300,202601,6,2026-01-20,0.20
1016898250,202603,7,2026-01-20,3.13
57194521,202602,47,2026-01-20,1.48
79368106,202601,38,2026-01-20,4.88
47030622,202601,49,2026-01-20,3.59
1021763469,202602,38,2026-01-20,1.68
36180722,202602,31,2026-01-20,0.24
52203701,202602,34,2026-01-20,3.80
56633635,202602,37,2026-01-20,0.59
77021295,202602,25,2026-01-20,2.39
67458037,202601,3,2026-01-20,0.35
1088808302,202603,6,2026-01-20,2.17
98932982,202602,31,2026-01-20,3.01
79909290,202601,27,2026-01-20,1.28
1060260300,202601,19,2026-01-20,3.21
1002569081,202602,48,2026-01-20,0.15
41374424,202603,9,2026-01-20,0.41
35380072,202603,49,2026-01-20,1.30
1002472909,202603,30,2026-01-20,0.53
1047680468,202603,28,2026-01-20,1.24
96329467,202601,40,2026-01-20,4.83
1053353116,202602,22,2026-01-20,1.43
1050371525,202602,9,2026-01-20,4.89
1063049748,202602,25,2026-01-20,4.83
48601507,202603,49,2026-01-20,4.73
55985844,202602,11,2026-01-20,0.30
59154632,202602,26,2026-01-20,0.92
1001184112,202603,11,2026-01-20,2.52
49523823,202603,29,2026-01-20,3.90
1067172956,202603,10,2026-01-20,0.68
69737231,202601,30,2026-01-20,3.89
99740279,202601,34,2026-01-20,0.17
37920000,202601,17,2026-01-20,2.77
92637707,202602,34,2026-01-20,2.36
84889325,202601,32,2026-01-20,3.28
1043439501,202601,35,2026-01-20,3.76
1069550747,202602,2,2026-01-20,0.45
34354492,202603,33,2026-01-20,2.11
42071246,202602,4,2026-01-20,0.67
1076468188,202603,2,2026-01-20,3.47
1072834509,202601,43,2026-01-20,2.20
59336974,202601,1,2026-01-20,0.80
1002569081,202601,37,2026-01-20,2.13
82421063,202601,17,2026-01-20,1.65
1080246206,202601,7,2026-01-20,3.36
49035236,202601,36,2026-01-20,3.94
1095177360,202603,50,2026-01-20,1.66
1018053731,202601,49,2026-01-20,1.57
61089147,202603,4,2026-01-20,1.85
64128269,202603,38,2026-01-20,3.14
1035128832,202601,33,2026-01-20,3.70
69785379,202603,37,2026-01-20,0.05
1005272105,202603,23,2026-01-20,2.84
1008125253,202601,14,2026-01-20,2.32
1069677282,202601,24,2026-01-20,3.53
1096819001,202601,13,2026-01-20,3.46
42598546,202603,25,2026-01-20,0.12
65945448,202601,39,2026-01-20,3.56
97072496,202601,18,2026-01-20,1.17
1069414540,202601,37,2026-01-20,2.56
1039934091,202603,6,2026-01-20,0.27
1077153118,202602,12,2026-01-20,4.07
45467499,202601,25,2026-01-20,0.12
57761048,202601,38,2026-01-20,3.35
56780399,202602,19,2026-01-20,1.78
60734802,202602,8,2026-01-20,1.53
1019070244,202603,43,2026-01-20,3.92
65513005,202602,49,2026-01-20,4.43
1015464663,202602,1,2026-01-20,0.70
1098163197,202603,19,2026-01-20,4.16
1088962926,202602,15,2026-01-20,3.33
1030087054,202601,27,2026-01-20,2.42
1048146041,202603,40,2026-01-20,1.96
30251704,202603,50,2026-01-20,0.41
69639430,202603,33,2026-01-20,1.32
1025988505,202601,44,2026-01-20,1.42
1037304675,202602,14,2026-01-20,4.75
1006246705,202601,1,2026-01-20,4.18
64624630,202601,29,2026-01-20,4.79
91261433,202601,5,2026-01-20,3.46
1072008856,202602,36,2026-01-20,3.10
1036489929,202602,24,2026-01-20,1.32
71697638,202602,19,2026-01-20,2.43
1048002473,202603,28,2026-01-20,2.94
1005284977,202603,8,2026-01-20,3.82
57047593,202602,28,2026-01-20,3.48
1019412792,202601,2,2026-01-20,2.43
55010697,202603,10,2026-01-20,0.45
1089303445,202603,44,2026-01-20,3.37
1092177585,202603,24,2026-01-20,1.37
87705710,202601,29,2026-01-20,2.02
48708594,202603,24,2026-01-20,2.65
48239913,202603,48,2026-01-20,4.17
1063139777,202603,19,2026-01-20,3.39
58994005,202603,28,2026-01-20,2.13
37467216,202601,50,2026-01-20,2.01
1059125341,202602,5,2026-01-20,2.82
1049532112,202602,43,2026-01-20,3.23
1058617546,202601,3,2026-01-20,1.21
34211040,202602,27,2026-01-20,0.25
1010034120,202601,19,2026-01-20,0.58
66601181,202602,45,2026-01-20,3.72
1081615727,202603,41,2026-01-20,2.73
1067631203,202601,48,2026-01-20,1.56
53493397,202603,42,2026-01-20,2.21
1013330523,202601,17,2026-01-20,0.03
96990394,202601,22,2026-01-20,4.53
98942489,202602,12,2026-01-20,4.72
1058423682,202602,25,2026-01-20,3.60
47030622,202602,35,2026-01-20,1.44
1005272105,202603,30,2026-01-20,3.70
1001905345,202601,12,2026-01-20,2.37
1074301274,202603,46,2026-01-20,3.42
74846932,202603,45,2026-01-20,4.58
96297218,202602,20,2026-01-20,1.56
49319271,202601,17,2026-01-20,2.47
1018293032,202603,15,2026-01-20,2.33
88430931,202602,40,2026-01-20,2.52
96394944,202602,14,2026-01-20,0.18
43483634,202602,11,2026-01-20,3.51
80031278,202603,9,2026-01-20,2.05
1036669627,202602,44,2026-01-20,2.62
1081826544,202601,11,2026-01-20,3.22
1086347620,202603,45,2026-01-20,2.80
86798354,202602,34,2026-01-20,0.86
1023836786,202601,50,2026-01-20,4.50
72863382,202602,34,2026-01-20,2.86
66149954,202602,18,2026-01-20,4.93
92269861,202601,6,2026-01-20,2.85
1032123638,202601,37,2026-01-20,1.21
1012751005,202603,10,2026-01-20,1.12
43394296,202602,28,2026-01-20,4.11
1063628547,202601,17,2026-01-20,4.82
33813487,202603,26,2026-01-20,2.54
1056372211,202602,27,2026-01-20,4.83
1013361942,202602,33,2026-01-20,1.67
1058597769,202601,4,2026-01-20,1.95
1018790665,202601,31,2026-01-20,2.90
1073587102,202602,38,2026-01-20,1.06
82039205,202602,2,2026-01-20,1.73
1090546243,202601,41,2026-01-20,4.11
1015464663,202603,46,2026-01-20,1.72
30540432,202602,28,2026-01-20,1.25
37504110,202603,20,2026-01-20,4.75
62156729,202601,32,2026-01-20,1.92
1005600775,202602,36,2026-01-20,1.55
1088045613,202601,16,2026-01-20,3.74
73707501,202601,26,2026-01-20,1.35
1097036630,202601,37,2026-01-20,1.82
1067664062,202602,19,2026-01-20,1.63
1060249080,202603,21,2026-01-20,3.49
1001659933,202603,46,2026-01-20,2.14
1064990394,202601,20,2026-01-20,3.08
1003989065,202601,39,2026-01-20,0.14
1019070244,202603,7,2026-01-20,3.05
31161057,202602,20,2026-01-20,0.11
1030157293,202603,29,2026-01-20,0.18
44633608,202603,17,2026-01-20,1.45
82940416,202603,47,2026-01-20,0.01
73010775,202601,27,2026-01-20,2.03
1019464700,202603,44,2026-01-20,2.89
1073587102,202603,39,2026-01-20,3.56
53942964,202601,37,2026-01-20,2.36
55405120,202603,7,2026-01-20,1.63
1098915116,202601,10,2026-01-20,4.70
1064332250,202603,36,2026-01-20,4.45
45636319,202602,32,2026-01-20,3.14
1009507932,202601,49,2026-01-20,4.00
93775117,202603,17,2026-01-20,1.91
1031276506,202603,39,2026-01-20,2.10
42355421,202603,36,2026-01-20,2.15
1021625132,202602,46,2026-01-20,1.59
63909751,202602,34,2026-01-20,1.45
66823257,202602,24,2026-01-20,4.39
34823692,202602,4,2026-01-20,3.56
1096442715,202603,27,2026-01-20,3.58
1021013230,202602,23,2026-01-20,2.07
1091946881,202601,50,2026-01-20,1.21
48864855,202602,49,2026-01-20,4.69
1030306496,202603,24,2026-01-20,1.59
1071173355,202601,9,2026-01-20,4.76
59891189,202603,1,2026-01-20,2.33
96872405,202603,3,2026-01-20,2.26
75010687,202601,32,2026-01-20,1.00
1083800935,202601,1,2026-01-20,4.33
88477653,202602,34,2026-01-20,1.01
1015924894,202601,28,2026-01-20,3.91
1046548656,202603,6,2026-01-20,3.33
1034861979,202601,49,2026-01-20,0.54
81110469,202603,27,2026-01-20,4.38
78015228,202603,41,2026-01-20,3.82
1016897235,202602,24,2026-01-20,1.45
1078189603,202603,44,2026-01-20,3.28
54873600,202603,35,2026-01-20,2.98
1055539770,202602,39,2026-01-20,2.67
37455678,202603,33,2026-01-20,0.60
1034855584,202601,9,2026-01-20,2.68
1044085115,202602,28,2026-01-20,3.02
1079983931,202603,48,2026-01-20,3.36
1037268816,202603,4,2026-01-20,4.45
1013027986,202601,48,2026-01-20,1.07
1051038340,202602,42,2026-01-20,1.38
80380416,202601,44,2026-01-20,0.09
31437368,202602,27,2026-01-20,1.68
1011124932,202602,48,2026-01-20,0.21
33491717,202602,42,2026-01-20,4.22
40404723,202603,21,2026-01-20,4.85
62654827,202602,12,2026-01-20,4.84
1026048432,202601,41,2026-01-20,3.29
1076347916,202602,14,2026-01-20,1.84
1066432471,202602,11,2026-01-20,1.40
1026481235,202601,31,2026-01-20,4.49
1016077382,202601,48,2026-01-20,2.50
32874659,202601,28,2026-01-20,3.14
1081161290,202602,11,2026-01-20,3.17
41181424,202602,7,2026-01-20,2.78
1088466980,202601,35,2026-01-20,4.21
83405752,202602,5,2026-01-20,4.72
51390752,202602,34,2026-01-20,2.82
1035994556,202602,41,2026-01-20,2.10
91106002,202601,8,2026-01-20,0.15
76212741,202601,4,2026-01-20,0.71
72362140,202602,26,2026-01-20,2.36
1016077382,202603,37,2026-01-20,0.38
1064329500,202603,32,2026-01-20,3.95
33401312,202601,29,2026-01-20,0.60
30782048,202603,38,2026-01-20,3.93
1023086168,202601,23,2026-01-20,1.11
85100098,202602,15,2026-01-20,4.06
1094109821,202602,38,2026-01-20,3.76
34951508,202601,10,2026-01-20,2.79
76511274,202602,18,2026-01-20,2.38
1006681524,202603,32,2026-01-20,4.99
1031998411,202601,14,2026-01-20,0.54
36462346,202602,45,2026-01-20,0.08
97855621,202603,27,2026-01-20,0.28
49523823,202603,12,2026-01-20,0.08
81410689,202603,11,2026-01-20,0.98
1086776477,202603,33,2026-01-20,4.43
80699602,202601,31,2026-01-20,3.48
37768666,202602,3,2026-01-20,0.62
65367855,202602,7,2026-01-20,3.52
1015934812,202601,31,2026-01-20,2.33
1026999172,202602,4,2026-01-20,2.07
1095760428,202602,17,2026-01-20,1.80
41995668,202602,39,2026-01-20,2.42
94875060,202601,43,2026-01-20,4.03
1096036269,202601,23,2026-01-20,4.67
1013536421,202602,41,2026-01-20,2.79
97164941,202603,36,2026-01-20,3.57
1046960505,202601,18,2026-01-20,2.36
93705014,202601,26,2026-01-20,4.50
1050107527,202602,39,2026-01-20,4.08
1061352431,202602,33,2026-01-20,4.98
37300017,202601,12,2026-01-20,3.50
33519894,202603,38,2026-01-20,1.15
54036900,202603,10,2026-01-20,1.80
56029402,202603,48,2026-01-20,4.16
1031932622,202603,32,2026-01-20,4.97
1061414662,202602,5,2026-01-20,0.79
62408844,202603,20,2026-01-20,4.62
49235216,202603,45,2026-01-20,1.22
98045764,202601,26,2026-01-20,2.06
1037304675,202601,30,2026-01-20,4.41
73010775,202602,42,2026-01-20,0.47
59339570,202601,41,2026-01-20,2.24
70473878,202601,43,2026-01-20,0.57
41000539,202601,48,2026-01-20,4.35
84984556,202603,21,2026-01-20,1.22
64452514,202603,11,2026-01-20,4.32
1026841014,202603,38,2026-01-20,4.67
36012661,202603,10,2026-01-20,0.83
53808479,202602,16,2026-01-20,0.08
1039052893,202602,21,2026-01-20,4.51
1088067088,202603,47,2026-01-20,0.13
1034818949,202603,9,2026-01-20,1.69
74600493,202602,29,2026-01-20,2.19
1073684088,202601,42,2026-01-20,1.29
1013027986,202602,33,2026-01-20,4.25
47387355,202601,15,2026-01-20,4.33
95183427,202601,25,2026-01-20,0.85
53053403,202603,45,2026-01-20,3.41
41478942,202603,46,2026-01-20,0.28
1025227220,202603,39,2026-01-20,0.52
1097316225,202601,43,2026-01-20,2.36
1060249080,202601,26,2026-01-20,2.30
58743392,202601,17,2026-01-20,0.14
1008125253,202603,46,2026-01-20,0.69
85771487,202603,7,2026-01-20,4.21
62296823,202601,45,2026-01-20,0.31
1076222137,202601,26,2026-01-20,0.77
43667868,202601,13,2026-01-20,0.79
1026840068,202602,1,2026-01-20,2.34
1000323430,202601,1,2026-01-20,3.41
1004862355,202601,33,2026-01-20,0.33
1030217074,202602,9,2026-01-20,0.88
73043853,202602,14,2026-01-20,4.52
1053504813,202603,49,2026-01-20,3.36
1029019464,202602,41,2026-01-20,2.11
1050318420,202601,48,2026-01-20,1.01
71997287,202603,23,2026-01-20,3.26
54762361,202603,36,2026-01-20,0.21
1026859703,202601,2,2026-01-20,4.99
42610908,202602,38,2026-01-20,1.02
80212972,202602,31,2026-01-20,2.61
1064838046,202602,41,2026-01-20,2.67
36522127,202603,50,2026-01-20,0.60
89089350,202603,30,2026-01-20,2.41
83405752,202601,34,2026-01-20,4.82
1084987411,202602,48,2026-01-20,4.99
1030287042,202602,18,2026-01-20,3.72
1074192108,202601,26,2026-01-20,1.36
1018277699,202602,5,2026-01-20,3.83
1081161290,202603,44,2026-01-20,0.03
99361815,202601,17,2026-01-20,3.45
1053724209,202603,22,2026-01-20,3.47
1020324358,202602,5,2026-01-20,3.89
1012903821,202601,44,2026-01-20,4.84
77626532,202601,48,2026-01-20,4.15
43144397,202603,7,2026-01-20,1.94
73765362,202602,28,2026-01-20,2.91
86120010,202601,47,2026-01-20,0.97
1062443829,202603,31,2026-01-20,1.40
59809371,202601,29,2026-01-20,2.21
38394009,202603,21,2026-01-20,1.27
1014023220,202602,17,2026-01-20,3.18
64017154,202602,48,2026-01-20,4.20
1098345343,202602,34,2026-01-20,2.22
37095348,202602,2,2026-01-20,3.22
1065071550,202602,32,2026-01-20,1.46
30754217,202603,16,2026-01-20,1.35
1085879200,202601,44,2026-01-20,3.87
78621742,202602,19,2026-01-20,4.10
1007791337,202603,20,2026-01-20,2.31
99559472,202601,38,2026-01-20,0.69
36739740,202601,9,2026-01-20,2.37
59579017,202603,24,2026-01-20,2.96
96365176,202601,37,2026-01-20,1.88
1031177668,202603,15,2026-01-20,1.55
1091043319,202603,45,2026-01-20,1.43
92637707,202603,35,2026-01-20,1.41
60144043,202603,40,2026-01-20,4.34
1061725933,202603,7,2026-01-20,1.73
1026808848,202601,43,2026-01-20,3.63
77866959,202601,41,2026-01-20,0.70
58083218,202601,17,2026-01-20,0.58
95558748,202602,23,2026-01-20,1.74
40346170,202603,16,2026-01-20,1.38
1029278748,202603,20,2026-01-20,0.35
1003989065,202602,30,2026-01-20,3.12
1067926618,202601,25,2026-01-20,0.28
1002030373,202602,39,2026-01-20,0.21
54278818,202602,6,2026-01-20,2.89
1039982176,202602,44,2026-01-20,4.80
97973695,202601,41,2026-01-20,0.89
1061944665,202603,43,2026-01-20,2.43
1076931645,202601,20,2026-01-20,0.51
1013536421,202602,31,2026-01-20,4.66
1019334513,202602,4,2026-01-20,1.60
65945448,202603,35,2026-01-20,0.33
62913159,202601,2,2026-01-20,0.66
34679212,202602,43,2026-01-20,1.14
49337821,202601,4,2026-01-20,4.87
1046235272,202602,18,2026-01-20,4.49
99559472,202601,19,2026-01-20,3.91
38093424,202601,34,2026-01-20,3.41
37660676,202603,50,2026-01-20,1.92
1024249633,202603,1,2026-01-20,3.81
68539416,202602,37,2026-01-20,3.60
59475362,202601,43,2026-01-20,3.41
61616078,202602,37,2026-01-20,1.73
1020885890,202603,40,2026-01-20,0.46
1000323430,202602,30,2026-01-20,3.13
1000515916,202601,14,2026-01-20,2.12
46507012,202602,20,2026-01-20,0.83
1014561849,202603,30,2026-01-20,3.71
87957864,202603,11,2026-01-20,2.88
36739740,202601,31,2026-01-20,4.98
1016697844,202601,27,2026-01-20,1.94
1075850555,202602,25,2026-01-20,3.42
42337447,202603,6,2026-01-20,0.11
58328778,202602,35,2026-01-20,2.52
67359161,202603,47,2026-01-20,0.02
80942083,202602,22,2026-01-20,4.65
53962388,202601,41,2026-01-20,1.33
1046933273,202603,9,2026-01-20,3.56
1021237999,202603,7,2026-01-20,1.18
95196062,202601,20,2026-01-20,1.61
1068339492,202602,25,2026-01-20,3.05
35347200,202601,48,2026-01-20,4.62
59441364,202601,35,2026-01-20,0.73
1057152830,202603,39,2026-01-20,0.08
50286559,202601,47,2026-01-20,2.82
1088518387,202602,40,2026-01-20,0.48
62913159,202602,30,2026-01-20,3.11
1064299708,202601,15,2026-01-20,3.75
96077031,202602,25,2026-01-20,3.99
59507309,202603,9,2026-01-20,1.80
33657479,202602,33,2026-01-20,2.54
1043772907,202602,23,2026-01-20,1.29
1035416071,202601,11,2026-01-20,3.63
55798556,202602,34,2026-01-20,2.36
1005611126,202603,17,2026-01-20,4.72
39731112,202601,2,2026-01-20,2.16
33728782,202601,9,2026-01-20,4.51
71157929,202602,3,2026-01-20,4.46
1052230315,202602,1,2026-01-20,0.82
75184093,202602,34,2026-01-20,0.31
40097460,202602,24,2026-01-20,3.14
64047524,202602,47,2026-01-20,2.32
1001184112,202602,44,2026-01-20,1.63
1094631055,202603,29,2026-01-20,1.30
65598875,202601,9,2026-01-20,2.11
1026703813,202601,26,2026-01-20,4.62
1030618836,202602,32,2026-01-20,0.57
1023431254,202602,14,2026-01-20,4.60
37920000,202602,33,2026-01-20,1.47
96170950,202602,32,2026-01-20,3.54
1088920800,202603,36,2026-01-20,0.98
99519021,202601,33,2026-01-20,4.03
1023924860,202603,14,2026-01-20,4.68
33155290,202602,3,2026-01-20,3.93
1092341533,202601,12,2026-01-20,3.93
1042582021,202603,48,2026-01-20,0.62
41207315,202603,32,2026-01-20,1.48
1031868076,202603,49,2026-01-20,2.43
78383157,202603,20,2026-01-20,4.29
1070197579,202601,13,2026-01-20,3.29
87735535,202602,21,2026-01-20,0.67
74846932,202601,2,2026-01-20,2.70
72988843,202603,19,2026-01-20,4.03
66782177,202601,39,2026-01-20,4.17
57761048,202603,6,2026-01-20,2.67
1058090666,202602,4,2026-01-20,4.06
46978303,202602,36,2026-01-20,2.85
1078189603,202603,27,2026-01-20,1.55
77866959,202603,7,2026-01-20,2.36
36749563,202602,28,2026-01-20,2.30
99026751,202601,46,2026-01-20,2.58
1087045322,202603,35,2026-01-20,4.65
34119738,202603,46,2026-01-20,4.50
1096036269,202601,33,2026-01-20,2.26
1019070244,202601,30,2026-01-20,3.12
34691838,202602,27,2026-01-20,0.68
67312238,202603,22,2026-01-20,4.82
49532258,202602,33,2026-01-20,3.62
1090449835,202601,30,2026-01-20,3.70
34663424,202603,26,2026-01-20,1.04
60199862,202601,4,2026-01-20,1.54
1073237163,202602,39,2026-01-20,1.96
44320241,202601,19,2026-01-20,4.72
61773243,202601,35,2026-01-20,4.51
1044085115,202603,10,2026-01-20,2.95
77310778,202603,37,2026-01-20,3.92
57397261,202602,14,2026-01-20,1.60
42518407,202601,15,2026-01-20,1.82
47166528,202601,50,2026-01-20,3.14
1030033369,202602,38,2026-01-20,1.22
72086820,202602,31,2026-01-20,3.31
68368834,202603,27,2026-01-20,1.88
71997287,202602,3,2026-01-20,4.26
85916620,202601,21,2026-01-20,4.65
36905413,202601,25,2026-01-20,4.44
88964618,202602,46,2026-01-20,1.63
50472504,202603,38,2026-01-20,4.80
68304668,202602,11,2026-01-20,0.47
85009765,202601,49,2026-01-20,1.11
63908786,202601,22,2026-01-20,2.38
31097076,202603,12,2026-01-20,4.67
1009833083,202602,7,2026-01-20,2.73
1052638417,202602,14,2026-01-20,2.01
73707501,202601,33,2026-01-20,1.87
1009072156,202603,43,2026-01-20,4.15
1025227220,202603,2,2026-01-20,1.45
1035492612,202602,30,2026-01-20,2.37
1004397729,202602,28,2026-01-20,2.56
52873611,202602,23,2026-01-20,0.08
1041124038,202603,11,2026-01-20,2.77
41906079,202601,13,2026-01-20,4.69
58760630,202601,17,2026-01-20,2.97
64359174,202602,31,2026-01-20,3.69
1092217316,202602,45,2026-01-20,3.37
1077969516,202602,49,2026-01-20,1.42
1050294512,202602,14,2026-01-20,4.85
1086852058,202602,37,2026-01-20,1.01
1038175207,202602,28,2026-01-20,2.82
1042813441,202603,13,2026-01-20,1.12
1064418970,202603,21,2026-01-20,0.70
92754237,202602,40,2026-01-20,2.91
56565356,202602,31,2026-01-20,3.76
1010392420,202601,4,2026-01-20,0.63
89619193,202602,49,2026-01-20,1.86
1093620175,202602,20,2026-01-20,2.89
1077295382,202602,19,2026-01-20,0.96
1091061607,202601,26,2026-01-20,2.23
1092099590,202602,36,2026-01-20,4.10
1057559753,202603,31,2026-01-20,2.42
1007386943,202602,20,2026-01-20,1.58
1035128832,202602,11,2026-01-20,1.03
1085023356,202603,6,2026-01-20,3.56
60219015,202603,28,2026-01-20,4.49
1005853650,202603,26,2026-01-20,0.44
1080213500,202603,34,2026-01-20,3.93
1002320387,202601,18,2026-01-20,2.44
41015803,202603,47,2026-01-20,2.38
65790509,202602,15,2026-01-20,4.92
1088758182,202602,25,2026-01-20,1.01
1057559753,202602,18,2026-01-20,2.77
1082777317,202602,49,2026-01-20,3.12
1022047547,202603,23,2026-01-20,1.16
1066432471,202602,45,2026-01-20,4.06
78686017,202601,41,2026-01-20,2.55
64017154,202602,22,2026-01-20,4.78
1014443871,202603,39,2026-01-20,4.76
1069345928,202603,18,2026-01-20,4.89
1081162539,202603,43,2026-01-20,3.44
49666813,202601,34,2026-01-20,4.88
75957568,202602,36,2026-01-20,0.36
33750280,202602,1,2026-01-20,3.44
1081616954,202601,47,2026-01-20,3.81
95351628,202603,42,2026-01-20,2.69
1008125253,202602,41,2026-01-20,4.97
1044175163,202601,7,2026-01-20,0.59
1051667662,202603,31,2026-01-20,4.05
1008974896,202602,38,2026-01-20,3.55
1013104630,202603,21,2026-01-20,4.36
1097124806,202602,2,2026-01-20,3.84
1088342612,202603,43,2026-01-20,2.07
37292745,202601,26,2026-01-20,0.57
1014660453,202602,1,2026-01-20,4.69
41092721,202603,3,2026-01-20,4.88
1062086217,202601,41,2026-01-20,0.86
73183706,202602,9,2026-01-20,4.32
1077947288,202603,37,2026-01-20,4.73
48088095,202601,19,2026-01-20,3.88
99096725,202601,23,2026-01-20,3.11
36588466,202603,20,2026-01-20,0.60
68841550,202602,40,2026-01-20,4.46
83462612,202603,45,2026-01-20,1.29
1053353116,202603,41,2026-01-20,4.21
87629280,202603,49,2026-01-20,3.12
1076639649,202602,26,2026-01-20,1.82
1028142032,202601,3,2026-01-20,4.45
1092217316,202602,3,2026-01-20,1.04
1052849122,202601,37,2026-01-20,3.73
1072267196,202601,45,2026-01-20,0.78
64577237,202601,4,2026-01-20,2.52
1040902876,202602,30,2026-01-20,0.46
90962093,202602,34,2026-01-20,4.33
37768666,202601,35,2026-01-20,0.18
1026878188,202603,5,2026-01-20,4.29
1009747428,202601,23,2026-01-20,2.37
71177170,202603,37,2026-01-20,0.92
73208542,202603,33,2026-01-20,3.90
1062208277,202601,42,2026-01-20,4.93
1044149811,202602,15,2026-01-20,3.75
1094631055,202602,48,2026-01-20,1.12
38303255,202601,44,2026-01-20,4.35
1033728860,202601,48,2026-01-20,3.91
48428936,202602,17,2026-01-20,1.08
1067664062,202602,30,2026-01-20,3.26
49350843,202601,5,2026-01-20,2.36
1009004987,202601,34,2026-01-20,2.45
77626532,202601,2,2026-01-20,0.05
45222838,202601,50,2026-01-20,0.95
58938226,202602,26,2026-01-20,2.79
57243297,202601,21,2026-01-20,0.30
95415444,202602,25,2026-01-20,2.38
1050662676,202602,10,2026-01-20,3.49
72426783,202603,47,2026-01-20,1.78
73707501,202601,29,2026-01-20,2.72
51351876,202603,9,2026-01-20,1.22
1048618777,202603,49,2026-01-20,3.79
1097519225,202601,45,2026-01-20,2.14
1064187981,202601,34,2026-01-20,4.95
1078189603,202603,45,2026-01-20,2.53
59579017,202602,22,2026-01-20,1.49
1080290776,202601,42,2026-01-20,0.38
94715471,202602,43,2026-01-20,2.60
58506081,202603,7,2026-01-20,1.27
91334048,202603,2,2026-01-20,0.50
1046602207,202602,17,2026-01-20,4.57
91326360,202602,49,2026-01-20,2.61
1089789896,202601,15,2026-01-20,2.33
88262502,202602,40,2026-01-20,1.18
1056123727,202602,47,2026-01-20,3.72
1083909848,202602,31,2026-01-20,0.86
1036051675,202601,18,2026-01-20,2.63
1074192108,202602,13,2026-01-20,3.85
1021488418,202602,2,2026-01-20,0.60
1088342612,202601,12,2026-01-20,3.47
1082079125,202601,21,2026-01-20,1.69
60144043,202603,33,2026-01-20,1.35
1031782359,202603,30,2026-01-20,1.17
84629872,202602,33,2026-01-20,0.40
93987346,202601,18,2026-01-20,4.68
90580198,202603,42,2026-01-20,4.80
34101019,202603,36,2026-01-20,4.88
88562685,202603,1,2026-01-20,1.00
79909290,202601,13,2026-01-20,2.78
1048271703,202603,10,2026-01-20,2.90
97354362,202601,17,2026-01-20,1.69
31161057,202601,40,2026-01-20,2.43
1081843044,202603,24,2026-01-20,2.19
82641402,202603,37,2026-01-20,1.33
70042714,202601,25,2026-01-20,2.49
1073198077,202601,24,2026-01-20,3.21
55123142,202602,19,2026-01-20,4.37
92380611,202603,8,2026-01-20,0.03
1098553705,202602,36,2026-01-20,1.27
43038620,202602,12,2026-01-20,0.34
95993950,202601,2,2026-01-20,1.13
1070515317,202601,34,2026-01-20,2.57
1033498238,202601,30,2026-01-20,3.22
38920725,202602,11,2026-01-20,4.66
91177456,202601,31,2026-01-20,4.73
1023728611,202601,26,2026-01-20,2.81
1013764389,202603,16,2026-01-20,4.63
1075316909,202601,32,2026-01-20,0.51
1090435808,202603,42,2026-01-20,4.27
66108221,202603,30,2026-01-20,0.53
68049579,202601,21,2026-01-20,1.30
1035994556,202602,1,2026-01-20,1.74
1005237313,202603,35,2026-01-20,0.66
1066651045,202601,41,2026-01-20,3.77
61773243,202601,11,2026-01-20,3.69
34816427,202601,36,2026-01-20,2.70
57243297,202603,10,2026-01-20,4.28
83198703,202603,33,2026-01-20,2.06
1096178582,202601,34,2026-01-20,3.20
1040810953,202601,30,2026-01-20,3.80
1082224499,202602,38,2026-01-20,0.09
1085786230,202602,1,2026-01-20,0.79
1088445561,202601,20,2026-01-20,0.22
84464699,202602,35,2026-01-20,2.56
1040956570,202602,41,2026-01-20,1.55
1014725119,202602,29,2026-01-20,3.39
1038041649,202602,5,2026-01-20,0.83
97828906,202601,45,2026-01-20,2.57
1074445391,202601,21,2026-01-20,0.90
83198703,202602,29,2026-01-20,4.02
1090435407,202601,15,2026-01-20,0.29
58328778,202602,24,2026-01-20,3.55
1093201338,202601,31,2026-01-20,4.49
32345651,202601,4,2026-01-20,4.99
47942054,202602,26,2026-01-20,2.79
35380072,202603,14,2026-01-20,2.39
1000950902,202602,41,2026-01-20,3.25
44966494,202601,13,2026-01-20,4.17
98958958,202602,29,2026-01-20,2.93
1069584208,202601,39,2026-01-20,1.07
1086485437,202602,26,2026-01-20,4.58
1031177668,202603,11,2026-01-20,3.96
31621386,202602,8,2026-01-20,1.07
82104971,202602,2,2026-01-20,3.69
1043627168,202603,32,2026-01-20,3.04
1018430835,202603,14,2026-01-20,4.74
1053743664,202601,19,2026-01-20,0.48
53114281,202601,25,2026-01-20,1.01
39426001,202601,44,2026-01-20,3.88
46978303,202603,20,2026-01-20,1.71
1085393768,202601,45,2026-01-20,0.79
53962388,202603,13,2026-01-20,2.32
71035797,202603,45,2026-01-20,4.05
1014059502,202602,27,2026-01-20,0.69
1058732174,202602,21,2026-01-20,3.32
45576366,202603,18,2026-01-20,0.43
61168503,202601,28,2026-01-20,2.37
1075642885,202603,9,2026-01-20,4.23
40097460,202601,20,2026-01-20,0.33
35464748,202601,16,2026-01-20,2.18
39707763,202601,25,2026-01-20,1.08
1044175163,202601,10,2026-01-20,1.01
1006246705,202603,15,2026-01-20,1.13
1094631055,202602,21,2026-01-20,2.76
57059330,202602,20,2026-01-20,2.64
1008495420,202602,42,2026-01-20,2.59
62469443,202602,47,2026-01-20,4.59
1054769288,202601,15,2026-01-20,3.63
1003267007,202601,24,2026-01-20,1.85
1048699276,202602,26,2026-01-20,2.75
60328166,202601,39,2026-01-20,3.61
47183952,202603,21,2026-01-20,0.04
44633608,202603,36,2026-01-20,4.46
1052398223,202601,8,2026-01-20,1.12
77729303,202602,25,2026-01-20,3.58
54467032,202603,10,2026-01-20,0.21
1053079926,202602,10,2026-01-20,4.87
1018293032,202602,12,2026-01-20,3.91
85592705,202601,48,2026-01-20,2.76
1032135185,202601,24,2026-01-20,4.77
1037021200,202601,5,2026-01-20,1.67
1070116694,202601,24,2026-01-20,0.71
39692568,202602,31,2026-01-20,4.15
1018790665,202601,5,2026-01-20,1.14
93775117,202602,5,2026-01-20,1.00
1042905031,202603,41,2026-01-20,2.86
93868284,202602,11,2026-01-20,4.49
45310943,202603,15,2026-01-20,3.72
1019284930,202601,2,2026-01-20,4.04
90275419,202602,21,2026-01-20,4.83
33969978,202602,9,2026-01-20,2.09
1049490257,202602,4,2026-01-20,2.18
43038620,202601,11,2026-01-20,1.13
1010260497,202603,8,2026-01-20,1.57
79368106,202601,34,2026-01-20,1.95
1013536421,202603,15,2026-01-20,1.35
50338562,202601,35,2026-01-20,1.35
1063413993,202602,3,2026-01-20,0.74
47083516,202603,39,2026-01-20,2.25
1083909848,202603,42,2026-01-20,2.23
37606743,202601,49,2026-01-20,2.44
48019522,202603,29,2026-01-20,0.37
42355421,202603,35,2026-01-20,3.10
1036489929,202603,49,2026-01-20,0.30
84973486,202603,40,2026-01-20,2.46
1013027986,202602,32,2026-01-20,3.32
47310926,202601,15,2026-01-20,4.24
79807561,202601,34,2026-01-20,3.23
1047680468,202602,8,2026-01-20,0.75
33750280,202601,45,2026-01-20,1.55
1010925452,202603,13,2026-01-20,0.03
1097519225,202603,37,2026-01-20,1.37
1039526962,202601,18,2026-01-20,1.67
89389413,202603,13,2026-01-20,4.13
1067420179,202601,28,2026-01-20,0.96
95020967,202602,43,2026-01-20,0.92
97189889,202602,10,2026-01-20,1.58
90962093,202602,41,2026-01-20,4.46
1044149811,202601,5,2026-01-20,2.44
61973056,202602,29,2026-01-20,0.57
1056432083,202603,27,2026-01-20,4.93
1044218719,202602,8,2026-01-20,3.12
1028640582,202603,22,2026-01-20,2.72
75237482,202603,5,2026-01-20,3.86
64323076,202601,2,2026-01-20,2.23
1056310592,202601,7,2026-01-20,4.44
64730487,202601,49,2026-01-20,3.01
1024200664,202601,28,2026-01-20,0.77
1019070244,202601,9,2026-01-20,3.53
1023836786,202601,30,2026-01-20,0.51
44955754,202601,19,2026-01-20,4.37
1006568881,202601,43,2026-01-20,3.21
97437464,202603,24,2026-01-20,2.51
95001004,202603,21,2026-01-20,3.32
91282504,202602,37,2026-01-20,1.84
75526373,202601,33,2026-01-20,0.33
82039205,202602,49,2026-01-20,2.46
1098345343,202601,50,2026-01-20,1.37
1079611318,202601,19,2026-01-20,2.82
1093768378,202602,33,2026-01-20,0.92
55006550,202602,4,2026-01-20,1.56
37455678,202602,32,2026-01-20,3.69
73644377,202602,31,2026-01-20,2.76
86330204,202601,43,2026-01-20,1.33
84889325,202601,46,2026-01-20,1.34
80920316,202602,27,2026-01-20,0.34
94875060,202601,34,2026-01-20,2.63
74890455,202601,27,2026-01-20,3.60
62845179,202603,27,2026-01-20,3.33
1028957210,202601,10,2026-01-20,4.69
91058579,202601,6,2026-01-20,3.79
36871535,202603,32,2026-01-20,4.81
46141742,202601,31,2026-01-20,0.06
55123142,202601,1,2026-01-20,4.09
1029056818,202603,31,2026-01-20,2.07
83775743,202603,28,2026-01-20,4.79
76665582,202601,7,2026-01-20,3.13
1056191849,202603,48,2026-01-20,1.72
1041825092,202603,43,2026-01-20,4.40
85026357,202602,44,2026-01-20,0.64
1003151977,202602,49,2026-01-20,1.87
1004012733,202602,1,2026-01-20,3.84
92314981,202602,19,2026-01-20,2.15
1021688299,202602,48,2026-01-20,2.94
1009041127,202601,33,2026-01-20,2.83
1044134363,202601,8,2026-01-20,2.53
82228900,202603,11,2026-01-20,1.99
37479988,202602,13,2026-01-20,4.32
1007386943,202602,34,2026-01-20,1.26
1060267799,202601,20,2026-01-20,0.72
1038452621,202603,41,2026-01-20,1.13
52714676,202601,30,2026-01-20,2.81
68750997,202603,47,2026-01-20,2.10
1093087038,202602,10,2026-01-20,2.27
1071845264,202602,35,2026-01-20,0.04
79548545,202602,43,2026-01-20,3.42
78475184,202602,35,2026-01-20,4.29
45571220,202601,49,2026-01-20,1.13
34462254,202603,4,2026-01-20,2.07
89746560,202603,18,2026-01-20,2.51
1080290776,202602,10,2026-01-20,3.37
1000184696,202601,8,2026-01-20,4.99
34056635,202603,5,2026-01-20,0.65
1030033369,202601,22,2026-01-20,1.06
43649098,202603,45,2026-01-20,3.72
41240743,202603,12,2026-01-20,4.92
1045089268,202602,27,2026-01-20,0.84
1079809568,202601,21,2026-01-20,4.00
1087045322,202601,5,2026-01-20,2.84
58981481,202602,47,2026-01-20,3.99
1065071550,202601,13,2026-01-20,3.64
1048513377,202601,9,2026-01-20,3.94
45798099,202602,27,2026-01-20,1.54
1069414540,202601,31,2026-01-20,3.66
1021763469,202601,39,2026-01-20,2.07
43144397,202602,1,2026-01-20,4.28
1000950902,202601,22,2026-01-20,0.06
1009026749,202602,5,2026-01-20,3.67
1020381018,202602,3,2026-01-20,0.04
1011225454,202601,16,2026-01-20,2.35
42355421,202601,44,2026-01-20,1.30
56144268,202601,16,2026-01-20,1.61
1064838046,202601,49,2026-01-20,0.67
1097516509,202603,12,2026-01-20,4.96
52220127,202601,40,2026-01-20,3.75
1028299198,202601,23,2026-01-20,0.29
85009765,202603,41,2026-01-20,2.23
1063075625,202602,42,2026-01-20,4.85
60219015,202601,19,2026-01-20,2.89
42396474,202602,46,2026-01-20,1.88
1085346425,202603,36,2026-01-20,1.28
72843053,202602,23,2026-01-20,2.56
53999454,202601,12,2026-01-20,1.09
97427352,202603,45,2026-01-20,4.10
73656762,202602,31,2026-01-20,3.32
1082450177,202603,11,2026-01-20,4.91
53999454,202602,48,2026-01-20,2.16
1096688043,202602,5,2026-01-20,0.23
1044134363,202602,21,2026-01-20,3.24
1028990320,202601,42,2026-01-20,2.13
59687758,202603,45,2026-01-20,3.26
91534617,202601,27,2026-01-20,0.47
1088518387,202603,40,2026-01-20,3.33
1040637362,202602,9,2026-01-20,1.81
84015759,202603,2,2026-01-20,1.71
33750280,202602,15,2026-01-20,4.40
1045636335,202601,48,2026-01-20,2.22
1074166810,202601,44,2026-01-20,3.65
1038452621,202603,24,2026-01-20,2.09
1060917828,202602,39,2026-01-20,3.67
62482321,202601,50,2026-01-20,1.88
69786220,202601,12,2026-01-20,2.64
1055456806,202602,41,2026-01-20,1.50
1082178263,202603,28,2026-01-20,1.67
82940416,202603,43,2026-01-20,0.14
1022135825,202602,17,2026-01-20,2.10
1066578975,202601,42,2026-01-20,2.01
79160768,202602,13,2026-01-20,3.62
64343656,202602,36,2026-01-20,1.41
54765555,202601,25,2026-01-20,0.98
1022146249,202602,11,2026-01-20,1.72
1020432196,202603,15,2026-01-20,3.99
99976655,202601,40,2026-01-20,0.39
1091873538,202601,7,2026-01-20,0.75
49438162,202601,6,2026-01-20,3.34
1023578217,202603,28,2026-01-20,2.98
1065112872,202601,18,2026-01-20,3.06
1076222137,202601,24,2026-01-20,1.21
95558748,202601,20,2026-01-20,2.12
84973486,202601,43,2026-01-20,4.67
1062208277,202601,4,2026-01-20,1.59
1005865166,202601,10,2026-01-20,1.86
67899667,202601,44,2026-01-20,4.21
1075316909,202603,31,2026-01-20,3.86
72127413,202603,20,2026-01-20,0.38
97933143,202602,18,2026-01-20,3.71
67057033,202603,7,2026-01-20,0.58
1004012733,202601,7,2026-01-20,1.61
42559158,202601,37,2026-01-20,1.60
59687758,202601,3,2026-01-20,2.44
47428466,202601,42,2026-01-20,4.46
1050426980,202602,34,2026-01-20,3.68
1071514560,202602,7,2026-01-20,1.26
1056857568,202601,30,2026-01-20,3.89
78417254,202602,3,2026-01-20,4.02
32874659,202601,18,2026-01-20,3.83
38422839,202602,47,2026-01-20,2.93
1094168205,202603,32,2026-01-20,4.67
60839818,202602,9,2026-01-20,3.04
98045764,202601,9,2026-01-20,0.08
31526175,202602,2,2026-01-20,2.63
42396474,202601,15,2026-01-20,1.46
1017935369,202602,34,2026-01-20,3.68
40121993,202603,30,2026-01-20,3.39
1087783234,202602,4,2026-01-20,4.52
1092744830,202601,16,2026-01-20,4.16
1084449619,202602,35,2026-01-20,1.65
91776081,202602,24,2026-01-20,4.26
1036531208,202601,6,2026-01-20,3.49
1026230592,202602,11,2026-01-20,3.99
78263689,202603,45,2026-01-20,0.42
1048699276,202602,35,2026-01-20,4.34
1082079125,202603,43,2026-01-20,1.71
97189889,202601,46,2026-01-20,4.32
82397142,202602,44,2026-01-20,2.22
79497849,202603,27,2026-01-20,1.01
95001004,202602,28,2026-01-20,2.61
31422821,202603,18,2026-01-20,2.71
34663424,202603,28,2026-01-20,0.04
96200203,202601,37,2026-01-20,4.49
69920420,202603,39,2026-01-20,2.16
56905064,202602,29,2026-01-20,4.38
1040808977,202603,43,2026-01-20,0.82
1073739789,202601,9,2026-01-20,2.98
1090511890,202601,45,2026-01-20,3.15
73491042,202603,33,2026-01-20,3.31
1019284930,202602,33,2026-01-20,1.46
1057667898,202603,38,2026-01-20,2.81
93487466,202603,4,2026-01-20,4.94
1025669880,202602,18,2026-01-20,3.47
1054074612,202603,45,2026-01-20,0.56
90947377,202601,33,2026-01-20,1.73
1076702939,202601,21,2026-01-20,1.92
38303255,202602,44,2026-01-20,4.01
52778943,202602,9,2026-01-20,4.88
1083346865,202603,40,2026-01-20,4.72
33792355,202603,28,2026-01-20,0.50
54224338,202603,25,2026-01-20,3.34
45636319,202603,50,2026-01-20,0.85
66970386,202603,29,2026-01-20,2.99
1024256266,202602,23,2026-01-20,0.63
90398238,202601,18,2026-01-20,3.51
1059675877,202602,11,2026-01-20,2.79
1002775277,202602,42,2026-01-20,2.96
1024256266,202601,48,2026-01-20,3.89
1032080849,202601,47,2026-01-20,2.20
1002320387,202602,22,2026-01-20,0.60
92816792,202602,22,2026-01-20,3.63
34691838,202603,49,2026-01-20,1.76
67048442,202602,29,2026-01-20,1.34
1055053246,202602,17,2026-01-20,1.03
1031865104,202603,48,2026-01-20,1.34
76426305,202603,8,2026-01-20,3.79
1097136726,202601,21,2026-01-20,2.15
1067631203,202601,9,2026-01-20,2.87
51433462,202601,18,2026-01-20,2.94
67816443,202601,2,2026-01-20,1.42
1091087698,202603,12,2026-01-20,3.04
73918384,202601,15,2026-01-20,2.61
1032135185,202602,28,2026-01-20,4.05
65490617,202603,4,2026-01-20,4.92
1075807469,202603,38,2026-01-20,2.75
58258991,202603,18,2026-01-20,3.42
1038473469,202603,30,2026-01-20,0.57
1087634470,202602,37,2026-01-20,1.76
1076430980,202602,31,2026-01-20,2.69
86094219,202603,42,2026-01-20,1.61
1013326293,202601,4,2026-01-20,2.96
1008207166,202603,42,2026-01-20,1.10
99185781,202602,34,2026-01-20,3.20
57026931,202601,11,2026-01-20,0.70
80942083,202603,15,2026-01-20,3.76
99135707,202602,12,2026-01-20,0.49
74849970,202603,38,2026-01-20,0.36
37354048,202602,26,2026-01-20,4.91
1060124746,202603,35,2026-01-20,0.40
65039259,202603,7,2026-01-20,1.77
99266679,202602,21,2026-01-20,0.58
42396474,202603,41,2026-01-20,4.76
96990394,202601,42,2026-01-20,1.31
37504110,202601,43,2026-01-20,4.89
75129376,202603,36,2026-01-20,1.88
1067216425,202602,9,2026-01-20,3.91
69920420,202602,15,2026-01-20,4.87
1087119873,202602,28,2026-01-20,4.16
72497706,202603,35,2026-01-20,1.81
69356724,202601,23,2026-01-20,2.58
85417090,202602,41,2026-01-20,1.72
1081620104,202603,24,2026-01-20,2.92
83316610,202603,20,2026-01-20,3.43
48795776,202601,35,2026-01-20,4.08
1034051384,202601,20,2026-01-20,2.34
37095348,202602,6,2026-01-20,3.93
1064166460,202601,35,2026-01-20,1.61
1072113108,202602,39,2026-01-20,2.35
46719142,202602,38,2026-01-20,3.17
1040956570,202602,45,2026-01-20,3.82
95695927,202602,50,2026-01-20,3.64
1007343476,202602,26,2026-01-20,4.57
1093516084,202602,12,2026-01-20,0.46
1098413416,202603,31,2026-01-20,1.42
30540432,202602,36,2026-01-20,4.13
82190728,202601,44,2026-01-20,4.14
67359161,202603,50,2026-01-20,2.69
39953020,202602,13,2026-01-20,0.81
94150605,202601,3,2026-01-20,0.37
84973486,202601,35,2026-01-20,0.62
1022842998,202602,48,2026-01-20,3.29
33519894,202601,45,2026-01-20,1.38
1041641748,202602,2,2026-01-20,0.73
60220299,202603,8,2026-01-20,4.52
1012888963,202602,30,2026-01-20,2.00
65490617,202601,46,2026-01-20,3.33
91776081,202603,22,2026-01-20,4.98
32928985,202601,45,2026-01-20,0.99
73228111,202603,16,2026-01-20,4.01
1085421995,202603,16,2026-01-20,3.36
1054373038,202603,26,2026-01-20,1.28
55479619,202602,22,2026-01-20,2.62
1054929496,202601,29,2026-01-20,2.75
1070857598,202602,2,2026-01-20,1.35
73345986,202602,43,2026-01-20,1.43
1054373038,202601,41,2026-01-20,3.22
1001184112,202603,50,2026-01-20,3.12
82228900,202602,7,2026-01-20,0.50
1005237313,202603,25,2026-01-20,1.64
1063528228,202602,13,2026-01-20,0.06
68304668,202601,34,2026-01-20,3.31
70641925,202601,14,2026-01-20,4.15
78475184,202601,37,2026-01-20,2.72
36431924,202603,40,2026-01-20,3.97
58518142,202601,22,2026-01-20,4.63
1098638615,202603,10,2026-01-20,4.07
1037021200,202603,48,2026-01-20,4.73
1002397436,202602,17,2026-01-20,2.38
44045587,202603,27,2026-01-20,4.96
1013003173,202601,5,2026-01-20,1.25
1024019538,202603,3,2026-01-20,2.23
68793299,202602,11,2026-01-20,2.06
1008816273,202601,24,2026-01-20,2.76
84015759,202601,16,2026-01-20,1.30
45466865,202602,33,2026-01-20,2.76
1038041649,202601,32,2026-01-20,4.30
78826410,202603,9,2026-01-20,4.72
1058643809,202603,15,2026-01-20,2.87
32874659,202603,24,2026-01-20,2.37
33046098,202603,8,2026-01-20,1.67
1000184696,202602,39,2026-01-20,1.55
57761048,202602,1,2026-01-20,4.06
92519341,202602,4,2026-01-20,2.98
96200203,202602,23,2026-01-20,1.55
76508682,202603,14,2026-01-20,2.43
1029620914,202601,28,2026-01-20,2.37
34002599,202601,15,2026-01-20,3.17
97689312,202601,41,2026-01-20,3.28
49319271,202601,8,2026-01-20,0.08
1040420531,202603,36,2026-01-20,0.80
1026481235,202602,3,2026-01-20,4.61
1008675434,202602,18,2026-01-20,1.46
1029047003,202601,14,2026-01-20,4.62
76974717,202602,29,2026-01-20,3.30
41498481,202603,46,2026-01-20,3.16
42875126,202603,17,2026-01-20,4.71
64452514,202603,18,2026-01-20,0.57
60067086,202603,31,2026-01-20,4.32
1018686873,202601,34,2026-01-20,4.41
35222911,202602,11,2026-01-20,0.10
1081558869,202601,50,2026-01-20,2.58
1066254201,202602,15,2026-01-20,3.54
1076291251,202603,15,2026-01-20,0.18
78621742,202602,42,2026-01-20,4.86
1092099004,202602,31,2026-01-20,2.01
1048699276,202601,21,2026-01-20,2.80
66896239,202603,32,2026-01-20,3.27
61587776,202601,25,2026-01-20,3.26
77626532,202602,48,2026-01-20,2.14
1059407615,202601,21,2026-01-20,3.88
61281561,202603,17,2026-01-20,4.45
86330204,202601,20,2026-01-20,2.64
1076429853,202601,21,2026-01-20,1.81
1019386440,202602,6,2026-01-20,1.67
1097036630,202601,4,2026-01-20,1.48
1008974896,202601,24,2026-01-20,3.96
1007463129,202601,49,2026-01-20,2.76
43160793,202601,17,2026-01-20,3.77
86712566,202603,34,2026-01-20,1.65
1068296294,202603,29,2026-01-20,3.56
43649098,202603,27,2026-01-20,2.88
1020119156,202602,29,2026-01-20,3.76
1006023533,202602,2,2026-01-20,0.14
64730487,202603,24,2026-01-20,3.76
92586612,202601,31,2026-01-20,3.28
1002047778,202601,32,2026-01-20,1.51
1039139867,202602,8,2026-01-20,3.23
50432548,202602,26,2026-01-20,1.54
85171187,202602,31,2026-01-20,3.72
73094486,202601,25,2026-01-20,0.28
1025850208,202602,42,2026-01-20,1.09
1069345928,202602,44,2026-01-20,0.58
35872771,202602,27,2026-01-20,1.98
46727815,202603,4,2026-01-20,1.59
1062086217,202601,26,2026-01-20,1.66
99755591,202602,24,2026-01-20,3.28
67914350,202602,27,2026-01-20,4.04
1073159171,202601,8,2026-01-20,0.03
60839818,202602,23,2026-01-20,3.01
63798600,202603,18,2026-01-20,0.45
1008703602,202603,8,2026-01-20,3.33
1058597769,202601,17,2026-01-20,2.00
1085246412,202603,12,2026-01-20,1.58
1008972603,202601,40,2026-01-20,0.68
90398238,202602,12,2026-01-20,3.16
1039139867,202602,6,2026-01-20,3.21
1086852058,202602,30,2026-01-20,1.61
41015803,202603,40,2026-01-20,3.19
1019001628,202602,5,2026-01-20,0.33
72127413,202601,49,2026-01-20,4.46
91013727,202601,9,2026-01-20,1.86
1000116824,202601,27,2026-01-20,0.98
96077031,202602,48,2026-01-20,0.93
97072496,202602,42,2026-01-20,3.04
56532874,202603,22,2026-01-20,1.35
1042553817,202603,43,2026-01-20,4.84
1018341888,202603,44,2026-01-20,3.27
36180722,202601,3,2026-01-20,4.48
1021229417,202603,30,2026-01-20,4.55
1079497428,202603,25,2026-01-20,1.76
69920420,202602,9,2026-01-20,3.44
1047250065,202601,14,2026-01-20,3.22
1051667662,202603,27,2026-01-20,4.72
56015547,202601,18,2026-01-20,0.84
1088826901,202602,31,2026-01-20,2.76
64648758,202602,31,2026-01-20,2.75
77626532,202603,42,2026-01-20,2.69
1043967142,202602,16,2026-01-20,4.25
76971260,202601,12,2026-01-20,0.15
74685449,202601,28,2026-01-20,1.75
60199862,202603,16,2026-01-20,0.35
1077078920,202601,13,2026-01-20,0.60
1002397436,202602,33,2026-01-20,4.53
1074815344,202601,21,2026-01-20,4.35
77626532,202603,46,2026-01-20,4.84
77021295,202602,16,2026-01-20,4.43
76936139,202603,7,2026-01-20,3.83
1044011579,202602,43,2026-01-20,3.74
1065071550,202603,4,2026-01-20,0.53
47569997,202602,6,2026-01-20,1.52
1059831750,202603,28,2026-01-20,3.14
1050858656,202603,36,2026-01-20,4.56
48770617,202602,41,2026-01-20,1.85
96498665,202603,23,2026-01-20,1.30
92028629,202601,38,2026-01-20,1.04
62944946,202601,37,2026-01-20,0.87
1095177360,202602,12,2026-01-20,1.84
83405752,202601,15,2026-01-20,3.60
1039440026,202603,25,2026-01-20,4.15
35148325,202603,28,2026-01-20,2.61
1091061607,202601,21,2026-01-20,1.92
52778943,202602,45,2026-01-20,3.46
48824013,202602,8,2026-01-20,1.49
1097178454,202603,23,2026-01-20,4.92
1090811995,202602,44,2026-01-20,0.18
1009026749,202601,18,2026-01-20,3.76
94806348,202602,16,2026-01-20,1.20
63730029,202601,35,2026-01-20,0.65
1068987018,202601,20,2026-01-20,1.26
1054597235,202603,7,2026-01-20,1.82
60147260,202601,38,2026-01-20,3.59
90050392,202601,5,2026-01-20,2.94
56080424,202601,48,2026-01-20,2.63
33238292,202601,21,2026-01-20,0.85
98814841,202602,7,2026-01-20,1.79
1088342612,202602,48,2026-01-20,4.38
98932982,202601,47,2026-01-20,1.25
76212741,202603,7,2026-01-20,0.78
48428936,202603,6,2026-01-20,4.61
90550515,202602,42,2026-01-20,1.87
1062366183,202602,49,2026-01-20,1.69
69548947,202602,9,2026-01-20,2.58
1038070401,202602,13,2026-01-20,3.69
74685449,202602,18,2026-01-20,1.44
1030033369,202601,49,2026-01-20,2.75
1042026671,202602,11,2026-01-20,2.63
32594808,202602,49,2026-01-20,3.04
1071038447,202603,9,2026-01-20,1.17
60067086,202601,46,2026-01-20,1.28
59666586,202602,38,2026-01-20,3.51
1031991676,202602,49,2026-01-20,1.30
1060708875,202601,48,2026-01-20,0.08
33813487,202603,40,2026-01-20,1.83
54036900,202601,8,2026-01-20,2.13
86827045,202601,24,2026-01-20,3.93
1019573416,202601,22,2026-01-20,0.24
1060267799,202602,14,2026-01-20,3.99
1083694039,202601,48,2026-01-20,2.39
46416629,202603,1,2026-01-20,1.14
1097599054,202602,39,2026-01-20,0.37
75104235,202603,26,2026-01-20,2.61
80497388,202603,14,2026-01-20,3.99
1024323642,202601,6,2026-01-20,3.65
1019922382,202602,7,2026-01-20,3.34
1020432196,202601,32,2026-01-20,3.83
62516781,202602,3,2026-01-20,0.93
1028063293,202601,25,2026-01-20,4.90
73765362,202602,32,2026-01-20,1.47
1059301641,202602,7,2026-01-20,0.86
67994227,202603,39,2026-01-20,3.61
59684336,202603,41,2026-01-20,4.38
97862826,202601,19,2026-01-20,4.62
63455241,202602,20,2026-01-20,0.01
1041730889,202601,15,2026-01-20,0.66
63232628,202602,39,2026-01-20,2.89
34135447,202603,47,2026-01-20,2.31
36290993,202601,23,2026-01-20,3.40
78417254,202602,4,2026-01-20,2.01
83088174,202603,40,2026-01-20,2.15
1069149773,202603,40,2026-01-20,2.36
81058060,202601,16,2026-01-20,1.21
1077153118,202603,16,2026-01-20,1.55
1091881701,202603,9,2026-01-20,2.09
1050722759,202603,13,2026-01-20,4.89
1004492918,202603,26,2026-01-20,2.71
1062443829,202602,42,2026-01-20,3.76
98939141,202603,5,2026-01-20,0.55
71973506,202602,50,2026-01-20,1.71
37870780,202602,20,2026-01-20,1.13
52778943,202602,35,2026-01-20,4.83
1031932622,202602,3,2026-01-20,1.32
68010648,202602,42,2026-01-20,2.24
1011095368,202603,42,2026-01-20,4.19
40063371,202601,10,2026-01-20,0.36
57423173,202603,39,2026-01-20,2.82
1033561293,202601,18,2026-01-20,3.65
91586772,202603,25,2026-01-20,3.03
34816427,202602,15,2026-01-20,2.57
1005237313,202603,24,2026-01-20,0.81
1057559753,202603,11,2026-01-20,3.85
89389413,202602,30,2026-01-20,3.56
1050680214,202602,11,2026-01-20,1.62
1093768378,202603,22,2026-01-20,4.75
1082651440,202602,46,2026-01-20,2.47
1098511909,202602,30,2026-01-20,0.71
66998942,202601,2,2026-01-20,1.50
81332007,202603,10,2026-01-20,4.00
1090099972,202601,40,2026-01-20,0.95
1058508845,202601,20,2026-01-20,2.01
48947693,202602,39,2026-01-20,2.54
72144146,202602,50,2026-01-20,0.81
1067478622,202601,24,2026-01-20,4.43
68736525,202601,3,2026-01-20,3.42
41241184,202602,44,2026-01-20,3.56
93543371,202603,6,2026-01-20,3.73
1035349009,202603,49,2026-01-20,4.10
73601441,202602,39,2026-01-20,1.48
1024382784,202603,39,2026-01-20,3.16
1047250065,202601,30,2026-01-20,1.12
99185781,202603,12,2026-01-20,0.01
1096688043,202601,3,2026-01-20,2.11
50432548,202601,5,2026-01-20,0.70
86043827,202602,22,2026-01-20,0.59
34970451,202603,12,2026-01-20,0.73
34135447,202601,44,2026-01-20,2.61
36042779,202601,31,2026-01-20,3.94
63563348,202602,46,2026-01-20,1.78
72497706,202601,25,2026-01-20,2.25
44487394,202601,41,2026-01-20,4.73
1008974896,202601,16,2026-01-20,1.43
1000221029,202602,28,2026-01-20,0.76
54298582,202601,36,2026-01-20,4.57
1017634933,202601,30,2026-01-20,1.41
1059301641,202602,19,2026-01-20,1.90
98593535,202602,41,2026-01-20,2.72
1014016691,202603,49,2026-01-20,1.49
71157929,202601,9,2026-01-20,2.98
82030324,202601,6,2026-01-20,0.78
1024138686,202601,21,2026-01-20,0.05
67967683,202601,37,2026-01-20,2.42
80699602,202602,49,2026-01-20,2.19
41649322,202601,31,2026-01-20,2.88
1053819959,202602,28,2026-01-20,4.57
1020657383,202601,19,2026-01-20,4.90
86827045,202602,49,2026-01-20,4.71
1049991606,202603,41,2026-01-20,3.29
1095346269,202601,49,2026-01-20,1.74
1064329500,202602,38,2026-01-20,3.14
1079676549,202601,28,2026-01-20,1.83
1066333102,202601,7,2026-01-20,0.53
1002320387,202602,27,2026-01-20,2.99
1090625155,202603,5,2026-01-20,3.24
71120450,202601,7,2026-01-20,2.71
72894975,202601,16,2026-01-20,3.00
1013330523,202603,48,2026-01-20,0.58
81174416,202603,5,2026-01-20,0.59
81744096,202601,23,2026-01-20,1.08
1043772907,202603,28,2026-01-20,2.36
94784238,202601,32,2026-01-20,3.14
1095431662,202602,26,2026-01-20,4.22
1076861679,202601,37,2026-01-20,4.08
1062208277,202602,23,2026-01-20,4.01
1067216425,202602,23,2026-01-20,4.80
1088184168,202601,25,2026-01-20,3.84
1002896966,202602,11,2026-01-20,1.56
85100098,202602,21,2026-01-20,1.20
1017821581,202602,35,2026-01-20,2.22
95020967,202601,24,2026-01-20,1.62
1030287042,202602,19,2026-01-20,0.84
30964416,202601,5,2026-01-20,0.27
73765362,202601,8,2026-01-20,4.89
57709800,202603,28,2026-01-20,1.94
49658313,202602,2,2026-01-20,3.13
1016897235,202602,37,2026-01-20,1.13
1092085854,202602,17,2026-01-20,0.61
1023826764,202602,39,2026-01-20,3.86
1044134363,202601,23,2026-01-20,3.69
60613281,202602,8,2026-01-20,3.05
45721138,202602,6,2026-01-20,3.95
63798600,202603,31,2026-01-20,1.81
92380611,202603,7,2026-01-20,4.70
1068804394,202602,37,2026-01-20,2.15
99019697,202603,31,2026-01-20,2.08
35148325,202602,17,2026-01-20,1.88
42041667,202603,38,2026-01-20,0.46
1046368073,202602,35,2026-01-20,3.46
1094618577,202602,4,2026-01-20,3.36
1069576446,202601,22,2026-01-20,1.75
86554568,202603,19,2026-01-20,1.03
93116551,202602,14,2026-01-20,1.17
1015979012,202601,32,2026-01-20,0.52
84015759,202602,35,2026-01-20,3.94
1025490223,202601,26,2026-01-20,1.88
42875126,202601,34,2026-01-20,2.55
91080826,202601,15,2026-01-20,1.29
89682020,202603,17,2026-01-20,3.18
1067061193,202601,21,2026-01-20,2.90
1010077500,202602,28,2026-01-20,1.75
60051248,202601,25,2026-01-20,0.84
56108478,202601,6,2026-01-20,4.86
1041497086,202601,6,2026-01-20,1.87
1074509929,202602,25,2026-01-20,1.29
1045089268,202602,33,2026-01-20,1.50
56144268,202603,10,2026-01-20,2.96
1035873932,202602,43,2026-01-20,3.31
76955634,202601,6,2026-01-20,0.10
1023431254,202602,24,2026-01-20,1.37
30468493,202603,11,2026-01-20,2.03
57026931,202602,41,2026-01-20,0.21
79770013,202603,42,2026-01-20,3.24
76971260,202601,8,2026-01-20,0.04
1050680214,202603,5,2026-01-20,3.84
64343656,202603,27,2026-01-20,2.16
1038942437,202602,30,2026-01-20,4.88
1096034104,202602,42,2026-01-20,0.41
33813487,202601,37,2026-01-20,0.99
1049532112,202601,31,2026-01-20,4.82
32196132,202602,10,2026-01-20,2.06
83088174,202602,17,2026-01-20,2.26
55742810,202602,32,2026-01-20,0.61
91776081,202601,5,2026-01-20,1.80
1092177585,202602,12,2026-01-20,3.23
1059839706,202602,8,2026-01-20,4.31
1010392420,202601,28,2026-01-20,2.75
1081826544,202601,48,2026-01-20,1.28
44633610,202602,8,2026-01-20,1.72
1005284977,202602,34,2026-01-20,2.59
33813487,202601,20,2026-01-20,4.34
73735771,202603,36,2026-01-20,1.10
78263689,202602,36,2026-01-20,0.60
94702908,202602,7,2026-01-20,4.66
1038829720,202602,19,2026-01-20,0.59
31313386,202601,21,2026-01-20,2.04
1046223183,202603,50,2026-01-20,1.57
1002906642,202601,45,2026-01-20,4.76
60872709,202603,47,2026-01-20,2.33
1084449619,202601,27,2026-01-20,0.48
99361815,202603,2,2026-01-20,1.82
99185781,202603,19,2026-01-20,2.07
86735109,202601,3,2026-01-20,3.71
1024019538,202603,37,2026-01-20,2.85
91106002,202602,48,2026-01-20,4.03
1048608777,202603,1,2026-01-20,4.73
1004492918,202602,49,2026-01-20,1.13
1025988505,202601,43,2026-01-20,0.33
64452514,202602,50,2026-01-20,0.97
70004049,202603,21,2026-01-20,4.00
92282202,202603,32,2026-01-20,0.35
1094805011,202602,20,2026-01-20,3.89
41575349,202601,34,2026-01-20,2.28
62665644,202601,2,2026-01-20,4.08
61511623,202602,34,2026-01-20,0.26
42811025,202601,32,2026-01-20,0.50
1067216425,202601,19,2026-01-20,2.51
1074903638,202601,26,2026-01-20,4.20
57405464,202603,2,2026-01-20,2.67
65279946,202602,29,2026-01-20,3.15
1079676549,202602,24,2026-01-20,0.44
1089625942,202603,32,2026-01-20,1.14
1074117498,202603,11,2026-01-20,4.05
1096197568,202602,10,2026-01-20,3.12
32672433,202602,8,2026-01-20,1.19
1075620440,202602,50,2026-01-20,1.23
85922620,202603,42,2026-01-20,1.17
69040432,202603,7,2026-01-20,4.42
1078535485,202603,38,2026-01-20,3.79
1033728860,202602,21,2026-01-20,2.48
72863382,202603,44,2026-01-20,4.11
1015578600,202601,26,2026-01-20,1.49
1026048432,202603,32,2026-01-20,3.16
1081620104,202603,5,2026-01-20,3.51
1024385954,202602,27,2026-01-20,0.91
67347697,202603,24,2026-01-20,2.57
1013868109,202601,48,2026-01-20,1.52
36180722,202601,41,2026-01-20,2.23
56804370,202603,8,2026-01-20,0.00
82423046,202603,4,2026-01-20,2.33
1015309191,202601,38,2026-01-20,0.97
37916742,202602,31,2026-01-20,3.57
1025227220,202601,30,2026-01-20,2.16
1085346425,202601,23,2026-01-20,3.53
92994039,202603,33,2026-01-20,4.49
66701415,202601,2,2026-01-20,1.74
80031278,202603,33,2026-01-20,0.49
1072367578,202601,46,2026-01-20,4.07
68049579,202601,43,2026-01-20,4.75
1044134363,202602,32,2026-01-20,2.60
1034303678,202603,18,2026-01-20,4.82
1032741102,202603,15,2026-01-20,0.15
1038829720,202602,3,2026-01-20,1.83
71120450,202602,27,2026-01-20,0.73
89118651,202603,33,2026-01-20,1.61
1065527857,202602,15,2026-01-20,4.05
1054929496,202601,21,2026-01-20,0.35
1040902876,202603,7,2026-01-20,4.61
37606743,202603,44,2026-01-20,0.29
60872709,202603,35,2026-01-20,2.42
1058508845,202602,31,2026-01-20,4.41
1041641748,202601,47,2026-01-20,1.79
39353726,202602,49,2026-01-20,3.08
34119738,202602,30,2026-01-20,0.78
1075316909,202601,12,2026-01-20,2.06
60872709,202603,32,2026-01-20,4.12
1014660453,202602,39,2026-01-20,0.12
1060267799,202603,9,2026-01-20,1.87
1090435407,202603,26,2026-01-20,1.84
43144397,202603,9,2026-01-20,1.49
1062208277,202603,6,2026-01-20,0.04
59405820,202603,47,2026-01-20,1.11
63999790,202603,11,2026-01-20,0.16
72082182,202603,24,2026-01-20,1.84
1043464237,202603,35,2026-01-20,3.07
97427352,202603,37,2026-01-20,2.92
1048650934,202602,2,2026-01-20,0.63
41498481,202601,4,2026-01-20,3.98
1078657328,202603,49,2026-01-20,3.39
56146659,202603,30,2026-01-20,4.37
46921128,202603,24,2026-01-20,2.49
69155895,202601,11,2026-01-20,0.68
1042925168,202602,30,2026-01-20,3.37
1019334513,202602,7,2026-01-20,4.77
51841416,202603,24,2026-01-20,1.82
1044085115,202602,33,2026-01-20,0.64
1024249633,202603,6,2026-01-20,3.98
45721138,202602,8,2026-01-20,0.20
49319271,202601,36,2026-01-20,4.91
99650592,202603,23,2026-01-20,4.55
1069549588,202603,9,2026-01-20,1.58
93052006,202601,30,2026-01-20,3.88
32715285,202603,5,2026-01-20,0.07
1010966782,202601,35,2026-01-20,1.50
42485545,202602,11,2026-01-20,2.65
59169686,202601,2,2026-01-20,4.13
35398672,202603,12,2026-01-20,4.88
43157337,202603,19,2026-01-20,3.07
49202206,202602,28,2026-01-20,4.42
1024138686,202603,9,2026-01-20,3.17
1031998411,202601,11,2026-01-20,2.38
81309137,202602,1,2026-01-20,4.10
73701146,202602,21,2026-01-20,0.38
1055094339,202603,5,2026-01-20,1.06
1028634280,202603,42,2026-01-20,0.93
93868284,202601,37,2026-01-20,0.02
44092597,202603,4,2026-01-20,1.00
75703422,202603,41,2026-01-20,0.50
62050847,202602,23,2026-01-20,3.78
80497388,202601,19,2026-01-20,2.09
59809371,202602,34,2026-01-20,1.27
46344567,202602,5,2026-01-20,4.33
1056122941,202603,3,2026-01-20,0.30
79160768,202602,34,2026-01-20,2.92
1004848577,202603,4,2026-01-20,2.95
1061901057,202603,46,2026-01-20,3.90
1054736697,202603,24,2026-01-20,2.66
1074328168,202603,6,2026-01-20,1.30
1056191849,202603,45,2026-01-20,0.51
1060035787,202601,7,2026-01-20,4.67
30540432,202602,48,2026-01-20,0.20
58244672,202603,33,2026-01-20,2.74
30070620,202602,42,2026-01-20,0.81
1042847004,202601,36,2026-01-20,0.39
1036669627,202601,12,2026-01-20,4.04
1079809568,202603,11,2026-01-20,0.23
1028640582,202603,23,2026-01-20,2.24
1015578600,202603,21,2026-01-20,2.84
1018277699,202603,41,2026-01-20,4.11
1039529310,202602,22,2026-01-20,3.57
1024019538,202601,23,2026-01-20,4.80
1001013682,202601,13,2026-01-20,1.24
1004654215,202603,46,2026-01-20,1.50
1059990455,202603,47,2026-01-20,3.43
1098738776,202601,9,2026-01-20,1.17
1014853855,202602,44,2026-01-20,1.46
1006464295,202601,8,2026-01-20,0.46
1061938383,202601,20,2026-01-20,3.10
30601717,202602,1,2026-01-20,0.53
83400748,202601,47,2026-01-20,2.57
58598564,202602,17,2026-01-20,0.62
41015803,202601,26,2026-01-20,4.75
33155290,202601,1,2026-01-20,0.08
45877626,202603,47,2026-01-20,0.17
68750997,202602,20,2026-01-20,2.03
1037522854,202601,4,2026-01-20,2.37
51961734,202603,4,2026-01-20,0.76
68750997,202602,49,2026-01-20,1.66
68750997,202602,43,2026-01-20,1.27
72426783,202602,2,2026-01-20,2.26
1058357856,202601,20,2026-01-20,0.96
1047784051,202602,16,2026-01-20,4.93
1026762399,202601,5,2026-01-20,2.73
45798099,202602,17,2026-01-20,3.07
64648758,202602,13,2026-01-20,3.01
1084004136,202603,4,2026-01-20,3.12
1098936522,202601,5,2026-01-20,0.56
33792355,202602,39,2026-01-20,3.79
30879147,202601,41,2026-01-20,3.54
35464748,202602,41,2026-01-20,4.40
77612525,202601,47,2026-01-20,3.05
1015934812,202603,8,2026-01-20,4.08
1007343476,202603,1,2026-01-20,0.15
77979186,202603,32,2026-01-20,1.92
1092217316,202603,2,2026-01-20,2.46
41015803,202601,15,2026-01-20,2.91
1083800935,202602,15,2026-01-20,2.89
31621386,202603,36,2026-01-20,0.29
1024628763,202602,4,2026-01-20,4.50
1001280861,202603,14,2026-01-20,2.44
83190501,202603,14,2026-01-20,0.60
44045587,202602,49,2026-01-20,1.47
99135707,202601,38,2026-01-20,2.84
48088095,202601,5,2026-01-20,0.51
1098966937,202602,29,2026-01-20,2.97
30070620,202601,9,2026-01-20,3.78
64614689,202601,41,2026-01-20,0.72
93290880,202601,45,2026-01-20,1.23
98946655,202602,28,2026-01-20,0.90
75184093,202603,39,2026-01-20,4.24
92119224,202602,30,2026-01-20,2.19
64730487,202601,14,2026-01-20,4.53
1085592766,202602,9,2026-01-20,3.68
1057454908,202601,14,2026-01-20,0.87
1056259919,202601,11,2026-01-20,2.62
1019881425,202602,40,2026-01-20,1.74
46460549,202603,49,2026-01-20,2.84
1050376817,202601,35,2026-01-20,2.30
1015464663,202601,38,2026-01-20,3.77
71034085,202603,6,2026-01-20,0.34
77612525,202603,12,2026-01-20,3.84
64870524,202603,13,2026-01-20,3.91
1032220372,202601,26,2026-01-20,0.11
35244693,202603,16,2026-01-20,2.68
57125787,202601,11,2026-01-20,2.88
70326217,202603,2,2026-01-20,0.51
1064363111,202601,20,2026-01-20,4.61
38698172,202601,23,2026-01-20,4.26
1058533255,202603,35,2026-01-20,2.59
97855621,202602,19,2026-01-20,1.96
81050630,202601,2,2026-01-20,2.93
1011682107,202602,35,2026-01-20,3.70
1027562166,202601,26,2026-01-20,1.24
1060267799,202603,34,2026-01-20,4.64
1018935310,202603,45,2026-01-20,1.77
1085393768,202601,49,2026-01-20,2.74
42446143,202601,40,2026-01-20,1.84
65087609,202601,27,2026-01-20,2.34
1043967142,202603,27,2026-01-20,3.00
1013326293,202603,22,2026-01-20,0.78
42036612,202601,38,2026-01-20,3.23
1097366764,202602,50,2026-01-20,2.06
1013793244,202603,46,2026-01-20,1.48
94084212,202601,27,2026-01-20,4.68
93290880,202601,6,2026-01-20,2.06
1044175163,202602,28,2026-01-20,1.00
1000323430,202602,11,2026-01-20,0.99
1041670295,202602,17,2026-01-20,1.10
1069576446,202601,9,2026-01-20,0.24
64323076,202602,19,2026-01-20,2.39
30540432,202601,20,2026-01-20,3.60
78113904,202602,16,2026-01-20,4.37
1027506774,202603,17,2026-01-20,4.16
75670673,202602,37,2026-01-20,4.19
67816443,202601,17,2026-01-20,4.30
98601766,202602,49,2026-01-20,4.74
69473122,202602,10,2026-01-20,2.99
1005929938,202603,25,2026-01-20,0.74
67359161,202602,22,2026-01-20,3.89
1048146041,202603,21,2026-01-20,2.59
82423046,202601,31,2026-01-20,4.67
1016029302,202603,24,2026-01-20,3.85
1044085115,202602,23,2026-01-20,4.25
33813487,202603,47,2026-01-20,0.77
1055703970,202601,15,2026-01-20,4.44
89682020,202601,23,2026-01-20,0.94
81154638,202602,11,2026-01-20,1.67
49350843,202602,3,2026-01-20,3.37
1050602460,202601,2,2026-01-20,2.03
36707543,202603,12,2026-01-20,4.26
1004501244,202601,13,2026-01-20,4.79
67032401,202603,29,2026-01-20,0.31
1063988660,202603,21,2026-01-20,4.94
86179450,202602,45,2026-01-20,1.24
31422821,202603,48,2026-01-20,0.25
1077969516,202602,42,2026-01-20,3.88
49272319,202603,3,2026-01-20,1.25
30782048,202602,5,2026-01-20,2.51
42090061,202602,14,2026-01-20,0.30
93646509,202602,18,2026-01-20,3.87
31161057,202603,35,2026-01-20,2.07
1060313103,202601,10,2026-01-20,0.14
1070197579,202603,50,2026-01-20,2.74
1038356730,202601,50,2026-01-20,4.96
35148325,202602,15,2026-01-20,4.52
62156729,202602,33,2026-01-20,0.20
76508682,202601,37,2026-01-20,0.03
34901693,202601,25,2026-01-20,0.68
46470394,202602,31,2026-01-20,2.71
1070237496,202603,28,2026-01-20,4.62
48947693,202603,48,2026-01-20,0.62
1074328168,202602,3,2026-01-20,4.82
39953020,202601,31,2026-01-20,0.35
1052726492,202603,25,2026-01-20,3.94
41529925,202603,18,2026-01-20,1.51
53962388,202601,11,2026-01-20,2.39
1011682107,202601,37,2026-01-20,4.77
1011030457,202603,2,2026-01-20,3.49
1007463129,202603,12,2026-01-20,2.77
1052038221,202603,42,2026-01-20,3.33
59741236,202602,32,2026-01-20,3.57
1017698663,202602,44,2026-01-20,2.06
49795450,202602,5,2026-01-20,0.63
1052535326,202603,43,2026-01-20,3.62
1034818949,202601,50,2026-01-20,1.17
1010260497,202601,18,2026-01-20,3.15
1037021200,202601,40,2026-01-20,2.17
1054597235,202601,3,2026-01-20,4.52
43961475,202601,25,2026-01-20,3.88
1095760428,202602,27,2026-01-20,0.19
70858674,202602,33,2026-01-20,0.79
1009041127,202603,23,2026-01-20,1.98
1097747763,202602,41,2026-01-20,3.51
1081620104,202602,21,2026-01-20,3.53
1066004956,202603,33,2026-01-20,3.07
1037567235,202602,14,2026-01-20,4.66
1009147420,202602,3,2026-01-20,0.30
95993950,202603,47,2026-01-20,3.00
1085160729,202603,42,2026-01-20,3.60
63232628,202601,14,2026-01-20,4.90
1020597827,202602,41,2026-01-20,2.96
1091143356,202601,13,2026-01-20,1.34
59684336,202602,14,2026-01-20,0.93
38806725,202602,5,2026-01-20,3.59
44320241,202602,3,2026-01-20,4.06
72497706,202602,9,2026-01-20,4.79
1000116824,202602,6,2026-01-20,3.71
1053586230,202602,25,2026-01-20,0.95
1060267799,202601,35,2026-01-20,0.84
99740279,202603,4,2026-01-20,1.38
1012888963,202602,35,2026-01-20,3.70
64343656,202601,49,2026-01-20,4.98
1073741909,202601,10,2026-01-20,1.21
69705384,202603,21,2026-01-20,4.61
42800371,202603,20,2026-01-20,3.28
1067172956,202602,26,2026-01-20,3.02
1098936522,202601,3,2026-01-20,0.52
90865755,202602,28,2026-01-20,4.73
65711867,202601,36,2026-01-20,4.19
60143019,202601,35,2026-01-20,0.41
37920000,202602,41,2026-01-20,2.96
1032051093,202603,6,2026-01-20,1.23
1054373038,202603,37,2026-01-20,2.73
1077412597,202602,31,2026-01-20,1.37
1004492918,202601,14,2026-01-20,4.45
34462254,202601,8,2026-01-20,3.27
1081826544,202601,38,2026-01-20,3.40
97489250,202601,15,2026-01-20,3.95
44715764,202601,39,2026-01-20,3.77
1069459393,202602,23,2026-01-20,2.32
1030033369,202603,15,2026-01-20,1.58
64648758,202602,36,2026-01-20,1.57
1012013526,202602,44,2026-01-20,4.10
93954049,202601,9,2026-01-20,2.48
1031144606,202603,39,2026-01-20,3.92
97116961,202603,4,2026-01-20,3.21
1088095165,202602,12,2026-01-20,1.01
99791030,202603,44,2026-01-20,3.00
48601507,202602,45,2026-01-20,1.46
93954049,202603,49,2026-01-20,2.29
1086347620,202601,48,2026-01-20,2.22
38698172,202602,43,2026-01-20,4.01
56078773,202602,29,2026-01-20,1.60
1098738776,202601,44,2026-01-20,1.06
50286559,202603,5,2026-01-20,1.29
1064125477,202602,11,2026-01-20,2.71
89466927,202602,16,2026-01-20,1.68
1055747304,202603,29,2026-01-20,3.16
1069218990,202602,35,2026-01-20,3.17
30236291,202603,47,2026-01-20,3.40
87735535,202603,39,2026-01-20,2.72
1013876318,202603,28,2026-01-20,3.58
69991877,202602,14,2026-01-20,1.17
1064299708,202602,38,2026-01-20,1.12
1031223806,202601,42,2026-01-20,3.49
60143019,202601,32,2026-01-20,1.23
50412415,202603,33,2026-01-20,0.95
1076702939,202602,14,2026-01-20,4.84
78778931,202601,5,2026-01-20,1.07
92892395,202602,44,2026-01-20,0.74
1051150626,202602,26,2026-01-20,3.30
1092119995,202603,4,2026-01-20,2.35
36462346,202601,16,2026-01-20,0.53
53935382,202602,3,2026-01-20,1.42
1082777317,202601,33,2026-01-20,4.11
1050371525,202601,16,2026-01-20,0.45
1001013682,202602,16,2026-01-20,2.38
57731600,202603,42,2026-01-20,2.24
61541459,202601,27,2026-01-20,0.60
80243240,202601,25,2026-01-20,4.98
62050847,202601,16,2026-01-20,2.89
90929817,202601,36,2026-01-20,3.41
1096034104,202603,28,2026-01-20,4.82
92754237,202601,9,2026-01-20,1.70
70326217,202603,13,2026-01-20,3.58
89113140,202602,49,2026-01-20,0.99
1081161290,202602,12,2026-01-20,0.91
68855730,202601,43,2026-01-20,0.37
50698077,202601,8,2026-01-20,2.25
1094023671,202601,27,2026-01-20,2.38
1020299978,202602,47,2026-01-20,4.69
63191159,202603,9,2026-01-20,0.23
1083694039,202602,6,2026-01-20,4.51
1019405648,202603,23,2026-01-20,1.83
1015979012,202603,17,2026-01-20,4.59
1090449835,202601,44,2026-01-20,1.82
1091641011,202601,18,2026-01-20,0.66
1094160842,202601,38,2026-01-20,1.25
1088808302,202602,37,2026-01-20,4.85
95001004,202601,43,2026-01-20,0.90
1020969234,202602,20,2026-01-20,4.36
1091627366,202601,42,2026-01-20,2.88
1013942474,202602,14,2026-01-20,2.69
1029853383,202601,1,2026-01-20,1.92
95206438,202602,30,2026-01-20,0.42
1064332250,202602,23,2026-01-20,1.80
1000339858,202602,7,2026-01-20,2.74
1068043652,202602,8,2026-01-20,4.22
1018431885,202602,46,2026-01-20,0.62
64614689,202601,14,2026-01-20,2.08
60429658,202603,46,2026-01-20,3.02
1083939734,202602,37,2026-01-20,0.86
1023675089,202603,22,2026-01-20,2.58
1081257603,202603,41,2026-01-20,2.25
1003267007,202601,26,2026-01-20,3.16
1088430064,202601,2,2026-01-20,0.97
63790996,202602,9,2026-01-20,2.79
63936632,202603,18,2026-01-20,1.38
78906363,202602,17,2026-01-20,1.78
92816792,202603,1,2026-01-20,2.86
89840444,202603,1,2026-01-20,1.57
1057606690,202603,4,2026-01-20,3.75
79018145,202602,29,2026-01-20,1.07
1040187595,202601,4,2026-01-20,1.28
82705109,202602,17,2026-01-20,3.48
1008207166,202601,12,2026-01-20,3.43
62941780,202602,46,2026-01-20,2.88
61348750,202602,9,2026-01-20,4.03
97354362,202601,11,2026-01-20,4.04
55123142,202602,9,2026-01-20,3.22
1053787901,202601,32,2026-01-20,3.61
1065718177,202601,32,2026-01-20,3.89
1002965740,202603,9,2026-01-20,1.28
31872850,202603,40,2026-01-20,1.25
1068712432,202603,32,2026-01-20,4.15
76948743,202603,26,2026-01-20,0.70
95256192,202603,44,2026-01-20,0.23
1092628452,202601,10,2026-01-20,4.12
86554568,202602,42,2026-01-20,0.52
48428936,202602,16,2026-01-20,1.19
39223311,202602,12,2026-01-20,0.09
1091211272,202601,17,2026-01-20,3.94
1063759943,202602,23,2026-01-20,4.59
63999790,202601,28,2026-01-20,4.23
52979880,202603,25,2026-01-20,0.84
48702918,202603,24,2026-01-20,3.78
49202206,202602,3,2026-01-20,4.23
71115249,202603,8,2026-01-20,0.16
1084304491,202603,24,2026-01-20,0.73
1072367578,202602,6,2026-01-20,0.09
1015578600,202601,5,2026-01-20,2.99
43719485,202602,10,2026-01-20,3.18
74259539,202601,9,2026-01-20,3.18
1088170452,202602,15,2026-01-20,4.58
1076861679,202603,43,2026-01-20,4.43
36135793,202602,6,2026-01-20,4.96
1027369144,202602,35,2026-01-20,3.87
1048650934,202602,43,2026-01-20,4.29
1038097111,202602,30,2026-01-20,2.42
1031795545,202601,32,2026-01-20,3.54
72097380,202602,1,2026-01-20,5.00
1094574324,202601,39,2026-01-20,4.48
63261843,202602,6,2026-01-20,0.27
1013130402,202602,19,2026-01-20,3.06
45222838,202602,46,2026-01-20,0.14
1081558869,202601,26,2026-01-20,0.69
90942656,202601,41,2026-01-20,2.43
32165161,202601,32,2026-01-20,1.15
62654827,202601,32,2026-01-20,4.19
1098638615,202601,40,2026-01-20,2.12
60890646,202602,11,2026-01-20,4.10
1078387503,202603,5,2026-01-20,1.80
30528867,202601,9,2026-01-20,4.18
73199386,202602,48,2026-01-20,0.11
1067061193,202601,35,2026-01-20,0.01
1001306082,202602,14,2026-01-20,3.12
66802730,202601,13,2026-01-20,3.01
67348444,202603,13,2026-01-20,1.50
51544527,202602,45,2026-01-20,0.24
58258991,202602,43,2026-01-20,0.33
78826410,202603,40,2026-01-20,4.48
1020597827,202603,17,2026-01-20,2.99
41529925,202603,30,2026-01-20,1.79
1075771468,202601,49,2026-01-20,0.85
67816443,202603,6,2026-01-20,4.07
1021295093,202603,29,2026-01-20,3.91
1050722759,202602,1,2026-01-20,1.29
43141106,202603,47,2026-01-20,4.35
1011522972,202602,46,2026-01-20,1.31
1087522730,202601,40,2026-01-20,0.93
32013509,202602,37,2026-01-20,0.06
73183706,202603,39,2026-01-20,2.14
1066686558,202603,45,2026-01-20,0.83
30342339,202601,5,2026-01-20,4.64
1036531208,202601,32,2026-01-20,4.42
95993950,202602,9,2026-01-20,1.21
1013308658,202602,4,2026-01-20,0.31
1009148135,202603,12,2026-01-20,4.10
1084004136,202602,8,2026-01-20,4.99
92314981,202603,42,2026-01-20,4.88
1027523403,202603,44,2026-01-20,4.94
1096197568,202603,31,2026-01-20,1.73
69705384,202603,42,2026-01-20,0.23
1095198415,202601,5,2026-01-20,2.81
1032461864,202602,39,2026-01-20,4.19
1046816850,202601,50,2026-01-20,2.10
89682020,202601,38,2026-01-20,0.69
1090400128,202601,1,2026-01-20,4.81
1026841014,202602,13,2026-01-20,2.93
85026357,202602,13,2026-01-20,4.59
1042675764,202601,35,2026-01-20,1.57
52778943,202602,15,2026-01-20,3.84
43394296,202603,26,2026-01-20,0.15
1020383363,202601,13,2026-01-20,0.88
59339570,202603,30,2026-01-20,2.52
46700126,202601,25,2026-01-20,4.89
49337821,202603,41,2026-01-20,4.92
61168503,202602,4,2026-01-20,4.78
58908923,202602,50,2026-01-20,4.94
70400875,202603,18,2026-01-20,2.90
1038096136,202603,1,2026-01-20,0.35
64624630,202601,13,2026-01-20,2.96
48270466,202602,11,2026-01-20,3.11
79548545,202602,15,2026-01-20,3.72
1062208277,202601,11,2026-01-20,2.56
34951508,202603,13,2026-01-20,1.40
1010731637,202601,30,2026-01-20,1.85
1092085854,202603,38,2026-01-20,3.86
1035067288,202602,28,2026-01-20,3.08
1083800935,202602,46,2026-01-20,3.74
68304668,202601,27,2026-01-20,4.72
38093424,202603,5,2026-01-20,0.55
35872771,202603,37,2026-01-20,4.02
1021688299,202603,47,2026-01-20,3.84
50130513,202602,18,2026-01-20,2.77
79452567,202601,30,2026-01-20,0.17
46654053,202602,48,2026-01-20,2.10
58518142,202603,31,2026-01-20,1.22
1043464237,202602,15,2026-01-20,0.40
55123142,202601,5,2026-01-20,4.39
1092628452,202601,25,2026-01-20,3.27
1080633471,202602,50,2026-01-20,4.16
58506081,202601,8,2026-01-20,1.01
1080290776,202603,31,2026-01-20,4.36
1022469014,202602,14,2026-01-20,1.55
57397261,202601,10,2026-01-20,1.66
1019573416,202601,16,2026-01-20,1.26
1053787901,202603,4,2026-01-20,4.71
1039958147,202603,37,2026-01-20,1.30
1068715094,202602,50,2026-01-20,1.62
92519341,202601,21,2026-01-20,4.21
1050371525,202602,42,2026-01-20,0.50
90962093,202603,41,2026-01-20,4.05
62913159,202601,21,2026-01-20,3.71
58760630,202603,21,2026-01-20,2.72
1082752709,202603,2,2026-01-20,1.15
1046890645,202603,44,2026-01-20,1.71
89689716,202602,7,2026-01-20,2.04
93954049,202602,19,2026-01-20,0.81
1080463785,202603,35,2026-01-20,1.95
65792416,202603,14,2026-01-20,4.48
50584486,202603,17,2026-01-20,3.51
76509278,202601,1,2026-01-20,1.87
52359704,202602,13,2026-01-20,4.91
36012661,202601,2,2026-01-20,3.23
1055431005,202602,26,2026-01-20,4.30
75010687,202603,18,2026-01-20,3.99
1010034120,202603,42,2026-01-20,1.87
73857298,202601,32,2026-01-20,1.81
88806881,202601,7,2026-01-20,3.22
93162395,202601,35,2026-01-20,3.66
1074204231,202601,38,2026-01-20,4.15
69920420,202601,11,2026-01-20,1.63
68866462,202603,25,2026-01-20,1.52
1071519446,202603,23,2026-01-20,0.73
68793299,202602,22,2026-01-20,4.20
1032080849,202602,2,2026-01-20,1.65
1027934596,202601,23,2026-01-20,0.56
1069584208,202603,14,2026-01-20,3.36
1052038221,202603,44,2026-01-20,1.02
31840117,202603,39,2026-01-20,3.43
1062135693,202602,7,2026-01-20,4.49
73094486,202602,14,2026-01-20,3.31
75262049,202603,20,2026-01-20,2.34
1068547669,202603,10,2026-01-20,1.92
1090805711,202601,17,2026-01-20,1.71
1091641011,202601,32,2026-01-20,2.81
1061414662,202602,1,2026-01-20,2.73
52979880,202602,8,2026-01-20,4.18
1017698663,202601,23,2026-01-20,4.82
1035128832,202603,23,2026-01-20,0.88
1074070086,202602,31,2026-01-20,3.25
52714676,202602,42,2026-01-20,4.20
62913159,202603,4,2026-01-20,0.31
36707543,202603,16,2026-01-20,2.88
38303255,202602,7,2026-01-20,4.23
1056372211,202601,6,2026-01-20,3.48
1009359708,202602,36,2026-01-20,0.25
51961734,202602,20,2026-01-20,3.50
84273332,202602,15,2026-01-20,4.34
1051436689,202602,23,2026-01-20,3.12
1068658602,202603,3,2026-01-20,4.73
1078372329,202603,35,2026-01-20,4.72
88578950,202601,44,2026-01-20,4.98
1069584208,202601,1,2026-01-20,4.45
49235216,202603,10,2026-01-20,4.69
1021054865,202601,5,2026-01-20,1.23
1017634933,202602,17,2026-01-20,0.70
66782177,202602,11,2026-01-20,1.54
1071811292,202601,13,2026-01-20,1.51
1061527858,202601,16,2026-01-20,2.36
51351876,202603,32,2026-01-20,2.24
1065175277,202603,20,2026-01-20,0.13
68026958,202602,2,2026-01-20,0.49
43527258,202601,22,2026-01-20,0.74
92278822,202602,10,2026-01-20,0.19
37967616,202601,3,2026-01-20,3.76
69551101,202603,41,2026-01-20,2.06
1040956570,202602,50,2026-01-20,3.94
1048595120,202601,26,2026-01-20,3.56
86530411,202602,34,2026-01-20,4.21
1080914649,202603,7,2026-01-20,0.36
47788560,202603,34,2026-01-20,1.96
60328166,202603,18,2026-01-20,3.78
1001520083,202602,12,2026-01-20,4.43
1024200664,202602,50,2026-01-20,0.46
1002829644,202603,10,2026-01-20,4.33
1008674657,202603,48,2026-01-20,0.71
35148325,202602,43,2026-01-20,3.69
1015993560,202602,8,2026-01-20,1.56
32043948,202601,19,2026-01-20,2.17
1076702939,202603,39,2026-01-20,3.84
1069677282,202601,41,2026-01-20,0.58
99716740,202602,27,2026-01-20,4.65
1057372629,202602,26,2026-01-20,1.45
1011239666,202601,48,2026-01-20,2.80
1026841014,202603,28,2026-01-20,0.96
97116961,202603,37,2026-01-20,4.76
1025490223,202603,4,2026-01-20,0.23
1063988660,202601,7,2026-01-20,2.67
99361815,202601,10,2026-01-20,4.46
43430711,202603,45,2026-01-20,4.95
55405120,202602,37,2026-01-20,0.48
1020804309,202601,30,2026-01-20,1.74
39285171,202603,28,2026-01-20,0.40
1083454767,202603,18,2026-01-20,0.60
1029659019,202601,35,2026-01-20,4.59
1057152830,202601,49,2026-01-20,4.98
63205921,202603,1,2026-01-20,0.86
1039743604,202602,17,2026-01-20,2.23
1078657328,202603,35,2026-01-20,1.98
1071002225,202601,41,2026-01-20,3.22
44604515,202601,27,2026-01-20,3.04
1036256627,202603,20,2026-01-20,3.07
63247072,202603,15,2026-01-20,4.21
1048618777,202602,15,2026-01-20,3.85
92191617,202603,25,2026-01-20,1.14
1001513693,202602,23,2026-01-20,1.86
1035994556,202601,37,2026-01-20,3.85
35442465,202603,39,2026-01-20,4.76
32564971,202603,44,2026-01-20,2.22
52209802,202602,14,2026-01-20,1.02
1039698377,202603,4,2026-01-20,2.90
66756166,202603,46,2026-01-20,2.41
1051543008,202602,32,2026-01-20,0.74
1085879200,202602,14,2026-01-20,0.38
98229758,202603,9,2026-01-20,2.83
32672433,202603,9,2026-01-20,4.69
84474702,202601,39,2026-01-20,4.77
86179450,202601,40,2026-01-20,3.28
1069149773,202603,28,2026-01-20,0.90
65367855,202601,44,2026-01-20,1.91
1000323430,202602,48,2026-01-20,0.24
1000339858,202601,16,2026-01-20,4.98
1011213970,202601,39,2026-01-20,1.14
1070418521,202601,9,2026-01-20,2.30
1085489099,202603,8,2026-01-20,4.16
86094219,202603,8,2026-01-20,3.03
63621844,202601,29,2026-01-20,1.63
1014820282,202601,47,2026-01-20,0.77
1013308658,202603,13,2026-01-20,4.12
45571220,202602,48,2026-01-20,2.15
1086776477,202603,50,2026-01-20,0.56
63798600,202602,12,2026-01-20,2.66
1083454767,202602,10,2026-01-20,0.42
92586612,202601,27,2026-01-20,1.69
1081333337,202601,7,2026-01-20,3.34
86673567,202601,42,2026-01-20,0.61
97559868,202601,10,2026-01-20,3.80
1098915116,202602,19,2026-01-20,1.39
67398206,202601,16,2026-01-20,0.37
1024773041,202603,25,2026-01-20,0.10
1075452110,202603,26,2026-01-20,1.74
1059384205,202603,9,2026-01-20,1.69
58598564,202603,27,2026-01-20,4.45
46344567,202602,26,2026-01-20,0.17
85009765,202603,36,2026-01-20,4.09
44591606,202602,50,2026-01-20,1.00
44675350,202602,20,2026-01-20,2.24
1086457002,202601,42,2026-01-20,3.94
86432497,202601,2,2026-01-20,4.86
55010697,202603,1,2026-01-20,4.15
1026230592,202602,47,2026-01-20,1.42
1049490257,202603,36,2026-01-20,0.75
63618849,202603,29,2026-01-20,4.97
50012713,202601,40,2026-01-20,1.47
1024773041,202602,38,2026-01-20,2.88
58465359,202602,19,2026-01-20,4.41
54996836,202602,1,2026-01-20,1.98
59019219,202601,2,2026-01-20,2.95
83088174,202603,24,2026-01-20,1.15
1032013020,202602,2,2026-01-20,1.03
31526175,202602,28,2026-01-20,4.46
43760553,202601,46,2026-01-20,3.45
1049453692,202602,39,2026-01-20,4.81
33238292,202602,38,2026-01-20,0.93
1063759943,202601,31,2026-01-20,4.16
95300092,202601,2,2026-01-20,0.61
1042441590,202601,5,2026-01-20,0.26
69545877,202601,46,2026-01-20,1.26
1002965740,202601,4,2026-01-20,3.25
45466865,202602,7,2026-01-20,1.11
34684181,202602,38,2026-01-20,1.74
1094160842,202601,25,2026-01-20,2.47
79971673,202601,5,2026-01-20,4.45
1030157293,202601,35,2026-01-20,3.99
1010325669,202603,25,2026-01-20,2.61
76426305,202602,40,2026-01-20,0.27
69786220,202601,28,2026-01-20,2.24
70325577,202601,22,2026-01-20,3.19
85816939,202603,5,2026-01-20,2.84
1050706500,202603,10,2026-01-20,0.82
68245468,202603,6,2026-01-20,0.51
79227186,202602,1,2026-01-20,2.54
1098667514,202602,35,2026-01-20,3.63
1074204231,202602,9,2026-01-20,2.94
69081684,202602,42,2026-01-20,3.68
1009983488,202602,24,2026-01-20,2.85
67899667,202602,17,2026-01-20,1.83
45310943,202602,16,2026-01-20,2.72
30670412,202602,6,2026-01-20,3.92
38971502,202603,3,2026-01-20,1.81
1043772907,202601,8,2026-01-20,2.43
1023431254,202601,18,2026-01-20,1.75
1050858656,202601,12,2026-01-20,3.95
1040453682,202603,12,2026-01-20,3.75
58328778,202602,4,2026-01-20,4.25
1014870267,202603,30,2026-01-20,1.79
1024385954,202602,4,2026-01-20,0.90
92972821,202601,26,2026-01-20,2.69
79770013,202603,46,2026-01-20,4.84
44604515,202602,44,2026-01-20,4.72
1039007575,202602,43,2026-01-20,2.81
1018293032,202602,19,2026-01-20,2.99
1019386440,202602,39,2026-01-20,1.90
1007791337,202603,31,2026-01-20,3.01
1077078920,202602,7,2026-01-20,0.90
79452567,202601,34,2026-01-20,3.74
1098254550,202601,24,2026-01-20,4.97
1001609645,202603,7,2026-01-20,2.07
1067172956,202601,22,2026-01-20,1.83
1015631660,202601,21,2026-01-20,3.50
46719142,202603,36,2026-01-20,2.07
42452485,202602,22,2026-01-20,2.20
75172755,202601,27,2026-01-20,0.40
66149954,202601,19,2026-01-20,4.20
62516781,202601,12,2026-01-20,2.63
54996836,202601,17,2026-01-20,4.08
33657479,202601,47,2026-01-20,4.40
46727815,202601,1,2026-01-20,3.27
1097178454,202603,50,2026-01-20,3.87
1079455975,202601,20,2026-01-20,2.96
1022047547,202601,23,2026-01-20,4.69
76947526,202601,7,2026-01-20,0.15
1018223419,202601,39,2026-01-20,4.30
54996836,202603,15,2026-01-20,2.86
1082224499,202602,36,2026-01-20,4.71
1066082311,202603,50,2026-01-20,4.03
43162644,202602,37,2026-01-20,4.36
1044705039,202603,8,2026-01-20,3.76
1001280861,202601,36,2026-01-20,4.84
68736525,202601,2,2026-01-20,1.24
1020555187,202603,12,2026-01-20,0.00
42529259,202602,24,2026-01-20,0.27
1011966095,202603,7,2026-01-20,3.46
1068671111,202601,26,2026-01-20,1.76
77112326,202601,11,2026-01-20,1.88
66701415,202603,20,2026-01-20,2.43
1000116824,202602,38,2026-01-20,2.61
56080424,202603,7,2026-01-20,0.69
88999789,202601,23,2026-01-20,3.61
99185781,202602,23,2026-01-20,4.64
73199386,202602,36,2026-01-20,2.54
97415215,202603,12,2026-01-20,1.68
1066578975,202602,11,2026-01-20,3.98
1098915116,202602,39,2026-01-20,0.73
51244434,202603,29,2026-01-20,0.63
67210609,202603,14,2026-01-20,0.80
1052726492,202603,43,2026-01-20,4.22
73043853,202603,48,2026-01-20,3.82
98958958,202601,18,2026-01-20,1.38
61348750,202603,19,2026-01-20,0.04
1020804309,202601,8,2026-01-20,2.72
90550515,202601,28,2026-01-20,1.42
46470394,202602,8,2026-01-20,0.48
34101019,202601,19,2026-01-20,1.72
1033085654,202601,47,2026-01-20,0.84
1048789240,202601,19,2026-01-20,1.91
99096725,202602,42,2026-01-20,2.28
39692568,202603,23,2026-01-20,0.37
1048608777,202603,44,2026-01-20,4.54
1050722759,202601,48,2026-01-20,0.34
1085879200,202602,28,2026-01-20,0.98
55648999,202603,43,2026-01-20,0.79
1083504446,202602,35,2026-01-20,3.15
48100288,202603,32,2026-01-20,2.30
64671555,202603,6,2026-01-20,2.43
46727815,202603,26,2026-01-20,1.58
1075620440,202603,10,2026-01-20,2.41
1026850773,202602,16,2026-01-20,1.07
1047641302,202601,24,2026-01-20,4.44
83598206,202602,45,2026-01-20,0.06
83145569,202602,16,2026-01-20,0.64
36180722,202602,34,2026-01-20,4.53
1007343476,202603,3,2026-01-20,4.92
54641907,202603,4,2026-01-20,0.54
1076639649,202602,37,2026-01-20,2.65
1033153100,202602,4,2026-01-20,4.50
1023826764,202603,27,2026-01-20,3.20
1054487268,202603,17,2026-01-20,4.42
1073198077,202602,31,2026-01-20,2.76
92380611,202601,22,2026-01-20,2.31
82877226,202601,6,2026-01-20,1.42
1096688043,202603,9,2026-01-20,1.41
1049453692,202602,10,2026-01-20,4.02
92691732,202602,29,2026-01-20,1.01
65598875,202602,21,2026-01-20,3.94
1064732692,202602,17,2026-01-20,2.92
1086806384,202602,26,2026-01-20,2.51
88999789,202602,14,2026-01-20,0.40
1029047003,202601,13,2026-01-20,3.85
1089303445,202603,16,2026-01-20,4.51
61318067,202603,50,2026-01-20,1.40
1092007908,202603,47,2026-01-20,2.68
42396474,202603,40,2026-01-20,2.41
69786220,202603,39,2026-01-20,0.73
1067849932,202601,39,2026-01-20,0.95
33815192,202601,1,2026-01-20,2.71
1078657328,202603,6,2026-01-20,2.71
40121993,202601,47,2026-01-20,2.00
1019881425,202603,48,2026-01-20,1.82
87735535,202603,44,2026-01-20,2.90
1033409033,202603,37,2026-01-20,0.96
1024256266,202601,40,2026-01-20,4.17
86673567,202603,1,2026-01-20,0.25
48864855,202602,30,2026-01-20,4.23
76948743,202601,33,2026-01-20,4.41
1039964704,202603,24,2026-01-20,2.97
74600493,202603,48,2026-01-20,0.08
41575349,202601,27,2026-01-20,1.15
44733716,202601,8,2026-01-20,1.39
1079308768,202601,47,2026-01-20,1.49
1058617546,202601,26,2026-01-20,2.59
1045435954,202602,29,2026-01-20,4.14
57243297,202603,34,2026-01-20,0.32
1059675877,202602,31,2026-01-20,0.44
60220299,202601,2,2026-01-20,1.63
1063049748,202603,41,2026-01-20,0.22
95566876,202601,30,2026-01-20,0.61
48088095,202603,21,2026-01-20,1.74
38920725,202602,12,2026-01-20,2.60
76971260,202603,22,2026-01-20,2.77
68539416,202601,19,2026-01-20,4.71
48273744,202602,36,2026-01-20,2.75
1047641302,202603,7,2026-01-20,0.17
1060249080,202603,14,2026-01-20,3.41
96351297,202602,49,2026-01-20,1.72
71034085,202601,1,2026-01-20,4.26
1012105202,202603,50,2026-01-20,0.77
75677984,202603,32,2026-01-20,4.76
1055970216,202603,44,2026-01-20,4.46
33815192,202602,13,2026-01-20,1.83
96200203,202601,17,2026-01-20,2.40
59365214,202601,4,2026-01-20,4.36
63883911,202602,40,2026-01-20,2.81
1066651045,202602,12,2026-01-20,1.38
1023728611,202601,6,2026-01-20,0.19
1032231859,202603,41,2026-01-20,1.09
1092099004,202602,12,2026-01-20,2.71
43629730,202602,42,2026-01-20,0.88
34014568,202601,29,2026-01-20,2.57
1010034120,202601,2,2026-01-20,1.82
1008036342,202603,1,2026-01-20,1.19
1039783829,202602,33,2026-01-20,1.71
85922620,202603,50,2026-01-20,4.41
70058743,202602,48,2026-01-20,2.24
59169686,202603,24,2026-01-20,4.20
1032926267,202602,9,2026-01-20,3.94
67057033,202603,50,2026-01-20,4.11
1039126650,202602,15,2026-01-20,1.94
73150146,202602,40,2026-01-20,0.35
69991877,202601,27,2026-01-20,1.61
1001503011,202602,45,2026-01-20,3.65
1041131579,202603,32,2026-01-20,0.26
1080633471,202601,29,2026-01-20,4.58
1048789240,202603,31,2026-01-20,4.85
1024773041,202602,25,2026-01-20,1.10
1079453366,202603,18,2026-01-20,0.61
92204419,202603,8,2026-01-20,2.39
1014870267,202602,34,2026-01-20,2.26
1075514060,202602,24,2026-01-20,4.15
54467032,202602,34,2026-01-20,1.70
1090400128,202602,4,2026-01-20,0.11
1026980615,202601,18,2026-01-20,0.00
1081615727,202601,48,2026-01-20,3.42
92050345,202602,44,2026-01-20,1.86
1085693696,202603,27,2026-01-20,4.06
1032051093,202602,49,2026-01-20,3.11
1084759756,202602,30,2026-01-20,1.22
1088045613,202603,11,2026-01-20,4.21
34691838,202601,4,2026-01-20,4.11
98229758,202602,40,2026-01-20,2.19
34663424,202602,10,2026-01-20,5.00
1064878325,202602,18,2026-01-20,2.68
1048789240,202601,20,2026-01-20,1.90
1080914649,202603,17,2026-01-20,1.72
57125787,202601,38,2026-01-20,1.77
49235216,202603,9,2026-01-20,1.00
78027814,202601,38,2026-01-20,1.36
56146659,202603,34,2026-01-20,1.12
43961475,202603,33,2026-01-20,2.44
1048650934,202603,8,2026-01-20,3.71
1047784051,202602,44,2026-01-20,0.36
52645615,202602,43,2026-01-20,3.81
1066266169,202603,40,2026-01-20,4.84
1084283579,202603,34,2026-01-20,4.09
1089625942,202602,29,2026-01-20,2.92
83962987,202601,29,2026-01-20,0.90
96329467,202603,26,2026-01-20,1.68
41225547,202601,47,2026-01-20,0.22
1010925452,202603,10,2026-01-20,2.25
1027252276,202601,6,2026-01-20,2.60
1025669880,202601,27,2026-01-20,2.21
83190501,202602,49,2026-01-20,2.30
1055703970,202601,8,2026-01-20,4.91
1030361863,202601,1,2026-01-20,4.59
1051974481,202601,35,2026-01-20,2.91
97689312,202602,41,2026-01-20,4.00
33491717,202601,29,2026-01-20,1.99
1065321424,202601,37,2026-01-20,3.04
1030011885,202603,39,2026-01-20,3.40
38920725,202601,6,2026-01-20,2.35
48270466,202603,50,2026-01-20,4.31
1047636461,202602,50,2026-01-20,3.14
83145569,202602,25,2026-01-20,0.47
60209244,202601,3,2026-01-20,1.46
1094618577,202603,12,2026-01-20,4.96
61318067,202602,16,2026-01-20,2.21
52950199,202603,10,2026-01-20,4.04
1085693696,202602,26,2026-01-20,1.82
86746839,202602,33,2026-01-20,3.70
1070642957,202602,10,2026-01-20,4.79
54785101,202602,23,2026-01-20,3.82
1080011346,202603,47,2026-01-20,0.15
59883054,202602,46,2026-01-20,1.11
96200203,202601,18,2026-01-20,3.37
1000313422,202602,47,2026-01-20,1.61
1070110074,202601,33,2026-01-20,3.70
36431924,202603,16,2026-01-20,4.02
50260233,202603,48,2026-01-20,2.13
1079992972,202601,17,2026-01-20,4.35
56015547,202601,10,2026-01-20,3.68
71508012,202601,25,2026-01-20,2.37
55798556,202601,23,2026-01-20,3.04
57194521,202601,12,2026-01-20,0.70
51799926,202601,25,2026-01-20,1.08
1018604773,202601,33,2026-01-20,4.82
1097747763,202601,10,2026-01-20,4.47
1008675434,202603,7,2026-01-20,3.96
1075620440,202603,3,2026-01-20,0.62
1066651045,202601,32,2026-01-20,2.36
39540378,202601,42,2026-01-20,0.40
1030670862,202601,20,2026-01-20,2.50
1077915263,202601,37,2026-01-20,1.29
1047536393,202603,50,2026-01-20,1.78
1088414260,202603,49,2026-01-20,4.34
1056052788,202603,13,2026-01-20,1.58
1056259919,202602,43,2026-01-20,3.94
92754237,202602,2,2026-01-20,2.63
1037522854,202603,37,2026-01-20,0.04
74837010,202603,49,2026-01-20,3.69
42610908,202602,50,2026-01-20,3.61
78015228,202602,45,2026-01-20,0.56
96555804,202601,44,2026-01-20,2.43
99208187,202601,24,2026-01-20,0.95
46700126,202603,43,2026-01-20,0.07
1036695023,202601,33,2026-01-20,1.16
1015464663,202603,11,2026-01-20,2.99
53824682,202603,4,2026-01-20,4.15
1068743853,202602,25,2026-01-20,1.87
64648758,202602,48,2026-01-20,4.50
78621742,202602,14,2026-01-20,0.19
58244672,202601,29,2026-01-20,4.50
1056372211,202602,10,2026-01-20,0.02
1051503136,202601,41,2026-01-20,2.10
36691456,202603,20,2026-01-20,2.03
1056310592,202603,2,2026-01-20,0.26
1033409033,202602,3,2026-01-20,3.87
1063631276,202602,5,2026-01-20,4.11
89689716,202601,24,2026-01-20,3.70
66149954,202603,46,2026-01-20,1.66
1096688043,202602,29,2026-01-20,2.89
80919837,202602,31,2026-01-20,0.67
50584486,202603,40,2026-01-20,4.82
1010034120,202603,50,2026-01-20,3.95
99055500,202601,18,2026-01-20,4.53
1025227220,202601,15,2026-01-20,3.01
1056372211,202603,41,2026-01-20,1.87
78015228,202602,23,2026-01-20,4.32
53137872,202603,26,2026-01-20,4.19
78295076,202601,39,2026-01-20,0.69
52046019,202602,6,2026-01-20,2.69
82641402,202602,30,2026-01-20,0.14
1088518387,202602,20,2026-01-20,0.11
82705109,202603,4,2026-01-20,2.80
1082752709,202603,12,2026-01-20,1.30
90275419,202601,2,2026-01-20,1.78
94591597,202601,43,2026-01-20,1.61
1036531208,202602,1,2026-01-20,2.40
1026481235,202602,14,2026-01-20,2.27
95566876,202601,43,2026-01-20,4.86
58506081,202603,2,2026-01-20,1.05
1073126948,202601,47,2026-01-20,4.28
1005252896,202601,7,2026-01-20,0.44
1010513867,202603,29,2026-01-20,2.78
95797817,202602,40,2026-01-20,0.52
1015960966,202603,46,2026-01-20,2.82
34195201,202602,34,2026-01-20,2.73
1077295382,202601,43,2026-01-20,1.79
1045636335,202601,32,2026-01-20,0.89
1027506774,202602,47,2026-01-20,2.68
49372736,202601,19,2026-01-20,0.41
82423046,202602,15,2026-01-20,2.07
1006676900,202601,13,2026-01-20,4.56
1016029302,202601,36,2026-01-20,4.43
1002630896,202602,40,2026-01-20,2.23
59513844,202603,18,2026-01-20,2.09
76971260,202603,29,2026-01-20,2.56
53114281,202603,42,2026-01-20,2.43
1024345341,202602,41,2026-01-20,4.78
1047636461,202601,16,2026-01-20,4.63
73228111,202602,49,2026-01-20,3.23
95415444,202601,2,2026-01-20,1.95
90441489,202602,46,2026-01-20,4.71
1035873932,202602,25,2026-01-20,1.81
1004510521,202602,45,2026-01-20,0.46
1020555187,202602,23,2026-01-20,3.96
60636899,202601,37,2026-01-20,3.81
1006294447,202603,28,2026-01-20,2.66
62046336,202602,47,2026-01-20,2.81
37300017,202603,4,2026-01-20,4.76
1078242391,202601,34,2026-01-20,2.12
62944946,202601,4,2026-01-20,0.39
1069549588,202603,33,2026-01-20,4.22
1085726034,202602,30,2026-01-20,1.76
98309654,202603,8,2026-01-20,3.10
80031278,202603,48,2026-01-20,3.27
1014059502,202601,22,2026-01-20,2.05
57690132,202601,11,2026-01-20,2.50
98814841,202601,2,2026-01-20,3.10
92272836,202602,49,2026-01-20,2.42
1098511909,202601,9,2026-01-20,1.88
90942656,202601,48,2026-01-20,4.32
77692950,202602,45,2026-01-20,0.47
60219015,202602,26,2026-01-20,4.30
1040453682,202602,40,2026-01-20,4.96
39194684,202603,3,2026-01-20,3.37
57690132,202603,28,2026-01-20,0.62
62665644,202603,3,2026-01-20,2.33
76828783,202602,10,2026-01-20,0.28
54122670,202601,32,2026-01-20,2.58
1019284930,202602,36,2026-01-20,4.67
1096036269,202603,11,2026-01-20,2.89
54853938,202602,15,2026-01-20,4.62
83814525,202602,28,2026-01-20,5.00
1050260879,202603,3,2026-01-20,0.76
1086269497,202601,38,2026-01-20,2.70
1042847004,202602,26,2026-01-20,0.13
1014462687,202603,30,2026-01-20,4.63
37276797,202603,39,2026-01-20,3.09
67032401,202602,32,2026-01-20,0.41
1043439501,202603,32,2026-01-20,0.14
79497849,202602,33,2026-01-20,3.56
35131374,202603,43,2026-01-20,0.11
1048618777,202602,11,2026-01-20,1.58
1048789240,202603,20,2026-01-20,0.44
1002030373,202602,27,2026-01-20,0.07
33728782,202603,3,2026-01-20,4.61
1057908600,202601,44,2026-01-20,2.81
98291484,202603,10,2026-01-20,4.15
90962093,202602,43,2026-01-20,4.00
1041410701,202603,47,2026-01-20,4.56
58981481,202603,17,2026-01-20,1.40
1009026749,202601,17,2026-01-20,4.82
1070642957,202601,16,2026-01-20,1.60
76223261,202601,1,2026-01-20,4.91
47083516,202601,33,2026-01-20,3.80
31526175,202601,41,2026-01-20,3.58
82104971,202603,46,2026-01-20,3.62
90929817,202603,32,2026-01-20,1.79
50106554,202602,9,2026-01-20,1.98
1052726492,202601,31,2026-01-20,2.25
1059266650,202602,34,2026-01-20,1.32
35442465,202603,45,2026-01-20,1.77
1056310592,202601,43,2026-01-20,3.25
40307115,202602,40,2026-01-20,0.98
1068234835,202602,46,2026-01-20,1.71
1076843585,202601,31,2026-01-20,0.06
46266893,202602,13,2026-01-20,0.14
40654840,202601,36,2026-01-20,4.64
97647099,202603,21,2026-01-20,4.21
1042783686,202601,6,2026-01-20,2.97
51703321,202603,34,2026-01-20,3.59
67816443,202603,20,2026-01-20,4.04
34691838,202601,45,2026-01-20,2.51
1047536393,202602,47,2026-01-20,0.79
1090625155,202602,36,2026-01-20,3.34
1084679135,202603,2,2026-01-20,3.87
39731112,202601,8,2026-01-20,1.33
35380072,202603,8,2026-01-20,4.14
1082079125,202603,50,2026-01-20,1.40
1038942437,202602,29,2026-01-20,0.72
1025669880,202602,22,2026-01-20,4.29
1013326293,202603,27,2026-01-20,2.32
1078189603,202603,36,2026-01-20,3.65
1019334513,202601,38,2026-01-20,2.80
41497798,202601,5,2026-01-20,3.66
1031554860,202602,47,2026-01-20,3.67
1096819001,202603,39,2026-01-20,1.13
1008974896,202602,36,2026-01-20,2.94
1006568881,202603,25,2026-01-20,4.01
1089789896,202602,50,2026-01-20,4.87
96555804,202602,28,2026-01-20,0.04
94416849,202602,20,2026-01-20,0.83
60144043,202602,48,2026-01-20,3.93
74998489,202602,21,2026-01-20,0.19
73765362,202602,8,2026-01-20,3.41
89619193,202601,4,2026-01-20,3.29
53435900,202601,45,2026-01-20,1.09
1036489929,202601,14,2026-01-20,1.81
1007343476,202603,6,2026-01-20,2.83
1040808977,202603,17,2026-01-20,4.79
41498481,202601,24,2026-01-20,1.64
73918384,202602,33,2026-01-20,4.09
1016310381,202601,23,2026-01-20,0.10
56080424,202602,27,2026-01-20,3.61
76825805,202603,33,2026-01-20,0.51
34684181,202602,23,2026-01-20,1.82
1013536421,202602,25,2026-01-20,2.62
1011966095,202602,25,2026-01-20,1.68
1050214758,202602,27,2026-01-20,3.76
36042779,202603,44,2026-01-20,0.33
47580621,202603,50,2026-01-20,4.91
1021939834,202601,26,2026-01-20,0.09
74685449,202602,24,2026-01-20,2.86
93756030,202602,13,2026-01-20,1.00
43061488,202602,3,2026-01-20,2.71
81363480,202603,7,2026-01-20,1.67
1014499972,202602,6,2026-01-20,2.92
1040420531,202603,49,2026-01-20,2.48
1074204231,202601,28,2026-01-20,0.23
85716687,202602,3,2026-01-20,0.50
98601766,202601,3,2026-01-20,4.81
44275067,202602,9,2026-01-20,3.40
1048002473,202603,27,2026-01-20,1.59
50318275,202601,43,2026-01-20,2.78
1061559891,202603,41,2026-01-20,4.28
70473878,202602,15,2026-01-20,3.31
1043344423,202602,6,2026-01-20,2.11
1062204402,202602,21,2026-01-20,4.56
49337821,202602,12,2026-01-20,2.82
77310778,202601,41,2026-01-20,1.64
32357149,202602,30,2026-01-20,1.36
71157929,202603,9,2026-01-20,3.86
1092245854,202603,38,2026-01-20,0.58
57269385,202602,25,2026-01-20,2.61
1011082700,202601,18,2026-01-20,3.68
1047192784,202601,10,2026-01-20,0.80
85103180,202602,4,2026-01-20,4.08
70235378,202602,23,2026-01-20,3.82
79909290,202602,24,2026-01-20,4.59
85626678,202601,7,2026-01-20,4.08
65973201,202603,48,2026-01-20,1.30
1055926924,202601,31,2026-01-20,0.98
41575349,202601,10,2026-01-20,2.34
1084759756,202603,25,2026-01-20,3.96
83143783,202601,12,2026-01-20,4.15
57076521,202602,8,2026-01-20,1.31
1031998411,202602,39,2026-01-20,3.72
1040258541,202603,12,2026-01-20,2.01
1024628763,202601,41,2026-01-20,1.37
1020969234,202602,13,2026-01-20,1.46
66823257,202603,20,2026-01-20,0.75
47166528,202603,47,2026-01-20,4.76
1096442715,202601,30,2026-01-20,2.95
80178348,202602,23,2026-01-20,3.97
55054368,202602,21,2026-01-20,3.20
54249806,202603,20,2026-01-20,3.75
1030359093,202602,24,2026-01-20,4.40
76511274,202603,8,2026-01-20,3.06
1084283579,202601,35,2026-01-20,3.58
68267024,202603,1,2026-01-20,3.82
1033732042,202603,10,2026-01-20,3.24
1062356864,202602,43,2026-01-20,1.03
94875060,202603,41,2026-01-20,2.17
1039477186,202601,9,2026-01-20,2.36
1020969234,202603,17,2026-01-20,1.01
56314291,202602,27,2026-01-20,0.93
48770617,202601,43,2026-01-20,0.97
97415215,202603,44,2026-01-20,1.28
1002472909,202601,49,2026-01-20,0.57
48088095,202603,2,2026-01-20,0.35
92191617,202602,1,2026-01-20,3.94
1001280861,202601,15,2026-01-20,3.51
1021237999,202603,36,2026-01-20,3.59
30521549,202601,50,2026-01-20,1.78
99922283,202602,18,2026-01-20,0.02
33750280,202601,5,2026-01-20,4.38
1086110255,202601,5,2026-01-20,0.05
1034518759,202601,33,2026-01-20,3.22
47788560,202602,43,2026-01-20,4.67
43961475,202603,27,2026-01-20,4.43
1062208277,202602,29,2026-01-20,3.13
1028634280,202602,7,2026-01-20,4.19
1091017052,202602,7,2026-01-20,0.23
90865755,202602,18,2026-01-20,2.71
41332181,202602,7,2026-01-20,1.50
51938996,202603,8,2026-01-20,3.90
1081709001,202603,32,2026-01-20,0.76
1002906642,202603,35,2026-01-20,2.86
1051038340,202601,50,2026-01-20,3.99
1076291251,202601,34,2026-01-20,0.53
1091627366,202603,38,2026-01-20,4.59
1088430064,202601,1,2026-01-20,0.33
1037268816,202603,26,2026-01-20,1.54
1020885890,202601,43,2026-01-20,0.85
1009359708,202602,23,2026-01-20,2.16
84147853,202601,4,2026-01-20,0.22
64452514,202602,11,2026-01-20,4.61
83033713,202603,7,2026-01-20,3.91
1091641011,202602,29,2026-01-20,0.20
1098094214,202602,42,2026-01-20,1.18
1034518759,202602,34,2026-01-20,4.21
1018218417,202603,48,2026-01-20,2.16
59507309,202601,28,2026-01-20,1.37
1076843585,202602,29,2026-01-20,3.93
1003424185,202602,21,2026-01-20,0.63
1015415751,202603,36,2026-01-20,1.86
63261843,202603,2,2026-01-20,1.18
1055286234,202602,23,2026-01-20,0.73
82641402,202601,9,2026-01-20,0.39
1051111617,202603,43,2026-01-20,4.78
43667868,202602,48,2026-01-20,4.97
79971673,202601,41,2026-01-20,2.19
33394953,202603,18,2026-01-20,3.15
1057109781,202601,42,2026-01-20,0.26
1084304491,202602,9,2026-01-20,1.22
95183427,202603,20,2026-01-20,0.44
1033112973,202601,32,2026-01-20,0.22
1094230091,202601,47,2026-01-20,2.32
1087824296,202603,43,2026-01-20,2.56
1060859696,202602,39,2026-01-20,4.48
40404723,202603,7,2026-01-20,3.28
1074903638,202602,19,2026-01-20,3.29
1074174161,202601,12,2026-01-20,2.58
1047536393,202602,6,2026-01-20,1.96
1065718177,202602,27,2026-01-20,4.22
1062128987,202601,43,2026-01-20,3.29
1088170452,202602,39,2026-01-20,3.75
1067420179,202602,39,2026-01-20,3.66
65546278,202603,1,2026-01-20,1.59
1069509942,202602,10,2026-01-20,4.52
1076430980,202603,8,2026-01-20,3.01
87635988,202601,11,2026-01-20,4.92
1005600775,202602,18,2026-01-20,0.94
1013793244,202602,1,2026-01-20,4.88
44633608,202603,12,2026-01-20,2.61
1026100199,202603,1,2026-01-20,4.42
1047607426,202602,6,2026-01-20,2.21
1019594644,202602,31,2026-01-20,2.40
92618776,202602,15,2026-01-20,0.22
67967683,202601,24,2026-01-20,2.12
1034051384,202601,32,2026-01-20,3.77
1013027986,202603,34,2026-01-20,2.47
1024628763,202602,45,2026-01-20,3.42
1001862108,202603,32,2026-01-20,4.39
1053724209,202602,14,2026-01-20,3.96
72144146,202602,25,2026-01-20,1.84
1025520303,202602,44,2026-01-20,4.95
51544527,202601,49,2026-01-20,0.44
94084212,202603,19,2026-01-20,2.08
1049565194,202602,21,2026-01-20,3.93
1076430980,202602,29,2026-01-20,1.54
1098272703,202603,4,2026-01-20,0.63
46654053,202601,9,2026-01-20,2.22
1046548656,202601,22,2026-01-20,1.80
73107866,202603,47,2026-01-20,0.13
1028739982,202601,12,2026-01-20,3.43
99976655,202603,26,2026-01-20,4.40
30879147,202602,16,2026-01-20,1.04
1042813441,202603,16,2026-01-20,1.68
72843053,202601,31,2026-01-20,3.88
39731112,202602,43,2026-01-20,3.89
71177170,202603,34,2026-01-20,1.22
84262896,202603,18,2026-01-20,3.99
97862826,202603,13,2026-01-20,2.96
64647131,202601,2,2026-01-20,0.79
1074204231,202603,43,2026-01-20,0.71
95609088,202603,40,2026-01-20,1.27
83049161,202601,38,2026-01-20,3.19
1069549588,202602,41,2026-01-20,2.98
54631318,202603,2,2026-01-20,1.08
1037636012,202603,7,2026-01-20,4.29
1000950902,202601,4,2026-01-20,2.39
78113904,202602,26,2026-01-20,2.29
86120010,202601,29,2026-01-20,3.34
1039529310,202603,15,2026-01-20,1.32
97318818,202601,22,2026-01-20,3.35
1016888363,202603,31,2026-01-20,4.39
54222307,202603,29,2026-01-20,4.74
62050847,202602,11,2026-01-20,1.38
1070761861,202602,21,2026-01-20,3.92
80212972,202602,4,2026-01-20,4.68
1029641959,202603,10,2026-01-20,0.89
75647342,202601,33,2026-01-20,2.29
1001216343,202602,9,2026-01-20,2.71
92269861,202601,37,2026-01-20,3.32
96365176,202602,25,2026-01-20,4.37
1000231173,202601,33,2026-01-20,2.59
88265238,202603,30,2026-01-20,2.44
1055431005,202603,31,2026-01-20,4.09
1091524807,202601,46,2026-01-20,2.20
88570169,202602,29,2026-01-20,2.50
1048547187,202602,20,2026-01-20,3.73
57731600,202602,20,2026-01-20,2.77
91586772,202601,20,2026-01-20,0.76
1042441590,202602,3,2026-01-20,0.25
1043264662,202601,27,2026-01-20,3.54
1094631055,202602,28,2026-01-20,2.13
1068296294,202603,22,2026-01-20,2.99
1000231173,202601,31,2026-01-20,1.56
1077412597,202602,38,2026-01-20,3.98
81058060,202603,27,2026-01-20,1.82
1098915116,202603,16,2026-01-20,4.12
1096066686,202601,36,2026-01-20,1.12
1024256266,202601,9,2026-01-20,2.97
1076291251,202603,7,2026-01-20,2.79
1007019538,202603,35,2026-01-20,3.05
61773243,202601,32,2026-01-20,1.31
32345651,202603,48,2026-01-20,4.90
1055431005,202603,23,2026-01-20,1.87
67312238,202602,39,2026-01-20,3.32
1045273800,202603,35,2026-01-20,4.50
98817235,202601,33,2026-01-20,0.39
1065071550,202601,12,2026-01-20,3.80
51961734,202602,24,2026-01-20,3.17
1050058736,202602,22,2026-01-20,1.76
94489708,202601,17,2026-01-20,0.88
1048850780,202601,30,2026-01-20,3.70
87735138,202603,26,2026-01-20,1.13
1015587628,202602,40,2026-01-20,1.65
1006676900,202603,34,2026-01-20,4.47
49235216,202603,24,2026-01-20,4.89
1024688851,202603,45,2026-01-20,4.26
63380141,202601,49,2026-01-20,4.59
1022469014,202603,31,2026-01-20,1.25
39235651,202603,14,2026-01-20,2.54
78146793,202601,43,2026-01-20,2.83
82603561,202602,40,2026-01-20,3.95
1050107527,202603,14,2026-01-20,2.24
52203701,202601,23,2026-01-20,0.40
1095177360,202603,18,2026-01-20,1.17
80212972,202603,36,2026-01-20,1.66
70004049,202601,11,2026-01-20,2.49
92892395,202601,35,2026-01-20,3.87
1010276295,202603,36,2026-01-20,0.89
73765362,202603,21,2026-01-20,2.36
1010247391,202603,28,2026-01-20,4.98
1062356864,202602,44,2026-01-20,3.84
1045908390,202602,36,2026-01-20,3.75
1092119995,202602,15,2026-01-20,1.00
1061527858,202602,35,2026-01-20,3.41
72944327,202601,9,2026-01-20,2.33
1017557197,202603,42,2026-01-20,2.98
78295076,202602,43,2026-01-20,0.65
1092044824,202601,23,2026-01-20,3.12
1020804309,202603,48,2026-01-20,1.75
40008755,202603,44,2026-01-20,2.57
1014028751,202602,41,2026-01-20,2.87
1030361863,202601,46,2026-01-20,0.51
1067068049,202603,11,2026-01-20,1.27
1064990394,202601,38,2026-01-20,1.07
1092414965,202603,18,2026-01-20,4.86
1075771468,202603,21,2026-01-20,2.84
74700536,202602,48,2026-01-20,4.62
73010775,202603,8,2026-01-20,1.87
74890455,202601,50,2026-01-20,3.30
1053427793,202601,35,2026-01-20,1.29
1019412792,202603,26,2026-01-20,0.47
83000278,202603,8,2026-01-20,3.88
43675319,202601,1,2026-01-20,1.56
1027934596,202602,30,2026-01-20,1.63
60872709,202601,27,2026-01-20,2.02
1011303448,202602,29,2026-01-20,2.24
1093650566,202601,30,2026-01-20,2.71
78027814,202601,34,2026-01-20,2.85
64343656,202601,17,2026-01-20,4.48
1032231859,202602,46,2026-01-20,0.35
1068743853,202603,17,2026-01-20,2.42
63261843,202603,40,2026-01-20,0.58
95300092,202603,50,2026-01-20,4.73
40871756,202603,46,2026-01-20,0.47
94875060,202603,2,2026-01-20,1.94
80920316,202603,47,2026-01-20,3.31
64047524,202602,29,2026-01-20,4.10
61348750,202603,46,2026-01-20,1.54
1019305065,202603,46,2026-01-20,2.42
1055053246,202601,31,2026-01-20,0.56
35872771,202602,25,2026-01-20,1.27
59971497,202601,44,2026-01-20,4.11
1053504813,202601,29,2026-01-20,3.43
1095037746,202601,50,2026-01-20,3.57
41015803,202602,26,2026-01-20,3.56
1014016691,202601,19,2026-01-20,3.47
96077031,202603,39,2026-01-20,4.49
33996103,202601,6,2026-01-20,0.17
1038096136,202601,3,2026-01-20,1.26
1081333337,202602,18,2026-01-20,3.28
1048237577,202603,19,2026-01-20,4.83
1041013532,202603,23,2026-01-20,1.92
49666813,202603,44,2026-01-20,0.73
60199862,202603,43,2026-01-20,3.47
56998405,202602,36,2026-01-20,2.81
68189015,202603,26,2026-01-20,2.65
61318067,202602,18,2026-01-20,3.24
78284358,202601,27,2026-01-20,2.12
53980260,202603,6,2026-01-20,2.65
1057832302,202601,17,2026-01-20,3.97
1021196279,202603,50,2026-01-20,3.11
36042779,202601,13,2026-01-20,2.47
1082651440,202602,13,2026-01-20,2.42
66621914,202602,21,2026-01-20,4.43
1038175207,202601,33,2026-01-20,4.35
1059384205,202602,27,2026-01-20,2.51
48457124,202601,17,2026-01-20,3.45
40431226,202603,5,2026-01-20,0.39
44548864,202602,13,2026-01-20,1.90
1013130402,202602,34,2026-01-20,0.67
36905413,202601,34,2026-01-20,2.59
1080689655,202603,14,2026-01-20,2.73
78383157,202603,38,2026-01-20,4.39
79160768,202601,22,2026-01-20,2.46
1075452110,202602,23,2026-01-20,0.02
1063328593,202602,9,2026-01-20,0.02
71631351,202602,8,2026-01-20,1.67
77992280,202602,47,2026-01-20,4.30
1004510521,202602,4,2026-01-20,1.47
1037567235,202601,49,2026-01-20,4.76
48717292,202601,38,2026-01-20,1.82
1085693696,202601,23,2026-01-20,1.72
47464773,202601,21,2026-01-20,0.12
1051229965,202603,10,2026-01-20,0.79
95993950,202601,15,2026-01-20,3.25
1036043093,202601,41,2026-01-20,0.73
63098094,202603,15,2026-01-20,4.50
73043853,202602,2,2026-01-20,1.01
30828739,202603,13,2026-01-20,4.13
1038175207,202601,37,2026-01-20,2.07
1069149773,202601,19,2026-01-20,0.18
1009147420,202602,27,2026-01-20,0.98
1093834814,202601,4,2026-01-20,2.24
89854695,202601,32,2026-01-20,4.57
1009359708,202603,33,2026-01-20,4.07
1083143613,202602,24,2026-01-20,0.08
60613281,202603,15,2026-01-20,0.08
65973201,202602,11,2026-01-20,4.89
1071002225,202602,17,2026-01-20,1.58
1039743604,202603,45,2026-01-20,3.28
67359161,202603,14,2026-01-20,0.65
1096967921,202603,27,2026-01-20,2.08
1063555759,202603,10,2026-01-20,0.86
61866165,202602,45,2026-01-20,4.00
81050630,202602,7,2026-01-20,4.30
1068439075,202601,21,2026-01-20,4.58
83345661,202602,5,2026-01-20,4.39
76508682,202602,25,2026-01-20,4.95
43961475,202601,33,2026-01-20,1.28
77436153,202601,32,2026-01-20,4.80
34211040,202601,15,2026-01-20,0.32
31161057,202602,15,2026-01-20,3.32
82603561,202601,47,2026-01-20,0.80
77729303,202603,16,2026-01-20,1.64
97164941,202603,31,2026-01-20,2.39
54873600,202603,39,2026-01-20,1.18
1063631276,202602,46,2026-01-20,1.61
34101019,202603,40,2026-01-20,3.71
1019369482,202602,37,2026-01-20,4.03
30904237,202602,49,2026-01-20,0.85
1057606690,202601,22,2026-01-20,4.07
1093768378,202603,15,2026-01-20,2.00
1035315892,202603,42,2026-01-20,2.90
1048470404,202602,45,2026-01-20,2.05
77112326,202601,47,2026-01-20,1.18
1018218417,202601,47,2026-01-20,2.12
59883054,202603,26,2026-01-20,2.88
1033561293,202601,34,2026-01-20,3.70
49350843,202601,31,2026-01-20,2.33
32165161,202603,6,2026-01-20,4.22
1055635406,202603,5,2026-01-20,1.89
1016898250,202602,26,2026-01-20,4.30
1015934812,202603,48,2026-01-20,3.83
1068547669,202601,13,2026-01-20,4.95
68921501,202603,44,2026-01-20,0.21
1052652857,202603,39,2026-01-20,0.62
89726068,202601,7,2026-01-20,1.56
66001675,202602,44,2026-01-20,2.07
86783254,202603,33,2026-01-20,0.31
1000679234,202603,5,2026-01-20,1.28
54224338,202601,32,2026-01-20,2.32
43113754,202603,50,2026-01-20,3.77
1054283750,202601,43,2026-01-20,0.44
71177170,202602,14,2026-01-20,2.48
1093724977,202603,13,2026-01-20,1.67
1039139867,202602,45,2026-01-20,0.60
1007463129,202603,43,2026-01-20,0.28
1042675764,202602,41,2026-01-20,4.87
53215788,202601,30,2026-01-20,2.40
68921501,202602,7,2026-01-20,4.68
78220843,202603,38,2026-01-20,3.54
1088445561,202603,44,2026-01-20,1.37
92816792,202602,27,2026-01-20,3.98
71822799,202602,33,2026-01-20,1.54
60328166,202602,15,2026-01-20,3.36
50412415,202603,26,2026-01-20,0.39
79160768,202602,24,2026-01-20,3.53
83405752,202601,45,2026-01-20,0.65
1029620914,202603,22,2026-01-20,3.82
40335502,202601,8,2026-01-20,0.32
1061559891,202603,15,2026-01-20,2.57
40121993,202602,12,2026-01-20,3.94
69095020,202603,21,2026-01-20,3.48
34101019,202603,32,2026-01-20,0.35
1033921860,202601,48,2026-01-20,0.26
1053586230,202602,17,2026-01-20,0.85
38942861,202602,27,2026-01-20,1.22
53857808,202601,48,2026-01-20,2.69
43563486,202602,12,2026-01-20,4.16
1058595161,202602,39,2026-01-20,0.64
1036850419,202602,29,2026-01-20,4.17
98958958,202603,40,2026-01-20,2.43
88570169,202601,47,2026-01-20,1.97
37972327,202601,48,2026-01-20,2.56
57709800,202601,17,2026-01-20,4.93
1021930906,202602,43,2026-01-20,4.95
48273744,202602,11,2026-01-20,0.94
1070630108,202603,23,2026-01-20,1.59
1005093780,202603,11,2026-01-20,2.21
65100368,202602,43,2026-01-20,2.77
1095255522,202602,47,2026-01-20,2.20
41331175,202601,29,2026-01-20,4.40
1019305065,202602,31,2026-01-20,3.70
1027349081,202601,41,2026-01-20,3.82
92050345,202602,20,2026-01-20,4.65
1071769033,202603,38,2026-01-20,3.34
1067068049,202602,26,2026-01-20,1.35
1024345341,202602,28,2026-01-20,4.56
1083688163,202601,39,2026-01-20,4.68
1093191345,202602,50,2026-01-20,2.17
67458037,202603,38,2026-01-20,1.10
1037522854,202603,25,2026-01-20,2.26
1076639649,202601,14,2026-01-20,4.01
1075807469,202602,16,2026-01-20,4.43
1081615727,202603,18,2026-01-20,2.67
1041595431,202602,50,2026-01-20,3.71
1019835942,202603,11,2026-01-20,3.93
1087783234,202602,48,2026-01-20,3.48
88397680,202602,17,2026-01-20,3.84
30468493,202601,45,2026-01-20,3.42
1061527858,202601,13,2026-01-20,4.63
1092341533,202603,46,2026-01-20,3.35
46470394,202601,10,2026-01-20,2.80
75670673,202603,21,2026-01-20,4.24
1041497086,202601,1,2026-01-20,2.90
1013536421,202601,14,2026-01-20,4.48
1004492918,202603,20,2026-01-20,4.05
64017154,202602,36,2026-01-20,3.87
1096300234,202603,37,2026-01-20,3.43
76426305,202601,24,2026-01-20,2.13
1066432471,202603,15,2026-01-20,1.30
91058579,202601,36,2026-01-20,1.26
76246987,202603,48,2026-01-20,0.34
1040120983,202602,11,2026-01-20,3.59
1037304675,202603,18,2026-01-20,2.74
1042847004,202602,38,2026-01-20,2.97
1027358916,202601,11,2026-01-20,0.93
74700536,202603,12,2026-01-20,0.25
1011239666,202602,22,2026-01-20,0.84
58743392,202601,8,2026-01-20,0.90
74701667,202602,39,2026-01-20,1.32
1040258541,202602,33,2026-01-20,2.13
87454094,202602,36,2026-01-20,2.07
51181553,202602,7,2026-01-20,1.24
64017154,202601,24,2026-01-20,2.70
1069428899,202603,12,2026-01-20,2.04
83317638,202601,31,2026-01-20,1.13
1036726494,202601,25,2026-01-20,3.81
86043827,202602,28,2026-01-20,1.90
1008974896,202602,43,2026-01-20,4.48
56246682,202602,14,2026-01-20,0.16
63455241,202601,34,2026-01-20,0.55
83033713,202602,15,2026-01-20,3.96
1011518683,202601,23,2026-01-20,1.63
1020324358,202603,14,2026-01-20,3.32
70991318,202602,1,2026-01-20,3.48
1075230692,202602,7,2026-01-20,1.64
39625239,202603,3,2026-01-20,4.37
90398238,202601,45,2026-01-20,0.92
83143783,202601,16,2026-01-20,0.82
85100098,202601,3,2026-01-20,0.15
56780399,202603,25,2026-01-20,4.71
95300092,202602,46,2026-01-20,2.05
71822799,202601,13,2026-01-20,0.81
1002397436,202603,50,2026-01-20,1.61
57920662,202601,46,2026-01-20,4.77
1096178582,202603,23,2026-01-20,1.20
61318067,202603,33,2026-01-20,3.73
1098819632,202601,43,2026-01-20,0.39
47464773,202601,26,2026-01-20,3.61
1036256627,202601,33,2026-01-20,0.35
1092414965,202603,20,2026-01-20,4.02
67398206,202601,42,2026-01-20,1.41
81410689,202601,15,2026-01-20,4.25
57214427,202601,7,2026-01-20,4.34
1076931645,202601,17,2026-01-20,0.79
1052888393,202603,5,2026-01-20,4.90
1098915116,202603,39,2026-01-20,4.89
39731112,202602,46,2026-01-20,3.68
64647131,202603,11,2026-01-20,0.90
77436153,202603,25,2026-01-20,2.34
86094219,202603,21,2026-01-20,4.17
1091873538,202602,20,2026-01-20,0.14
75138568,202602,1,2026-01-20,0.48
41995668,202601,31,2026-01-20,4.48
1057431485,202602,9,2026-01-20,1.77
1092044824,202602,33,2026-01-20,1.54
1071514560,202601,17,2026-01-20,3.71
66605251,202601,29,2026-01-20,0.25
1082651440,202603,41,2026-01-20,4.94
79193240,202601,16,2026-01-20,4.26
1054283750,202603,1,2026-01-20,3.70
1077078920,202603,21,2026-01-20,3.86
86043649,202602,7,2026-01-20,4.25
62485361,202602,48,2026-01-20,4.36
97819652,202602,26,2026-01-20,0.55
84569352,202603,50,2026-01-20,3.10
1011213970,202603,31,2026-01-20,1.29
1035969383,202602,22,2026-01-20,4.74
47183952,202601,17,2026-01-20,1.22
97489250,202601,9,2026-01-20,1.83
1048254071,202601,38,2026-01-20,2.49
1069503038,202603,24,2026-01-20,1.83
1020657383,202602,20,2026-01-20,3.33
68049579,202601,45,2026-01-20,3.91
1058357856,202602,1,2026-01-20,3.48
1096034104,202603,50,2026-01-20,0.58
88762767,202601,26,2026-01-20,1.95
37374460,202602,34,2026-01-20,4.42
85922620,202601,1,2026-01-20,1.94
1005237313,202603,30,2026-01-20,0.24
30931149,202602,40,2026-01-20,0.09
50698077,202601,20,2026-01-20,3.42
63261843,202603,25,2026-01-20,1.99
40990348,202601,11,2026-01-20,0.70
1078372329,202601,36,2026-01-20,3.22
54014251,202603,25,2026-01-20,0.28
61973056,202602,49,2026-01-20,0.59
67263675,202603,37,2026-01-20,4.12
1086776477,202601,34,2026-01-20,0.70
1063745788,202603,22,2026-01-20,0.98
78342857,202603,18,2026-01-20,3.69
44733716,202601,30,2026-01-20,0.17
39235651,202602,30,2026-01-20,0.34
1097516509,202601,24,2026-01-20,4.94
56108478,202602,50,2026-01-20,4.73
73126661,202602,29,2026-01-20,2.95
32378262,202603,18,2026-01-20,0.51
90077507,202603,44,2026-01-20,1.94
1027143867,202601,42,2026-01-20,1.42
1081443469,202601,22,2026-01-20,0.22
33813487,202601,24,2026-01-20,4.99
60705170,202603,6,2026-01-20,0.14
65367855,202602,25,2026-01-20,3.01
1037625079,202601,26,2026-01-20,2.02
87735138,202603,6,2026-01-20,3.68
37660676,202603,47,2026-01-20,1.14
1018790665,202603,37,2026-01-20,1.74
46110335,202601,36,2026-01-20,1.92
74701667,202603,42,2026-01-20,0.78
1003952163,202603,2,2026-01-20,2.54
1091524807,202601,49,2026-01-20,4.58
1080641363,202603,25,2026-01-20,4.56
1094631055,202601,47,2026-01-20,4.97
66189425,202602,13,2026-01-20,4.47
84629872,202601,4,2026-01-20,4.06
92892395,202603,6,2026-01-20,2.85
39323934,202603,6,2026-01-20,2.34
97828906,202602,49,2026-01-20,2.17
1071173355,202601,41,2026-01-20,2.32
1049024561,202602,9,2026-01-20,0.85
73094486,202601,33,2026-01-20,3.53
1048547187,202603,41,2026-01-20,4.21
42638488,202601,43,2026-01-20,0.99
36462346,202601,34,2026-01-20,2.53
1055316551,202602,15,2026-01-20,3.34
1046013618,202603,41,2026-01-20,2.16
1004052951,202603,5,2026-01-20,0.32
85916620,202602,28,2026-01-20,2.90
43141106,202603,20,2026-01-20,1.96
1065321424,202603,41,2026-01-20,3.77
71997098,202601,49,2026-01-20,2.55
73701146,202602,2,2026-01-20,3.99
1036695023,202602,9,2026-01-20,3.24
43141106,202602,48,2026-01-20,2.87
1096178582,202603,21,2026-01-20,0.58
33813487,202602,41,2026-01-20,1.37
85611238,202602,10,2026-01-20,0.65
1021229417,202603,43,2026-01-20,4.93
34119738,202602,24,2026-01-20,1.54
1083667130,202602,4,2026-01-20,1.22
1071038447,202601,13,2026-01-20,2.48
60890646,202602,40,2026-01-20,0.52
52873611,202602,26,2026-01-20,3.67
1018604773,202602,12,2026-01-20,2.63
1062086217,202601,10,2026-01-20,3.99
1083504446,202601,33,2026-01-20,4.06
1092245854,202601,46,2026-01-20,0.33
63908786,202602,41,2026-01-20,2.95
1081620104,202601,34,2026-01-20,0.98
1027095780,202602,10,2026-01-20,2.70
73107866,202602,28,2026-01-20,4.73
1031917009,202601,29,2026-01-20,2.81
57130894,202602,42,2026-01-20,3.27
37455678,202602,33,2026-01-20,1.20
39194684,202602,7,2026-01-20,0.76
45222838,202601,38,2026-01-20,0.24
1096416754,202603,33,2026-01-20,0.53
61281118,202603,11,2026-01-20,4.31
38286055,202602,20,2026-01-20,0.47
74685449,202602,14,2026-01-20,0.33
76426305,202602,14,2026-01-20,0.27
1035994556,202602,49,2026-01-20,3.78
1091043319,202602,47,2026-01-20,0.34
99922283,202603,15,2026-01-20,1.17
1008703602,202601,8,2026-01-20,4.22
1093620175,202602,4,2026-01-20,1.52
1027143867,202602,27,2026-01-20,3.43
1092217316,202602,9,2026-01-20,3.56
1031991676,202603,28,2026-01-20,0.71
64577237,202602,23,2026-01-20,1.57
70580850,202602,41,2026-01-20,0.37
1031554860,202602,25,2026-01-20,2.71
52858391,202603,30,2026-01-20,1.62
1055279062,202601,1,2026-01-20,0.22
89742393,202603,4,2026-01-20,3.67
54467032,202603,47,2026-01-20,1.77
57269385,202602,3,2026-01-20,4.24
1017634933,202603,17,2026-01-20,4.47
1065450762,202601,10,2026-01-20,1.01
42355421,202601,33,2026-01-20,3.08
65087609,202603,19,2026-01-20,3.95
59883054,202602,16,2026-01-20,0.39
1017213293,202602,4,2026-01-20,4.35
30070620,202603,7,2026-01-20,4.39
42638488,202603,49,2026-01-20,0.53
1011085344,202602,29,2026-01-20,4.29
70400875,202601,44,2026-01-20,3.04
66621914,202601,2,2026-01-20,3.52
1084283579,202601,33,2026-01-20,1.70
39625239,202602,31,2026-01-20,0.76
76955634,202601,50,2026-01-20,0.30
39692568,202603,33,2026-01-20,1.07
1063049748,202601,23,2026-01-20,3.99
1028473744,202601,24,2026-01-20,2.85
1094621155,202602,8,2026-01-20,3.81
33657479,202602,30,2026-01-20,2.26
1032461864,202603,18,2026-01-20,2.11
1079453366,202602,17,2026-01-20,1.09
1083800935,202601,5,2026-01-20,2.09
34135447,202601,21,2026-01-20,0.04
71682229,202602,43,2026-01-20,4.57
93116551,202603,4,2026-01-20,4.06
91334048,202601,49,2026-01-20,0.06
1002974300,202601,25,2026-01-20,2.91
1096197568,202602,28,2026-01-20,3.94
1083909848,202601,32,2026-01-20,4.67
92050345,202601,48,2026-01-20,3.04
33155290,202602,37,2026-01-20,2.24
98941737,202602,17,2026-01-20,2.21
1058595161,202602,32,2026-01-20,2.45
49337821,202603,8,2026-01-20,4.84
81110469,202603,46,2026-01-20,4.96
73208542,202601,20,2026-01-20,2.16
1017213293,202603,19,2026-01-20,3.44
91586772,202603,35,2026-01-20,1.84
1015979012,202601,37,2026-01-20,3.85
34462254,202603,18,2026-01-20,2.42
72894975,202602,44,2026-01-20,0.56
88624626,202603,28,2026-01-20,1.27
99096725,202601,41,2026-01-20,3.90
1054294619,202601,15,2026-01-20,0.02
1007386943,202601,48,2026-01-20,3.37
67742414,202601,46,2026-01-20,2.98
1036845648,202603,14,2026-01-20,4.48
35752046,202601,8,2026-01-20,0.37
1064332250,202601,15,2026-01-20,2.83
66896239,202602,14,2026-01-20,0.45
43675319,202601,38,2026-01-20,3.21
87735535,202603,26,2026-01-20,0.95
78906363,202602,9,2026-01-20,2.39
99055500,202603,45,2026-01-20,2.83
1087186097,202602,19,2026-01-20,3.76
47788560,202601,48,2026-01-20,1.25
85716687,202603,8,2026-01-20,3.35
91586772,202603,30,2026-01-20,1.21
1030413036,202602,44,2026-01-20,1.10
1075807469,202603,29,2026-01-20,2.79
68245468,202603,13,2026-01-20,3.62
98601766,202603,24,2026-01-20,3.60
1058022084,202603,6,2026-01-20,3.74
1026481235,202601,21,2026-01-20,4.08
97395092,202602,22,2026-01-20,0.07
1041013532,202603,32,2026-01-20,4.01
1009359708,202603,30,2026-01-20,4.18
1074192108,202603,39,2026-01-20,1.97
33813487,202601,4,2026-01-20,1.22
79160768,202603,48,2026-01-20,2.86
1008674657,202603,33,2026-01-20,4.49
60559970,202601,34,2026-01-20,1.77
81922007,202601,31,2026-01-20,2.94
1024138686,202603,5,2026-01-20,1.59
1037305254,202601,12,2026-01-20,0.71
1065478684,202603,37,2026-01-20,0.01
51351876,202603,40,2026-01-20,1.40
1095198415,202603,49,2026-01-20,1.01
75653548,202602,9,2026-01-20,0.60
44633610,202602,10,2026-01-20,4.73
1060035787,202602,47,2026-01-20,3.46
1089303445,202601,10,2026-01-20,3.95
96872405,202601,45,2026-01-20,0.88
89800718,202601,9,2026-01-20,4.82
1048789240,202603,45,2026-01-20,1.17
31840117,202603,15,2026-01-20,4.23
61511623,202603,24,2026-01-20,0.95
82826845,202602,42,2026-01-20,0.57
75703422,202601,3,2026-01-20,3.16
44966494,202602,1,2026-01-20,4.92
76223261,202602,15,2026-01-20,1.73
39323934,202602,41,2026-01-20,4.51
1011289573,202602,33,2026-01-20,2.13
97072496,202601,22,2026-01-20,0.46
1047203367,202603,30,2026-01-20,4.26
80021352,202601,13,2026-01-20,0.92
73345986,202601,34,2026-01-20,3.92
64671555,202602,6,2026-01-20,0.89
1027506774,202603,42,2026-01-20,3.10
1037573595,202603,40,2026-01-20,4.93
92119224,202602,42,2026-01-20,1.19
34901693,202601,36,2026-01-20,4.16
31526175,202601,36,2026-01-20,3.82
68477764,202603,5,2026-01-20,3.44
30342339,202603,9,2026-01-20,2.17
1015578600,202601,2,2026-01-20,3.16
1017821581,202601,22,2026-01-20,0.42
1028990320,202603,8,2026-01-20,1.84
83775743,202603,20,2026-01-20,0.18
1064299708,202603,48,2026-01-20,0.68
1002635667,202601,12,2026-01-20,3.22
88265238,202602,23,2026-01-20,2.24
1095198415,202601,3,2026-01-20,2.43
1021930906,202603,10,2026-01-20,3.45
1069428899,202602,1,2026-01-20,0.33
1097519225,202603,42,2026-01-20,4.86
66108221,202601,10,2026-01-20,1.44
1093201338,202603,20,2026-01-20,1.21
1085798794,202602,7,2026-01-20,0.78
67562681,202602,11,2026-01-20,0.19
49523823,202603,39,2026-01-20,0.43
1064363111,202602,2,2026-01-20,4.53
1018277699,202602,33,2026-01-20,1.11
1058034874,202601,46,2026-01-20,0.76
73126661,202602,33,2026-01-20,4.73
47387355,202603,2,2026-01-20,0.21
69474510,202602,5,2026-01-20,4.04
1026850773,202603,44,2026-01-20,3.19
41478942,202601,9,2026-01-20,1.80
61438086,202603,8,2026-01-20,0.44
64671555,202602,7,2026-01-20,0.26
1006243113,202602,11,2026-01-20,3.98
83814525,202602,33,2026-01-20,4.51
1075642885,202603,34,2026-01-20,4.39
80021352,202601,46,2026-01-20,2.48
1067061193,202603,3,2026-01-20,4.82
1092099004,202603,30,2026-01-20,2.34
40992656,202601,46,2026-01-20,2.30
1091881701,202603,40,2026-01-20,2.31
69155895,202602,21,2026-01-20,0.42
77866959,202602,18,2026-01-20,1.57
1062432288,202602,49,2026-01-20,3.30
1048699276,202602,13,2026-01-20,3.89
1027252276,202601,5,2026-01-20,4.52
1040187595,202601,14,2026-01-20,4.95
1031177668,202602,28,2026-01-20,2.23
66605251,202601,18,2026-01-20,1.39
1062432288,202603,39,2026-01-20,3.72
1022047547,202602,27,2026-01-20,0.94
83356329,202603,48,2026-01-20,2.87
53082141,202602,38,2026-01-20,1.86
86744391,202603,13,2026-01-20,1.33
95029802,202603,42,2026-01-20,2.80
1090625155,202603,31,2026-01-20,0.11
99716740,202602,46,2026-01-20,2.32
78027814,202601,10,2026-01-20,0.93
1058090666,202603,21,2026-01-20,0.59
1019881425,202603,27,2026-01-20,2.05
1040491430,202602,32,2026-01-20,0.75
1083890358,202601,48,2026-01-20,2.47
1013330523,202603,42,2026-01-20,2.65
1032848593,202602,16,2026-01-20,2.88
61281561,202603,32,2026-01-20,3.79
46110335,202601,28,2026-01-20,0.79
1057606690,202602,47,2026-01-20,2.54
41181424,202603,45,2026-01-20,0.72
35073995,202602,9,2026-01-20,2.67
45037555,202601,22,2026-01-20,2.26
1084004136,202602,38,2026-01-20,2.51
1080268185,202603,23,2026-01-20,0.94
82940416,202601,37,2026-01-20,0.01
49912182,202602,32,2026-01-20,0.51
1053586230,202603,2,2026-01-20,2.46
1055047615,202602,38,2026-01-20,1.38
1048608777,202602,27,2026-01-20,2.47
72715537,202602,19,2026-01-20,1.92
36707543,202603,47,2026-01-20,0.55
83190501,202601,10,2026-01-20,1.02
84474702,202603,4,2026-01-20,1.08
1064838046,202601,29,2026-01-20,2.65
1029853383,202602,35,2026-01-20,2.36
1002974300,202603,19,2026-01-20,0.14
1079453366,202601,22,2026-01-20,3.24
61538082,202601,37,2026-01-20,0.46
69551101,202602,2,2026-01-20,3.06
1005093780,202601,46,2026-01-20,1.21
89854695,202601,14,2026-01-20,3.73
32588483,202602,27,2026-01-20,0.82
45430373,202602,32,2026-01-20,2.31
1011030457,202603,11,2026-01-20,0.32
95300092,202602,16,2026-01-20,4.98
1095177360,202601,47,2026-01-20,2.87
1092119995,202602,38,2026-01-20,2.86
60636899,202601,2,2026-01-20,0.70
74846932,202602,44,2026-01-20,3.28
1093201338,202602,14,2026-01-20,2.22
96329467,202602,25,2026-01-20,4.98
1015175601,202602,27,2026-01-20,0.55
1096819001,202603,5,2026-01-20,3.66
1069509942,202603,3,2026-01-20,3.59
62296823,202602,21,2026-01-20,0.34
1031998411,202602,31,2026-01-20,4.15
82434584,202601,18,2026-01-20,2.54
1061381983,202603,14,2026-01-20,2.92
1016607595,202601,16,2026-01-20,4.86
1048421953,202603,32,2026-01-20,1.21
40871756,202602,42,2026-01-20,3.60
44092597,202601,46,2026-01-20,4.25
41837899,202603,4,2026-01-20,1.61
1038053909,202601,17,2026-01-20,0.76
44633610,202603,12,2026-01-20,3.26
71053983,202603,41,2026-01-20,3.67
1012903821,202601,8,2026-01-20,0.93
41240743,202603,20,2026-01-20,1.97
86330204,202601,2,2026-01-20,4.50
97647099,202602,21,2026-01-20,1.50
1003554826,202601,6,2026-01-20,4.84
1096887822,202603,50,2026-01-20,3.39
1051543008,202602,37,2026-01-20,4.65
1037573595,202603,48,2026-01-20,1.96
59755790,202602,25,2026-01-20,4.40
41837899,202603,11,2026-01-20,2.58
1035526489,202603,39,2026-01-20,0.05
86712566,202603,38,2026-01-20,0.93
45798099,202603,34,2026-01-20,4.79
1075029744,202603,28,2026-01-20,0.42
56421173,202601,20,2026-01-20,1.53
62482321,202602,2,2026-01-20,0.59
1003554826,202603,33,2026-01-20,1.72
1086638719,202603,6,2026-01-20,2.93
1054026847,202603,11,2026-01-20,4.21
1005556646,202603,36,2026-01-20,2.30
89389413,202601,14,2026-01-20,4.95
1096688043,202603,6,2026-01-20,0.83
30904237,202601,21,2026-01-20,4.26
1088045613,202601,41,2026-01-20,0.66
39717120,202603,35,2026-01-20,3.31
49202206,202601,30,2026-01-20,3.18
1011213970,202601,29,2026-01-20,4.96
31044264,202603,8,2026-01-20,0.08
1070491114,202603,37,2026-01-20,2.12
1051974481,202603,16,2026-01-20,0.38
89619193,202601,16,2026-01-20,4.87
1018522870,202601,8,2026-01-20,3.21
1032051093,202602,10,2026-01-20,0.37
71997098,202601,17,2026-01-20,0.82
60923205,202603,10,2026-01-20,4.12
1039139867,202602,33,2026-01-20,1.55
37972327,202601,13,2026-01-20,3.19
85100098,202603,33,2026-01-20,2.07
1004501244,202603,30,2026-01-20,1.25
1003151977,202602,23,2026-01-20,1.32
1046707660,202601,12,2026-01-20,4.98
55006550,202601,14,2026-01-20,4.37
1040491430,202602,44,2026-01-20,1.67
1057908600,202602,22,2026-01-20,3.65
90112152,202603,45,2026-01-20,4.12
85417090,202602,37,2026-01-20,2.81
1037268816,202603,35,2026-01-20,0.88
1032461864,202603,50,2026-01-20,2.50
1060259338,202602,48,2026-01-20,2.88
53493397,202601,13,2026-01-20,2.78
1034861979,202602,40,2026-01-20,0.20
1083127399,202602,23,2026-01-20,4.33
97489250,202601,32,2026-01-20,0.60
1088045613,202601,10,2026-01-20,1.13
92994039,202601,24,2026-01-20,3.10
46416629,202603,13,2026-01-20,4.25
85038557,202603,12,2026-01-20,2.87
1011082700,202601,5,2026-01-20,3.68
72843053,202603,30,2026-01-20,0.54
1087786041,202602,47,2026-01-20,4.70
33865679,202601,8,2026-01-20,4.95
90703282,202603,40,2026-01-20,0.02
64614689,202601,44,2026-01-20,1.84
82039205,202603,24,2026-01-20,1.24
63232628,202602,38,2026-01-20,4.63
59822375,202603,44,2026-01-20,0.58
1010081523,202602,20,2026-01-20,4.85
57682592,202603,36,2026-01-20,4.28
1067664062,202601,26,2026-01-20,1.26
30601717,202601,26,2026-01-20,4.00
30607680,202602,36,2026-01-20,0.67
98939141,202602,38,2026-01-20,3.55
1095177360,202603,49,2026-01-20,0.53
30468493,202602,46,2026-01-20,1.34
1080423959,202603,27,2026-01-20,4.32
1028568813,202603,16,2026-01-20,2.64
75957568,202602,25,2026-01-20,3.53
1074301274,202601,31,2026-01-20,4.29
59405820,202603,41,2026-01-20,3.86
42821137,202601,7,2026-01-20,4.24
86376774,202603,44,2026-01-20,4.82
1012888963,202602,25,2026-01-20,4.70
66001675,202601,45,2026-01-20,4.88
1074492944,202603,27,2026-01-20,4.16
36905413,202602,6,2026-01-20,4.04
1037980757,202602,8,2026-01-20,4.09
57047593,202602,32,2026-01-20,2.02
1062356864,202602,50,2026-01-20,3.25
68866462,202602,44,2026-01-20,1.73
32357149,202601,46,2026-01-20,3.73
1048608777,202602,26,2026-01-20,1.03
94875060,202601,4,2026-01-20,0.35
1014216798,202601,16,2026-01-20,2.42
1091333458,202601,50,2026-01-20,1.56
1095255522,202602,17,2026-01-20,4.22
1028640582,202601,11,2026-01-20,2.71
1067849932,202603,7,2026-01-20,3.37
94702908,202602,11,2026-01-20,4.56
1070630108,202601,50,2026-01-20,4.66
86744391,202603,16,2026-01-20,2.71
58760630,202602,2,2026-01-20,2.79
1002906642,202603,48,2026-01-20,1.09
1098738776,202603,17,2026-01-20,3.62
1098345343,202603,33,2026-01-20,0.87
34056635,202601,27,2026-01-20,3.07
64128269,202603,10,2026-01-20,3.62
72082182,202603,43,2026-01-20,2.35
40335502,202603,50,2026-01-20,1.38
55742810,202603,50,2026-01-20,0.46
1049991606,202603,40,2026-01-20,3.94
46266893,202603,31,2026-01-20,0.48
48864855,202602,19,2026-01-20,2.75
86277062,202603,40,2026-01-20,4.22
1085913988,202602,32,2026-01-20,2.95
42372493,202601,19,2026-01-20,3.34
79799171,202602,12,2026-01-20,4.10
70004049,202601,48,2026-01-20,1.99
1070416605,202601,19,2026-01-20,4.75
1002569081,202602,33,2026-01-20,4.75
67992873,202602,20,2026-01-20,2.25
1014820282,202602,40,2026-01-20,2.72
1048002473,202602,28,2026-01-20,4.85
1088067088,202603,38,2026-01-20,0.98
1090751891,202603,33,2026-01-20,2.90
65919762,202602,12,2026-01-20,2.56
83033713,202602,26,2026-01-20,4.80
67348444,202601,19,2026-01-20,0.38
39055184,202601,10,2026-01-20,4.58
1004397729,202601,41,2026-01-20,0.72
55985844,202602,30,2026-01-20,3.39
73098678,202602,5,2026-01-20,2.12
1084004136,202601,46,2026-01-20,4.28
67562681,202603,32,2026-01-20,3.88
1081257603,202601,24,2026-01-20,3.46
1019386440,202601,42,2026-01-20,1.41
1024628763,202602,3,2026-01-20,0.75
97855621,202603,38,2026-01-20,3.55
66621914,202602,24,2026-01-20,3.68
1045089268,202601,36,2026-01-20,3.13
75653548,202603,43,2026-01-20,2.08
1015993560,202603,36,2026-01-20,2.61
1092227653,202603,17,2026-01-20,4.39
86376774,202601,12,2026-01-20,3.46
90841881,202601,8,2026-01-20,1.35
71157929,202603,28,2026-01-20,3.66
1084389705,202601,48,2026-01-20,2.82
1093191345,202602,6,2026-01-20,1.26
45222838,202602,31,2026-01-20,0.65
1009870407,202602,23,2026-01-20,2.00
1016339611,202602,43,2026-01-20,0.16
53053403,202603,24,2026-01-20,0.34
60602699,202603,38,2026-01-20,4.78
1079455975,202603,45,2026-01-20,2.02
73918384,202603,16,2026-01-20,0.17
1060259338,202601,6,2026-01-20,0.72
90060003,202601,38,2026-01-20,1.00
46416629,202601,33,2026-01-20,1.22
48428936,202603,14,2026-01-20,0.37
1068296294,202602,47,2026-01-20,3.58
79753693,202602,40,2026-01-20,3.53
1033865029,202603,41,2026-01-20,0.31
58743392,202602,9,2026-01-20,1.89
1019284930,202603,48,2026-01-20,0.90
1054736697,202602,17,2026-01-20,0.38
1073684088,202603,48,2026-01-20,1.09
1055926924,202603,37,2026-01-20,0.71
56078773,202603,20,2026-01-20,1.68
1004501244,202601,39,2026-01-20,0.75
1064065246,202602,3,2026-01-20,3.10
60147260,202601,17,2026-01-20,0.29
1081619875,202602,18,2026-01-20,1.60
1046127911,202601,5,2026-01-20,3.60
99755591,202602,9,2026-01-20,4.93
90077507,202601,47,2026-01-20,3.29
38093424,202601,30,2026-01-20,2.13
40008755,202601,48,2026-01-20,4.48
68477764,202602,34,2026-01-20,2.77
60923205,202601,8,2026-01-20,0.93
56246682,202603,8,2026-01-20,2.49
1069503038,202603,27,2026-01-20,2.47
53962388,202603,37,2026-01-20,4.30
83000278,202603,2,2026-01-20,4.67
93449830,202602,12,2026-01-20,3.56
86043827,202602,42,2026-01-20,3.18
1052726492,202602,1,2026-01-20,3.88
1066578975,202601,18,2026-01-20,3.77
30964416,202601,23,2026-01-20,2.66
90275419,202603,38,2026-01-20,0.44
1067107342,202601,41,2026-01-20,0.28
1030217074,202601,4,2026-01-20,2.79
1065478684,202602,10,2026-01-20,4.55
1043003035,202601,40,2026-01-20,1.93
68328569,202601,5,2026-01-20,4.46
1052849122,202602,30,2026-01-20,4.94
1026230592,202603,49,2026-01-20,3.33
1073431788,202602,4,2026-01-20,3.49
1014531020,202603,1,2026-01-20,0.68
35722426,202603,1,2026-01-20,3.73
62845179,202602,6,2026-01-20,0.99
74590975,202602,26,2026-01-20,4.91
76828783,202603,17,2026-01-20,4.96
91177456,202602,18,2026-01-20,4.86
1052184717,202601,17,2026-01-20,4.04
1011522972,202602,17,2026-01-20,1.38
1052726492,202601,6,2026-01-20,1.85
98291484,202602,4,2026-01-20,4.52
1002829644,202603,17,2026-01-20,1.23
90367102,202602,25,2026-01-20,0.83
70641925,202601,7,2026-01-20,4.24
90275419,202601,30,2026-01-20,2.03
87084278,202601,41,2026-01-20,2.73
1048002473,202601,24,2026-01-20,1.86
44320241,202601,21,2026-01-20,0.75
1012180694,202601,48,2026-01-20,1.79
82877226,202602,9,2026-01-20,1.06
64452514,202601,25,2026-01-20,2.56
1020969234,202601,34,2026-01-20,1.74
1083454767,202603,42,2026-01-20,0.87
83145569,202601,19,2026-01-20,0.21
1095198415,202602,49,2026-01-20,2.41
1052398223,202602,37,2026-01-20,1.12
1054006050,202603,20,2026-01-20,4.64
1096470457,202603,47,2026-01-20,1.04
1008745347,202601,19,2026-01-20,0.23
1009983488,202603,15,2026-01-20,2.51
1054373038,202601,3,2026-01-20,4.43
88430931,202603,24,2026-01-20,1.77
1044234110,202603,44,2026-01-20,2.63
1079308768,202603,36,2026-01-20,4.24
1019881425,202601,7,2026-01-20,1.93
1086077857,202602,2,2026-01-20,4.11
1074507356,202602,3,2026-01-20,3.63
38169601,202602,6,2026-01-20,4.41
1089308375,202602,16,2026-01-20,1.95
36462346,202603,14,2026-01-20,1.46
1007463129,202602,43,2026-01-20,2.24
1068422006,202603,15,2026-01-20,4.20
1036051675,202603,39,2026-01-20,3.78
1020705807,202603,37,2026-01-20,1.16
50201838,202602,49,2026-01-20,2.72
1011223904,202603,24,2026-01-20,1.59
1035128832,202601,13,2026-01-20,0.33
1084116025,202603,35,2026-01-20,1.36
1063628547,202602,27,2026-01-20,2.16
1079455975,202601,40,2026-01-20,4.62
1005237313,202602,32,2026-01-20,0.07
1098094214,202603,46,2026-01-20,2.97
1056592112,202603,37,2026-01-20,1.29
1042401809,202603,19,2026-01-20,4.25
73150146,202603,45,2026-01-20,2.87
1036726494,202601,36,2026-01-20,4.44
65546278,202602,44,2026-01-20,4.30
49235216,202602,36,2026-01-20,4.91
86179450,202603,12,2026-01-20,0.12
33996103,202601,28,2026-01-20,3.29
41241184,202603,27,2026-01-20,0.32
1049282211,202602,50,2026-01-20,2.88
74145190,202601,15,2026-01-20,3.24
1050426980,202602,49,2026-01-20,4.40
1040187595,202602,37,2026-01-20,4.28
52751278,202603,25,2026-01-20,3.19
44633610,202601,44,2026-01-20,3.77
42071246,202602,50,2026-01-20,1.93
98045764,202603,28,2026-01-20,3.38
63247072,202602,23,2026-01-20,0.62
1070237496,202602,32,2026-01-20,3.56
60219015,202602,4,2026-01-20,1.01
81363480,202602,34,2026-01-20,3.31
35773949,202601,39,2026-01-20,1.42
1020432196,202603,40,2026-01-20,4.42
79193240,202601,46,2026-01-20,3.64
36042779,202602,24,2026-01-20,0.32
95695927,202603,23,2026-01-20,1.78
1026366483,202602,43,2026-01-20,1.11
1071173355,202602,34,2026-01-20,2.63
71822799,202603,24,2026-01-20,0.06
1095760428,202602,38,2026-01-20,2.28
57682592,202602,18,2026-01-20,1.96
73345986,202601,28,2026-01-20,1.81
97689312,202601,35,2026-01-20,1.78
1029641959,202602,48,2026-01-20,1.44
35380072,202601,30,2026-01-20,4.82
91534617,202602,47,2026-01-20,3.18
32798289,202602,3,2026-01-20,0.07
47657401,202602,5,2026-01-20,4.22
88244411,202602,5,2026-01-20,2.98
37097788,202603,35,2026-01-20,4.88
81058060,202601,45,2026-01-20,3.48
1056857568,202601,7,2026-01-20,4.07
63999790,202603,5,2026-01-20,1.98
1089243968,202603,28,2026-01-20,4.88
1077496104,202601,3,2026-01-20,2.22
1097284635,202602,26,2026-01-20,3.51
62019102,202603,12,2026-01-20,2.46
1069845779,202602,19,2026-01-20,2.89
99207236,202603,31,2026-01-20,1.54
42036612,202603,21,2026-01-20,0.91
89992101,202601,32,2026-01-20,4.27
86402011,202602,10,2026-01-20,1.46
1076931645,202603,45,2026-01-20,0.22
61318067,202601,35,2026-01-20,0.73
41529925,202601,45,2026-01-20,1.13
1019412716,202602,42,2026-01-20,2.63
1056592112,202601,17,2026-01-20,2.76
1001184112,202601,37,2026-01-20,0.18
42372493,202603,7,2026-01-20,3.31
1016339611,202602,48,2026-01-20,1.48
44591606,202601,21,2026-01-20,4.49
1010925452,202603,43,2026-01-20,2.07
83055211,202601,37,2026-01-20,1.17
56905064,202602,19,2026-01-20,1.82
1040795127,202603,38,2026-01-20,4.20
1033499696,202602,21,2026-01-20,3.22
99296251,202602,9,2026-01-20,1.38
30670412,202603,35,2026-01-20,4.71
68304668,202601,25,2026-01-20,0.63
1041139961,202601,24,2026-01-20,1.59
51051734,202601,35,2026-01-20,4.65
47033819,202603,28,2026-01-20,4.10
1015609202,202602,9,2026-01-20,1.36
48088095,202603,45,2026-01-20,1.67
1098819632,202601,23,2026-01-20,4.45
1086077857,202603,42,2026-01-20,4.50
1049453692,202602,26,2026-01-20,4.00
85922620,202603,21,2026-01-20,3.40
1065175277,202602,15,2026-01-20,2.33
1035969383,202603,19,2026-01-20,1.50
1036669627,202601,16,2026-01-20,1.14
1093085257,202602,46,2026-01-20,1.14
1034861979,202603,32,2026-01-20,1.77
97855621,202601,3,2026-01-20,2.49
1062305353,202602,19,2026-01-20,1.32
30782048,202603,10,2026-01-20,0.61
1000521066,202602,49,2026-01-20,3.61
54641907,202602,49,2026-01-20,0.78
47030622,202601,32,2026-01-20,0.12
1055047615,202603,9,2026-01-20,2.81
1085346425,202603,3,2026-01-20,2.65
1003377760,202602,9,2026-01-20,3.20
1049024561,202601,47,2026-01-20,1.03
92691732,202603,35,2026-01-20,0.38
46416629,202603,41,2026-01-20,0.77
1075753673,202602,2,2026-01-20,1.75
1068422006,202602,9,2026-01-20,2.71
58506081,202601,43,2026-01-20,2.70
40307115,202601,38,2026-01-20,3.77
51703321,202601,44,2026-01-20,1.80
76460888,202601,11,2026-01-20,4.86
60147260,202603,27,2026-01-20,2.99
40097460,202602,31,2026-01-20,4.87
77827295,202601,37,2026-01-20,0.16
1063598820,202602,12,2026-01-20,1.70
1009026749,202602,27,2026-01-20,1.06
1016469038,202602,10,2026-01-20,4.37
81812105,202603,21,2026-01-20,2.72
1076931645,202602,18,2026-01-20,2.94
1030087054,202602,10,2026-01-20,2.30
32564971,202601,25,2026-01-20,0.99
46638345,202603,43,2026-01-20,2.69
1046191452,202602,43,2026-01-20,3.58
1066874682,202602,12,2026-01-20,4.49
1070630108,202602,10,2026-01-20,2.01
79807561,202602,18,2026-01-20,1.58
1026100199,202602,30,2026-01-20,0.05
1024984950,202603,5,2026-01-20,0.09
40063371,202602,33,2026-01-20,1.18
59339570,202601,42,2026-01-20,3.87
1057109781,202601,39,2026-01-20,0.56
58598564,202603,16,2026-01-20,2.76
74590975,202601,24,2026-01-20,4.40
1004492918,202603,11,2026-01-20,4.85
1029019464,202603,26,2026-01-20,3.69
65790509,202602,33,2026-01-20,4.33
1006408812,202602,18,2026-01-20,0.49
30782048,202602,3,2026-01-20,0.38
36431924,202601,32,2026-01-20,1.37
75647342,202602,27,2026-01-20,2.85
99296251,202601,44,2026-01-20,2.18
60890646,202603,3,2026-01-20,0.12
89931821,202602,45,2026-01-20,1.42
69767650,202603,6,2026-01-20,3.40
97395092,202602,7,2026-01-20,0.15
1086956335,202601,44,2026-01-20,1.87
1040795127,202603,46,2026-01-20,0.81
52220127,202603,22,2026-01-20,2.11
1098553705,202601,4,2026-01-20,2.47
77626532,202603,7,2026-01-20,0.95
67398206,202601,35,2026-01-20,3.15
87725193,202602,38,2026-01-20,2.77
1008036342,202602,2,2026-01-20,3.88
1065222609,202601,6,2026-01-20,1.28
1056857568,202601,18,2026-01-20,1.25
1048650934,202602,30,2026-01-20,3.46
78209939,202601,48,2026-01-20,4.88
1050376817,202602,24,2026-01-20,1.57
72827172,202601,41,2026-01-20,4.64
1006464295,202601,22,2026-01-20,1.39
1021940844,202602,28,2026-01-20,3.94
54631318,202602,34,2026-01-20,0.88
1001013682,202601,36,2026-01-20,1.11
1040580651,202602,6,2026-01-20,4.71
1073277636,202601,21,2026-01-20,4.18
1067068049,202602,22,2026-01-20,1.88
33394953,202602,7,2026-01-20,0.75
75628971,202602,1,2026-01-20,0.46
57497280,202602,40,2026-01-20,2.94
78015228,202602,37,2026-01-20,0.25
1028142032,202601,19,2026-01-20,4.15
67840188,202603,27,2026-01-20,1.26
68189015,202601,6,2026-01-20,3.14
1055456806,202603,43,2026-01-20,3.30
1026878188,202602,41,2026-01-20,2.73
1011095368,202603,47,2026-01-20,4.13
1006023533,202602,17,2026-01-20,4.81
1074204231,202603,39,2026-01-20,1.33
1020969234,202602,43,2026-01-20,0.17
46110335,202603,21,2026-01-20,0.70
47030622,202601,2,2026-01-20,1.55
1010731637,202602,39,2026-01-20,1.85
63191159,202602,31,2026-01-20,0.37
90962093,202601,47,2026-01-20,4.56
66149954,202602,42,2026-01-20,0.20
77992280,202603,2,2026-01-20,1.17
1005929938,202601,33,2026-01-20,0.88
52950199,202601,36,2026-01-20,4.41
1077823333,202602,30,2026-01-20,3.45
37479988,202602,15,2026-01-20,2.38
63936632,202603,16,2026-01-20,3.46
69081684,202601,24,2026-01-20,1.70
1051436689,202601,41,2026-01-20,3.26
1056191849,202601,14,2026-01-20,0.01
46266893,202602,6,2026-01-20,1.12
1064329500,202603,11,2026-01-20,4.56
53857808,202602,6,2026-01-20,4.16
1086638719,202601,32,2026-01-20,4.29
1087045322,202601,6,2026-01-20,2.77
1018604773,202602,49,2026-01-20,3.77
1048271703,202603,4,2026-01-20,4.18
43667868,202603,42,2026-01-20,4.50
1094805011,202603,3,2026-01-20,2.09
74685449,202602,46,2026-01-20,1.66
54249052,202602,43,2026-01-20,2.10
1069542208,202601,37,2026-01-20,3.65
1083694039,202602,19,2026-01-20,4.57
1024249633,202603,46,2026-01-20,2.64
1080268185,202602,27,2026-01-20,2.52
49795450,202603,29,2026-01-20,1.41
35773949,202601,48,2026-01-20,1.58
36290993,202601,30,2026-01-20,0.13
42071246,202602,17,2026-01-20,2.81
62944946,202601,43,2026-01-20,2.02
40431226,202603,32,2026-01-20,3.47
64045631,202601,14,2026-01-20,2.69
1044222991,202602,30,2026-01-20,0.75
1031223806,202601,44,2026-01-20,0.01
1010731637,202602,2,2026-01-20,2.83
1074400019,202601,6,2026-01-20,2.87
1031865104,202601,40,2026-01-20,3.23
1018935310,202601,44,2026-01-20,3.38
1023836786,202603,3,2026-01-20,4.97
1044218719,202603,27,2026-01-20,1.05
86543940,202601,27,2026-01-20,3.61
1032231589,202603,11,2026-01-20,4.33
1075753673,202601,37,2026-01-20,1.83
1012258527,202603,19,2026-01-20,4.28
84810036,202601,10,2026-01-20,3.59
1059675877,202601,49,2026-01-20,4.44
1051472219,202601,20,2026-01-20,4.02
75310377,202602,38,2026-01-20,3.30
97453136,202601,29,2026-01-20,0.51
1082224499,202602,48,2026-01-20,2.68
1030361863,202601,36,2026-01-20,0.58
1057908600,202601,8,2026-01-20,0.54
86712566,202603,12,2026-01-20,4.16
1074052982,202602,30,2026-01-20,1.28
72894975,202601,15,2026-01-20,0.92
1005093780,202602,8,2026-01-20,4.78
1032562339,202601,17,2026-01-20,3.05
1071519446,202603,12,2026-01-20,2.74
1054060095,202601,49,2026-01-20,4.55
1043439501,202601,17,2026-01-20,1.51
1040810953,202603,17,2026-01-20,1.33
1059831750,202601,31,2026-01-20,4.48
1019573416,202602,1,2026-01-20,2.84
1083694039,202601,23,2026-01-20,0.65
1090546243,202602,4,2026-01-20,2.18
1035492612,202602,19,2026-01-20,3.87
34101019,202603,46,2026-01-20,2.09
1009147420,202603,33,2026-01-20,4.47
90420408,202601,12,2026-01-20,4.68
81475596,202603,26,2026-01-20,0.35
63883911,202603,29,2026-01-20,0.62
1052574518,202602,9,2026-01-20,0.76
63999790,202602,34,2026-01-20,4.55
1067478622,202601,11,2026-01-20,1.75
1024019538,202602,35,2026-01-20,4.15
1054426916,202601,9,2026-01-20,1.33
1001659933,202601,4,2026-01-20,4.00
66896239,202603,20,2026-01-20,1.57
90550515,202601,9,2026-01-20,1.56
1040491430,202603,7,2026-01-20,4.44
36522127,202601,35,2026-01-20,1.40
1037309806,202603,44,2026-01-20,2.66
1088920800,202602,47,2026-01-20,0.39
54027117,202602,4,2026-01-20,1.61
1033499696,202602,2,2026-01-20,0.89
36691456,202602,36,2026-01-20,3.23
76212741,202602,39,2026-01-20,0.42
33969978,202603,38,2026-01-20,2.80
91106002,202601,39,2026-01-20,1.24
1052120249,202601,29,2026-01-20,4.88
66782177,202603,46,2026-01-20,0.21
1047784051,202603,49,2026-01-20,4.86
49438162,202603,36,2026-01-20,4.02
1055635406,202602,17,2026-01-20,3.12
51544527,202602,32,2026-01-20,2.52
1052120249,202603,49,2026-01-20,4.62
1046931720,202602,35,2026-01-20,2.95
1021237999,202602,48,2026-01-20,2.34
33865679,202602,12,2026-01-20,0.63
1018935310,202603,15,2026-01-20,4.09
35443820,202603,36,2026-01-20,2.01
1089620285,202603,48,2026-01-20,3.40
1008542387,202603,33,2026-01-20,4.32
51703321,202602,17,2026-01-20,1.42
1036489929,202601,6,2026-01-20,1.56
1032080849,202603,20,2026-01-20,3.13
50577171,202601,47,2026-01-20,0.00
69786220,202602,13,2026-01-20,2.96
63671964,202602,36,2026-01-20,2.74
1095760428,202603,21,2026-01-20,1.55
71120450,202602,5,2026-01-20,0.97
1002775277,202601,16,2026-01-20,2.29
1059024065,202601,18,2026-01-20,1.72
1047289672,202603,6,2026-01-20,3.49
1049565194,202603,8,2026-01-20,0.12
34354492,202602,21,2026-01-20,4.03
51841416,202602,23,2026-01-20,1.64
44715764,202602,25,2026-01-20,3.00
48270466,202603,27,2026-01-20,3.42
36707543,202602,38,2026-01-20,1.13
90050392,202602,32,2026-01-20,1.37
1005097678,202602,10,2026-01-20,4.74
62046336,202603,20,2026-01-20,3.98
39692568,202602,30,2026-01-20,0.56
1083127399,202603,14,2026-01-20,1.33
1013130402,202601,3,2026-01-20,3.07
73345986,202601,31,2026-01-20,2.59
65279946,202602,34,2026-01-20,3.80
48770617,202601,25,2026-01-20,3.05
1091017052,202602,40,2026-01-20,0.80
1060551250,202601,33,2026-01-20,1.95
57325805,202601,47,2026-01-20,4.56
1065112872,202601,38,2026-01-20,0.23
1093085257,202603,39,2026-01-20,0.59
39223311,202603,25,2026-01-20,3.10
1087045322,202603,28,2026-01-20,2.54
1028179185,202601,27,2026-01-20,0.39
1014462687,202603,45,2026-01-20,3.59
95558748,202602,29,2026-01-20,3.68
1090329304,202601,44,2026-01-20,3.29
1096935085,202603,47,2026-01-20,2.56
1017935369,202603,36,2026-01-20,0.78
1055539770,202602,21,2026-01-20,4.03
1031868076,202602,45,2026-01-20,0.30
86376774,202602,2,2026-01-20,2.31
1057869181,202603,4,2026-01-20,3.99
83000278,202601,7,2026-01-20,3.35
42518407,202603,10,2026-01-20,2.03
1009072156,202601,6,2026-01-20,2.34
1027934596,202601,41,2026-01-20,4.85
1000313422,202603,33,2026-01-20,4.27
34462254,202603,41,2026-01-20,2.46
1005253816,202602,50,2026-01-20,2.33
57369751,202601,12,2026-01-20,0.75
44045587,202602,30,2026-01-20,0.72
46651732,202603,41,2026-01-20,0.35
75516369,202602,1,2026-01-20,3.72
70991318,202602,48,2026-01-20,3.89
1049842418,202602,41,2026-01-20,4.87
31160582,202603,16,2026-01-20,3.35
62046336,202603,29,2026-01-20,0.65
1008207166,202602,21,2026-01-20,4.89
1064732692,202603,9,2026-01-20,0.45
86712566,202602,47,2026-01-20,4.56
53794736,202603,19,2026-01-20,0.30
1003613877,202602,35,2026-01-20,4.45
73107866,202601,34,2026-01-20,0.94
99740279,202602,34,2026-01-20,0.22
1096887822,202603,19,2026-01-20,1.30
1081161290,202603,7,2026-01-20,2.15
67279049,202602,4,2026-01-20,2.20
1080268185,202601,21,2026-01-20,3.71
69548947,202602,27,2026-01-20,0.87
1035534580,202601,38,2026-01-20,3.35
1018651579,202603,26,2026-01-20,0.67
1082450177,202603,38,2026-01-20,1.95
1045273800,202602,5,2026-01-20,2.05
41575349,202601,45,2026-01-20,0.80
53857808,202602,49,2026-01-20,4.16
30342339,202603,20,2026-01-20,1.80
1009072156,202603,46,2026-01-20,4.03
1069459393,202603,46,2026-01-20,4.28
1001216343,202601,45,2026-01-20,3.86
99296251,202601,3,2026-01-20,0.27
88430931,202603,36,2026-01-20,4.46
89440828,202602,40,2026-01-20,2.60
50012713,202601,38,2026-01-20,2.19
98389086,202602,47,2026-01-20,3.48
96765015,202601,11,2026-01-20,4.31
1032231859,202601,16,2026-01-20,3.61
66970386,202603,50,2026-01-20,2.44
90829058,202601,44,2026-01-20,0.70
1055595952,202603,2,2026-01-20,1.61
30994944,202603,17,2026-01-20,4.11
62665644,202603,35,2026-01-20,2.43
90962093,202603,20,2026-01-20,0.96
1009072156,202603,6,2026-01-20,2.14
1080338792,202601,6,2026-01-20,2.88
95695927,202603,14,2026-01-20,0.65
41389638,202603,2,2026-01-20,0.99
97812410,202603,5,2026-01-20,0.98
1098819632,202602,21,2026-01-20,1.06
1036669627,202602,40,2026-01-20,4.59
57761048,202601,12,2026-01-20,4.53
78263689,202602,30,2026-01-20,0.31
1060917828,202601,22,2026-01-20,0.67
47030622,202601,31,2026-01-20,1.89
57076521,202603,19,2026-01-20,4.72
59822375,202602,16,2026-01-20,2.39
62654607,202602,29,2026-01-20,1.52
1043464237,202601,49,2026-01-20,4.82
1001503011,202601,19,2026-01-20,1.32
93809540,202601,6,2026-01-20,3.76
1085913988,202603,45,2026-01-20,3.94
1017545591,202601,29,2026-01-20,3.92
1049111825,202602,41,2026-01-20,3.17
62296823,202603,9,2026-01-20,0.84
1078525766,202602,50,2026-01-20,1.85
1012751005,202602,42,2026-01-20,2.08
1006023533,202602,34,2026-01-20,0.39
1003824685,202601,33,2026-01-20,0.05
1049490257,202601,25,2026-01-20,4.16
1027934596,202603,33,2026-01-20,4.03
1001252775,202601,38,2026-01-20,3.02
1089308375,202602,5,2026-01-20,4.53
1037625079,202603,30,2026-01-20,0.43
1063631276,202601,1,2026-01-20,2.00
32378262,202601,14,2026-01-20,0.06
1016077382,202603,28,2026-01-20,0.28
1082178263,202603,47,2026-01-20,4.68
73491042,202603,18,2026-01-20,2.11
1039057234,202601,5,2026-01-20,0.84
1058431345,202601,46,2026-01-20,5.00
1044577662,202603,7,2026-01-20,2.17
1034201337,202601,27,2026-01-20,0.57
68539416,202603,46,2026-01-20,0.54
1070515317,202602,47,2026-01-20,4.33
70473878,202602,33,2026-01-20,2.04
92691732,202601,25,2026-01-20,0.31
1074070086,202602,32,2026-01-20,3.32
71314054,202602,29,2026-01-20,1.78
1055635406,202602,9,2026-01-20,4.64
1004810160,202603,14,2026-01-20,4.66
46765905,202602,3,2026-01-20,2.60
61348750,202603,35,2026-01-20,1.84
1094109821,202601,39,2026-01-20,2.40
95609088,202603,14,2026-01-20,0.72
1086638719,202603,10,2026-01-20,4.00
43061488,202601,5,2026-01-20,0.59
1048470404,202602,20,2026-01-20,1.68
35244693,202603,3,2026-01-20,0.54
85650102,202603,40,2026-01-20,4.25
75138568,202601,38,2026-01-20,1.87
44320241,202603,4,2026-01-20,1.56
45467499,202601,29,2026-01-20,2.11
1085291083,202603,40,2026-01-20,0.62
1082472153,202601,7,2026-01-20,4.96
1075620440,202603,25,2026-01-20,1.15
99096725,202603,34,2026-01-20,1.40
35722426,202602,6,2026-01-20,4.50
1098276683,202603,13,2026-01-20,0.85
1014216798,202603,36,2026-01-20,3.35
1085798794,202601,7,2026-01-20,1.19
65041172,202602,48,2026-01-20,4.89
83356329,202602,19,2026-01-20,2.36
72944327,202602,41,2026-01-20,4.67
1013645144,202602,15,2026-01-20,2.81
72082182,202601,50,2026-01-20,4.23
1098511909,202601,12,2026-01-20,3.12
67088772,202602,41,2026-01-20,0.85
78015228,202601,2,2026-01-20,2.75
66823257,202603,11,2026-01-20,2.06
78826410,202602,13,2026-01-20,3.65
1051150626,202603,16,2026-01-20,0.04
34663424,202602,13,2026-01-20,3.68
30754217,202603,33,2026-01-20,3.52
1087045322,202603,21,2026-01-20,3.82
66605251,202602,5,2026-01-20,0.03
1066578975,202603,6,2026-01-20,4.81
83137733,202602,38,2026-01-20,1.37
1014499972,202603,18,2026-01-20,2.88
1057667898,202601,17,2026-01-20,3.74
1084449619,202603,7,2026-01-20,3.64
62837923,202601,17,2026-01-20,1.28
61541459,202602,42,2026-01-20,4.98
73228111,202602,3,2026-01-20,3.43
1066082311,202601,13,2026-01-20,2.36
47166528,202601,17,2026-01-20,1.64
70004049,202601,32,2026-01-20,3.90
1022803792,202602,33,2026-01-20,0.35
50698077,202601,4,2026-01-20,3.54
1064166460,202601,41,2026-01-20,0.11
54765555,202602,1,2026-01-20,2.28
1023836786,202603,18,2026-01-20,2.92
1082762593,202601,23,2026-01-20,0.78
60209244,202603,46,2026-01-20,0.68
1092099004,202601,30,2026-01-20,1.78
73094486,202602,5,2026-01-20,2.58
63095309,202601,11,2026-01-20,1.45
1063328593,202601,47,2026-01-20,0.94
40481160,202601,24,2026-01-20,1.77
1039958147,202601,9,2026-01-20,2.77
1012258527,202602,3,2026-01-20,4.87
1062128987,202601,9,2026-01-20,0.76
1041825092,202601,40,2026-01-20,0.57
1082436450,202603,8,2026-01-20,2.96
95923482,202601,20,2026-01-20,0.38
82421063,202602,45,2026-01-20,4.83
76955634,202603,44,2026-01-20,4.27
77729303,202601,32,2026-01-20,0.49
1026878188,202603,29,2026-01-20,1.10
1037304675,202603,8,2026-01-20,2.41
1064125477,202601,23,2026-01-20,4.79
70580850,202603,24,2026-01-20,4.58
1062904287,202602,22,2026-01-20,0.57
85816939,202602,22,2026-01-20,4.50
66823257,202602,25,2026-01-20,4.60
38286055,202601,32,2026-01-20,3.06
1087045322,202603,10,2026-01-20,4.25
1073786461,202601,34,2026-01-20,2.21
97279574,202603,50,2026-01-20,3.55
1077295382,202602,17,2026-01-20,3.09
1074301274,202603,50,2026-01-20,3.48
1030670862,202603,11,2026-01-20,1.01
86390631,202601,28,2026-01-20,4.13
68620447,202602,23,2026-01-20,1.27
87705710,202603,28,2026-01-20,0.33
79193240,202601,22,2026-01-20,4.55
1096197568,202603,40,2026-01-20,0.61
92204419,202601,24,2026-01-20,2.53
52105900,202603,23,2026-01-20,4.34
1018431885,202602,39,2026-01-20,2.77
62485361,202601,42,2026-01-20,0.80
31840117,202602,31,2026-01-20,4.08
97933143,202601,45,2026-01-20,4.27
67347697,202601,23,2026-01-20,0.59
30670412,202602,28,2026-01-20,3.25
90942656,202603,28,2026-01-20,4.27
64144498,202602,26,2026-01-20,2.74
57243297,202602,33,2026-01-20,1.88
65790509,202601,43,2026-01-20,0.73
32579152,202603,43,2026-01-20,1.55
41000539,202602,50,2026-01-20,3.29
1066874682,202603,35,2026-01-20,3.27
40008755,202601,8,2026-01-20,2.91
1007781701,202602,31,2026-01-20,4.56
1074129101,202601,30,2026-01-20,0.76
1038070401,202601,23,2026-01-20,4.55
46719142,202603,15,2026-01-20,1.55
35964218,202601,2,2026-01-20,4.49
69585647,202603,10,2026-01-20,3.65
1054929496,202601,38,2026-01-20,2.35
81332007,202602,22,2026-01-20,2.32
99266679,202601,4,2026-01-20,4.78
1087186097,202602,15,2026-01-20,2.58
1063049748,202601,21,2026-01-20,4.31
52577495,202603,4,2026-01-20,4.67
52577495,202603,44,2026-01-20,2.07
1069845779,202603,12,2026-01-20,1.43
82434584,202601,4,2026-01-20,0.91
1021488418,202603,11,2026-01-20,4.94
98261504,202603,16,2026-01-20,0.60
52690425,202603,16,2026-01-20,2.56
1074052982,202602,5,2026-01-20,4.13
82940416,202603,32,2026-01-20,3.25
1098738776,202603,42,2026-01-20,3.96
1029983218,202602,35,2026-01-20,3.35
39955273,202603,23,2026-01-20,1.81
1077148274,202603,21,2026-01-20,2.48
57423173,202603,26,2026-01-20,3.03
39707763,202602,5,2026-01-20,4.65
59755790,202602,32,2026-01-20,4.14
1039526962,202601,39,2026-01-20,1.57
88303183,202602,18,2026-01-20,4.65
63191159,202601,9,2026-01-20,0.01
1011085344,202603,25,2026-01-20,2.41
32345651,202602,6,2026-01-20,2.11
71314054,202602,4,2026-01-20,4.43
1052230315,202602,42,2026-01-20,2.66
67629981,202602,23,2026-01-20,3.69
88430931,202601,42,2026-01-20,0.00
1038942437,202602,36,2026-01-20,0.27
1060204862,202602,41,2026-01-20,4.10
69585647,202603,23,2026-01-20,4.76
1005097678,202603,3,2026-01-20,4.96
94416849,202602,43,2026-01-20,0.98
1012888963,202603,29,2026-01-20,4.26
37920000,202601,33,2026-01-20,0.80
1075807469,202602,29,2026-01-20,2.09
63790996,202603,45,2026-01-20,0.50
1027295357,202601,6,2026-01-20,2.12
34354492,202603,25,2026-01-20,0.79
1070551659,202602,10,2026-01-20,1.09
1000116824,202602,15,2026-01-20,0.98
89746560,202602,45,2026-01-20,4.35
60219015,202601,1,2026-01-20,0.94
1080246206,202602,28,2026-01-20,0.23
1034518759,202601,24,2026-01-20,2.66
76509278,202602,29,2026-01-20,1.91
1086077857,202603,6,2026-01-20,4.25
1021013230,202601,26,2026-01-20,2.93
1097747763,202601,6,2026-01-20,3.23
1083346865,202602,2,2026-01-20,1.40
1073198077,202601,7,2026-01-20,4.31
66701415,202602,18,2026-01-20,2.42
73583322,202602,28,2026-01-20,1.55
79525969,202601,28,2026-01-20,4.65
1003416558,202601,12,2026-01-20,2.69
60147260,202603,47,2026-01-20,0.92
1054929496,202602,31,2026-01-20,1.22
1004397729,202602,37,2026-01-20,1.59
90865755,202602,1,2026-01-20,2.18
81812105,202602,19,2026-01-20,3.48
1011518683,202603,15,2026-01-20,1.80
1092227653,202603,47,2026-01-20,2.94
1028270250,202601,1,2026-01-20,4.19
1032926267,202601,28,2026-01-20,3.15
1012751005,202603,48,2026-01-20,0.57
70325577,202602,22,2026-01-20,4.70
1062443829,202602,38,2026-01-20,2.13
1034263787,202601,23,2026-01-20,2.70
1024628763,202602,20,2026-01-20,2.63
84569352,202601,48,2026-01-20,0.26
72922474,202603,7,2026-01-20,0.79
1013645144,202602,31,2026-01-20,0.52
1084389705,202601,27,2026-01-20,4.72
1087522730,202601,3,2026-01-20,3.54
82940416,202601,9,2026-01-20,2.71
34951508,202602,19,2026-01-20,4.65
69155895,202602,46,2026-01-20,4.74
54853938,202603,33,2026-01-20,2.73
70019013,202603,23,2026-01-20,3.91
51977984,202601,20,2026-01-20,0.12
1009507932,202602,48,2026-01-20,4.68
43563486,202601,36,2026-01-20,0.33
79770013,202602,7,2026-01-20,2.67
1015175601,202602,38,2026-01-20,1.00
1034229900,202601,46,2026-01-20,1.36
1078242391,202602,49,2026-01-20,1.63
60693986,202602,10,2026-01-20,1.17
1020332904,202602,14,2026-01-20,4.86
1095255522,202601,24,2026-01-20,0.54
1084004136,202602,7,2026-01-20,4.88
91918871,202601,3,2026-01-20,1.07
30782048,202603,26,2026-01-20,3.58
78988140,202601,43,2026-01-20,0.86
83356329,202603,33,2026-01-20,2.77
41906079,202601,44,2026-01-20,0.48
77112326,202601,18,2026-01-20,0.61
31872850,202602,30,2026-01-20,0.91
60328166,202603,42,2026-01-20,0.88
63563348,202603,15,2026-01-20,0.85
60250257,202603,49,2026-01-20,1.25
1084379707,202602,29,2026-01-20,3.48
65513005,202601,14,2026-01-20,0.34
1076702939,202601,49,2026-01-20,3.72
1046707660,202602,12,2026-01-20,3.40
79971673,202603,45,2026-01-20,2.53
80497388,202603,44,2026-01-20,2.84
1021715709,202601,18,2026-01-20,3.38
42875126,202603,37,2026-01-20,3.00
1064732692,202601,35,2026-01-20,4.63
99296251,202603,49,2026-01-20,2.60
55479619,202601,45,2026-01-20,2.78
94806348,202603,46,2026-01-20,4.06
57838841,202602,30,2026-01-20,2.84
34462254,202603,40,2026-01-20,1.17
1043772907,202601,23,2026-01-20,1.47
68866462,202602,27,2026-01-20,4.86
96365176,202601,44,2026-01-20,2.28
63191159,202603,36,2026-01-20,1.96
36135793,202603,33,2026-01-20,0.16
1085798794,202602,44,2026-01-20,2.99
1016310381,202601,21,2026-01-20,2.84
62156729,202602,2,2026-01-20,2.94
1021763469,202603,29,2026-01-20,3.31
1081495107,202602,33,2026-01-20,3.05
1091143356,202602,46,2026-01-20,0.89
38169601,202601,28,2026-01-20,2.00
1075120994,202601,19,2026-01-20,1.87
1038070401,202603,42,2026-01-20,2.35
1017545591,202602,33,2026-01-20,2.75
98045764,202603,27,2026-01-20,0.74
73043853,202603,42,2026-01-20,4.91
1047607426,202601,8,2026-01-20,0.88
1013368648,202602,17,2026-01-20,4.47
1086806384,202602,50,2026-01-20,3.84
73920335,202602,11,2026-01-20,0.01
1040120983,202602,29,2026-01-20,3.33
1025417416,202602,34,2026-01-20,3.07
94715471,202601,50,2026-01-20,2.18
46638345,202602,44,2026-01-20,3.44
1055047615,202601,22,2026-01-20,2.00
73583322,202601,41,2026-01-20,1.24
1045908390,202603,31,2026-01-20,4.41
88964618,202601,5,2026-01-20,2.56
1086779733,202601,41,2026-01-20,0.01
1070069733,202603,19,2026-01-20,3.64
1042882563,202601,11,2026-01-20,2.00
1027095780,202603,3,2026-01-20,4.00
92272836,202602,5,2026-01-20,1.31
1061559891,202601,45,2026-01-20,5.00
1065754044,202601,25,2026-01-20,0.99
1031795545,202601,13,2026-01-20,4.07
36290993,202602,14,2026-01-20,0.97
1018218417,202601,7,2026-01-20,0.68
1008745347,202601,21,2026-01-20,4.36
59891189,202601,9,2026-01-20,1.84
64614689,202603,8,2026-01-20,4.00
58253163,202603,6,2026-01-20,4.13
1085409859,202603,22,2026-01-20,2.07
1057152830,202602,18,2026-01-20,0.89
1026690249,202603,10,2026-01-20,0.84
1031722708,202602,28,2026-01-20,1.78
31828295,202603,1,2026-01-20,1.16
1051436689,202602,48,2026-01-20,1.04
1068296294,202602,19,2026-01-20,0.93
59666586,202602,46,2026-01-20,4.89
84015759,202603,5,2026-01-20,1.80
35806751,202602,49,2026-01-20,0.58
74701667,202602,8,2026-01-20,2.36
31872850,202603,49,2026-01-20,0.31
1002829644,202601,18,2026-01-20,0.46
44715764,202603,18,2026-01-20,3.66
71120450,202603,28,2026-01-20,2.08
73228111,202601,2,2026-01-20,4.26
92037653,202601,48,2026-01-20,0.31
1018431885,202603,6,2026-01-20,3.21
67359161,202603,43,2026-01-20,4.49
1068730203,202603,18,2026-01-20,3.19
96633181,202603,3,2026-01-20,3.78
87705710,202602,46,2026-01-20,0.44
41240743,202603,16,2026-01-20,1.97
34373402,202603,10,2026-01-20,4.57
85771487,202602,7,2026-01-20,3.22
95256192,202603,20,2026-01-20,2.50
1040258541,202602,42,2026-01-20,4.49
1031276506,202602,13,2026-01-20,0.55
60923205,202602,29,2026-01-20,1.03
84977131,202603,4,2026-01-20,2.87
1037636012,202602,21,2026-01-20,0.28
60143019,202603,9,2026-01-20,4.87
1054283750,202601,11,2026-01-20,2.84
1063555759,202603,23,2026-01-20,2.46
1091087698,202603,6,2026-01-20,1.16
1005595783,202601,5,2026-01-20,1.01
1005595783,202601,34,2026-01-20,2.35
1095255522,202602,27,2026-01-20,2.93
59809371,202601,41,2026-01-20,1.84
41092721,202603,4,2026-01-20,3.81
97427352,202603,23,2026-01-20,2.70
37660676,202602,19,2026-01-20,4.78
91013727,202601,24,2026-01-20,3.70
88624626,202603,22,2026-01-20,2.56
95695927,202603,42,2026-01-20,0.49
63909751,202603,1,2026-01-20,4.20
95351628,202602,20,2026-01-20,4.64
58328778,202603,35,2026-01-20,0.35
1049565194,202603,2,2026-01-20,4.89
1019386440,202602,8,2026-01-20,3.84
51303560,202601,25,2026-01-20,3.22
1019001628,202601,3,2026-01-20,0.41
1074129101,202601,20,2026-01-20,0.26
72362140,202602,49,2026-01-20,3.96
61545332,202603,31,2026-01-20,1.13
97164941,202602,43,2026-01-20,1.49
1031177668,202603,22,2026-01-20,2.32
1005865166,202603,16,2026-01-20,1.59
1088414260,202603,10,2026-01-20,4.55
78580204,202603,28,2026-01-20,0.50
1037309806,202603,47,2026-01-20,3.98
57423173,202602,13,2026-01-20,1.61
1036695023,202603,10,2026-01-20,1.21
41649322,202603,16,2026-01-20,2.11
41144018,202602,32,2026-01-20,3.00
1082651440,202601,29,2026-01-20,0.04
57130894,202602,4,2026-01-20,0.96
67088772,202603,14,2026-01-20,1.02
58465359,202601,38,2026-01-20,0.39
1010966782,202601,40,2026-01-20,0.81
30782048,202601,13,2026-01-20,4.28
1018190109,202603,15,2026-01-20,3.98
39692568,202603,5,2026-01-20,4.12
49963266,202603,3,2026-01-20,3.77
50106554,202601,36,2026-01-20,4.11
1070515317,202603,45,2026-01-20,3.88
1060551250,202601,3,2026-01-20,3.37
1088067088,202601,36,2026-01-20,2.92
96942407,202602,18,2026-01-20,0.93
1051472219,202603,27,2026-01-20,4.21
82402628,202602,28,2026-01-20,1.70
1096442715,202603,47,2026-01-20,0.45
1063791456,202602,46,2026-01-20,4.63
94150605,202603,24,2026-01-20,1.30
1076822960,202602,25,2026-01-20,4.21
1060124746,202601,48,2026-01-20,4.95
57369751,202603,38,2026-01-20,3.86
1047784051,202603,48,2026-01-20,4.81
31621386,202602,31,2026-01-20,3.07
44815062,202603,4,2026-01-20,1.85
1026999172,202602,22,2026-01-20,3.80
1051956780,202602,36,2026-01-20,3.02
1058384124,202601,12,2026-01-20,4.32
47310926,202602,13,2026-01-20,4.07
1060341775,202602,40,2026-01-20,3.78
1007343476,202602,50,2026-01-20,2.20
1041410701,202602,9,2026-01-20,3.13
60839818,202601,33,2026-01-20,1.59
1046191452,202602,28,2026-01-20,1.74
1004012733,202601,27,2026-01-20,0.87
1044577662,202603,27,2026-01-20,3.51
1054929496,202602,27,2026-01-20,1.81
37292745,202602,19,2026-01-20,2.75
1027106362,202603,44,2026-01-20,1.77
82940416,202601,36,2026-01-20,2.54
53114281,202601,44,2026-01-20,0.74
37606743,202601,17,2026-01-20,2.20
1073198077,202603,4,2026-01-20,4.73
63563348,202603,17,2026-01-20,1.14
1088962926,202601,49,2026-01-20,3.18
61898071,202603,31,2026-01-20,2.90
1096470457,202601,18,2026-01-20,2.37
1007878135,202602,5,2026-01-20,1.54
93987346,202603,33,2026-01-20,4.81
1029759517,202603,10,2026-01-20,2.11
99922283,202603,43,2026-01-20,2.24
1046707660,202601,32,2026-01-20,2.99
86205134,202602,41,2026-01-20,0.57
78580204,202603,23,2026-01-20,0.28
94784238,202603,33,2026-01-20,0.27
1081826544,202602,23,2026-01-20,3.23
1046931720,202603,4,2026-01-20,4.72
90275419,202603,30,2026-01-20,0.03
1056857568,202602,1,2026-01-20,1.58
59755790,202603,13,2026-01-20,4.79
1048421953,202603,22,2026-01-20,4.31
1024247226,202602,9,2026-01-20,4.78
1042415187,202601,28,2026-01-20,1.18
40969337,202601,39,2026-01-20,1.19
47788560,202603,28,2026-01-20,4.15
59755790,202601,27,2026-01-20,2.90
73098678,202601,40,2026-01-20,2.96
1090811995,202603,10,2026-01-20,4.54
1064990394,202601,43,2026-01-20,2.39
1058022084,202602,46,2026-01-20,4.39
1019070244,202603,19,2026-01-20,1.97
1027281838,202603,4,2026-01-20,2.13
35464748,202603,20,2026-01-20,2.24
1091873538,202603,21,2026-01-20,3.45
85677294,202601,6,2026-01-20,1.13
1080689655,202603,22,2026-01-20,1.08
43675319,202603,14,2026-01-20,1.69
1022443997,202603,2,2026-01-20,1.39
1037567235,202602,2,2026-01-20,4.57
81309137,202603,4,2026-01-20,1.04
90550515,202601,20,2026-01-20,4.01
1018223419,202601,5,2026-01-20,0.78
78015228,202602,16,2026-01-20,1.39
54765555,202603,31,2026-01-20,1.49
83151647,202601,10,2026-01-20,3.38
37354048,202601,33,2026-01-20,2.87
1089620285,202601,29,2026-01-20,4.63
42518407,202601,17,2026-01-20,1.35
1096169576,202602,24,2026-01-20,3.00
99976655,202603,21,2026-01-20,4.14
67967683,202603,2,2026-01-20,1.91
56532874,202603,3,2026-01-20,3.48
1068439075,202603,42,2026-01-20,4.23
1008476974,202603,48,2026-01-20,2.11
1068296294,202601,33,2026-01-20,3.85
76955634,202602,6,2026-01-20,2.56
1066254201,202602,10,2026-01-20,3.30
1020597827,202601,21,2026-01-20,0.07
43095682,202601,10,2026-01-20,4.14
1036489929,202602,46,2026-01-20,1.72
1047203367,202601,36,2026-01-20,4.92
1098163197,202602,9,2026-01-20,2.00
1028415369,202603,34,2026-01-20,3.53
1035416071,202603,14,2026-01-20,0.64
1013361942,202603,41,2026-01-20,2.91
68267024,202601,29,2026-01-20,4.55
38303255,202601,30,2026-01-20,0.92
1027295357,202602,39,2026-01-20,0.19
51433462,202601,13,2026-01-20,2.59
1054824172,202601,22,2026-01-20,3.88
39625239,202603,42,2026-01-20,0.21
1040956570,202601,6,2026-01-20,2.30
1016697844,202601,17,2026-01-20,4.41
1073237163,202601,6,2026-01-20,2.20
1093207323,202601,12,2026-01-20,1.98
1082436450,202601,42,2026-01-20,3.12
1073290315,202603,8,2026-01-20,3.94
53808479,202603,20,2026-01-20,4.10
1023675089,202601,4,2026-01-20,0.79
97828906,202602,36,2026-01-20,0.51
1082178263,202603,32,2026-01-20,4.36
64551192,202603,40,2026-01-20,4.50
51303560,202603,43,2026-01-20,4.80
1044029518,202602,12,2026-01-20,3.10
1096097731,202602,2,2026-01-20,4.02
1012743654,202602,44,2026-01-20,0.86
1040187595,202602,19,2026-01-20,0.99
1067849932,202601,25,2026-01-20,4.26
1089625942,202601,44,2026-01-20,2.91
1033409033,202602,44,2026-01-20,3.89
76955634,202603,11,2026-01-20,0.29
69545877,202601,10,2026-01-20,0.74
66970386,202603,41,2026-01-20,2.94
1070197579,202603,29,2026-01-20,1.92
1098163197,202601,6,2026-01-20,3.37
1089641061,202602,11,2026-01-20,2.04
35325797,202603,23,2026-01-20,3.34
1081548416,202603,9,2026-01-20,0.67
1074400019,202601,42,2026-01-20,3.84
1001252775,202603,6,2026-01-20,2.49
1076560650,202602,31,2026-01-20,3.78
92618776,202601,47,2026-01-20,1.17
1004848577,202603,18,2026-01-20,2.14
1070551659,202602,20,2026-01-20,4.78
93954049,202601,43,2026-01-20,3.85
1041641748,202601,29,2026-01-20,4.94
62665644,202601,32,2026-01-20,4.42
1093620175,202602,8,2026-01-20,4.35
53493397,202601,48,2026-01-20,4.02
1022146249,202601,28,2026-01-20,1.71
82397142,202601,10,2026-01-20,2.11
1010325669,202602,38,2026-01-20,0.90
1094877907,202601,16,2026-01-20,4.30
88562685,202603,13,2026-01-20,1.34
1006464295,202601,47,2026-01-20,4.10
1078660013,202602,11,2026-01-20,3.91
95566876,202602,38,2026-01-20,3.14
92269861,202603,37,2026-01-20,2.75
1035526489,202603,33,2026-01-20,4.51
56146659,202603,8,2026-01-20,0.91
1080423959,202603,10,2026-01-20,0.29
1029525128,202601,7,2026-01-20,3.87
1044029518,202603,6,2026-01-20,0.69
89619193,202601,8,2026-01-20,3.07
1074204231,202602,45,2026-01-20,3.79
40026364,202602,40,2026-01-20,3.04
73010775,202603,15,2026-01-20,1.91
1054597235,202601,10,2026-01-20,4.00
1082079125,202602,46,2026-01-20,2.09
39194684,202602,17,2026-01-20,3.42
53935382,202601,5,2026-01-20,0.70
1048254071,202603,40,2026-01-20,4.17
51703321,202602,44,2026-01-20,4.13
73918384,202603,38,2026-01-20,3.17
1091946881,202603,20,2026-01-20,5.00
86798354,202601,10,2026-01-20,4.22
73639450,202602,21,2026-01-20,0.92
1069029481,202602,38,2026-01-20,0.54
1094877907,202601,30,2026-01-20,0.43
88397680,202601,23,2026-01-20,1.92
1011130867,202601,47,2026-01-20,3.72
69548947,202603,27,2026-01-20,4.27
46416629,202603,20,2026-01-20,3.52
1051111617,202603,34,2026-01-20,3.78
1067664062,202602,28,2026-01-20,0.14
35222911,202601,46,2026-01-20,0.74
1039934091,202602,26,2026-01-20,2.48
1021196279,202601,10,2026-01-20,3.51
1018393308,202602,14,2026-01-20,0.58
1038070401,202602,16,2026-01-20,0.74
1013104630,202603,39,2026-01-20,4.00
1000231173,202602,44,2026-01-20,0.74
1022135825,202603,48,2026-01-20,3.81
50201838,202602,46,2026-01-20,0.11
90154849,202601,17,2026-01-20,0.22
35443820,202601,31,2026-01-20,4.70
52858391,202602,17,2026-01-20,1.81
81174416,202603,21,2026-01-20,4.28
1009041127,202603,4,2026-01-20,1.65
65279946,202602,43,2026-01-20,3.92
78263689,202602,35,2026-01-20,4.99
1085346425,202602,14,2026-01-20,3.56
49272319,202601,24,2026-01-20,2.84
85626678,202602,46,2026-01-20,4.04
1002965740,202603,29,2026-01-20,0.38
1026481235,202602,9,2026-01-20,1.90
1059266650,202603,35,2026-01-20,4.08
1065940008,202603,29,2026-01-20,2.24
1085160729,202601,8,2026-01-20,1.58
1044234110,202602,5,2026-01-20,3.19
1074903638,202601,43,2026-01-20,3.32
1088045613,202602,42,2026-01-20,3.01
57833971,202603,40,2026-01-20,0.48
37972327,202602,37,2026-01-20,0.42
42559158,202601,8,2026-01-20,4.21
1058597769,202603,47,2026-01-20,1.18
1098163197,202602,1,2026-01-20,1.91
64962733,202603,36,2026-01-20,4.41
1040808977,202603,31,2026-01-20,1.89
73126661,202603,22,2026-01-20,4.42
50201838,202601,28,2026-01-20,4.01
1089308375,202601,2,2026-01-20,4.75
1016888363,202603,41,2026-01-20,4.91
74600493,202601,24,2026-01-20,3.75
49963266,202601,49,2026-01-20,2.70
1003554826,202602,19,2026-01-20,4.45
1081620104,202601,5,2026-01-20,0.30
1001280861,202602,39,2026-01-20,3.92
69081684,202601,41,2026-01-20,2.58
1053743664,202601,50,2026-01-20,1.10
1083800935,202601,34,2026-01-20,4.63
41000539,202603,30,2026-01-20,4.82
1091333458,202603,31,2026-01-20,2.66
1096456716,202601,32,2026-01-20,4.76
57761048,202602,43,2026-01-20,0.85
86543940,202601,15,2026-01-20,4.29
1054487268,202603,26,2026-01-20,3.94
92877401,202602,48,2026-01-20,4.42
1012258527,202603,31,2026-01-20,2.28
88964618,202603,8,2026-01-20,4.05
1062305353,202603,17,2026-01-20,4.11
1058022084,202603,44,2026-01-20,3.92
1021054865,202601,10,2026-01-20,4.86
1087927257,202601,48,2026-01-20,2.40
1041430202,202603,42,2026-01-20,4.56
1022135825,202601,48,2026-01-20,0.01
1063328593,202602,12,2026-01-20,4.55
36042779,202601,41,2026-01-20,0.02
54224338,202601,19,2026-01-20,4.89
1097350487,202601,32,2026-01-20,1.25
97116961,202602,39,2026-01-20,4.20
1031782359,202601,29,2026-01-20,2.43
72849707,202603,42,2026-01-20,1.75
33865679,202602,49,2026-01-20,1.24
91776081,202603,1,2026-01-20,1.88
1041131579,202601,48,2026-01-20,4.78
1086779733,202602,40,2026-01-20,4.30
1090751891,202601,28,2026-01-20,2.48
1066333102,202602,40,2026-01-20,4.76
38109517,202601,44,2026-01-20,1.14
1096169576,202603,18,2026-01-20,3.98
92994039,202602,50,2026-01-20,1.45
1065222609,202601,41,2026-01-20,4.04
1061559891,202603,18,2026-01-20,0.65
1036531208,202603,28,2026-01-20,1.98
1095703108,202603,48,2026-01-20,1.36
57214427,202601,27,2026-01-20,0.18
1044175163,202603,1,2026-01-20,1.70
53999454,202601,15,2026-01-20,4.88
61153119,202603,7,2026-01-20,2.12
1064299708,202602,44,2026-01-20,0.58
31840117,202602,47,2026-01-20,0.95
1074400019,202602,32,2026-01-20,2.47
67210609,202603,30,2026-01-20,0.98
54641907,202602,12,2026-01-20,0.09
83088174,202601,35,2026-01-20,3.15
1092099004,202602,18,2026-01-20,1.09
88999789,202603,34,2026-01-20,4.81
1086776477,202601,12,2026-01-20,4.23
1053680053,202603,8,2026-01-20,1.91
87393845,202601,36,2026-01-20,1.17
99096725,202601,17,2026-01-20,4.45
90947377,202601,4,2026-01-20,0.69
75504325,202601,37,2026-01-20,4.47
78027814,202603,8,2026-01-20,2.40
56108478,202601,17,2026-01-20,3.15
71664164,202603,33,2026-01-20,3.66
1023826764,202601,46,2026-01-20,1.79
1058431345,202602,38,2026-01-20,4.65
43394296,202601,16,2026-01-20,1.32
1018430835,202602,48,2026-01-20,1.27
1080689655,202602,14,2026-01-20,1.06
1070667169,202602,20,2026-01-20,4.39
1054769288,202602,33,2026-01-20,0.12
1047536393,202602,22,2026-01-20,1.39
59475362,202603,20,2026-01-20,3.84
67312238,202603,9,2026-01-20,2.93
56980985,202603,40,2026-01-20,2.86
43394296,202601,49,2026-01-20,2.80
31161057,202603,49,2026-01-20,4.55
90420408,202603,11,2026-01-20,3.70
62837923,202602,10,2026-01-20,4.42
1041825092,202602,29,2026-01-20,4.51
1086077857,202601,38,2026-01-20,4.90
1096882349,202601,9,2026-01-20,2.21
51181553,202601,26,2026-01-20,0.01
1070642957,202601,35,2026-01-20,2.56
56080424,202602,35,2026-01-20,1.46
63509202,202601,18,2026-01-20,3.55
90398238,202601,48,2026-01-20,1.14
1058382121,202601,33,2026-01-20,4.80
71682229,202603,29,2026-01-20,4.64
1018604773,202602,13,2026-01-20,3.61
1074492944,202602,43,2026-01-20,2.50
39955273,202602,25,2026-01-20,0.35
45310943,202602,17,2026-01-20,3.62
1066254201,202603,32,2026-01-20,1.29
33792355,202601,14,2026-01-20,0.07
1026048432,202603,11,2026-01-20,1.70
1004397729,202601,29,2026-01-20,2.97
1066082311,202603,12,2026-01-20,0.34
79368106,202601,22,2026-01-20,1.85
1005929938,202601,28,2026-01-20,3.83
1013361942,202603,7,2026-01-20,3.15
1092227653,202602,48,2026-01-20,0.78
1051229965,202603,28,2026-01-20,3.91
76223261,202601,38,2026-01-20,0.59
1064125477,202601,39,2026-01-20,3.05
52385917,202601,41,2026-01-20,0.84
1049490257,202601,42,2026-01-20,0.57
75628971,202601,34,2026-01-20,0.39
1075452110,202602,25,2026-01-20,4.21
1084283579,202603,10,2026-01-20,1.96
37920000,202601,7,2026-01-20,4.08
1056592112,202601,31,2026-01-20,3.89
79770013,202602,40,2026-01-20,2.49
57026931,202602,10,2026-01-20,0.37
1024628763,202603,38,2026-01-20,0.09
82603561,202601,40,2026-01-20,3.14
1009299049,202601,13,2026-01-20,4.22
30138080,202603,25,2026-01-20,0.08
38093424,202602,12,2026-01-20,1.55
1048421953,202603,39,2026-01-20,2.54
76974717,202601,49,2026-01-20,0.17
1017213293,202603,5,2026-01-20,3.55
95920333,202601,21,2026-01-20,0.10
1003151977,202602,18,2026-01-20,3.44
1039698377,202601,24,2026-01-20,1.90
34119738,202602,19,2026-01-20,2.18
72191353,202602,39,2026-01-20,0.08
51351876,202602,50,2026-01-20,0.27
1081548416,202601,22,2026-01-20,1.21
80178348,202602,34,2026-01-20,0.41
1027501961,202601,14,2026-01-20,1.49
1020332904,202603,26,2026-01-20,2.56
83962987,202603,16,2026-01-20,4.82
59891189,202601,16,2026-01-20,3.26
1041430202,202603,2,2026-01-20,4.68
69639430,202602,16,2026-01-20,3.21
1010247391,202603,18,2026-01-20,2.58
1093724977,202603,27,2026-01-20,3.30
1034055399,202602,18,2026-01-20,0.69
1005556646,202601,29,2026-01-20,4.89
53493397,202602,32,2026-01-20,3.69
58532166,202602,17,2026-01-20,4.65
1033085654,202601,34,2026-01-20,2.37
1070630108,202602,3,2026-01-20,2.37
1080011346,202603,41,2026-01-20,1.85
97855621,202602,39,2026-01-20,2.34
97828906,202601,40,2026-01-20,2.72
1090593432,202603,30,2026-01-20,0.24
1037309806,202602,18,2026-01-20,1.21
1003952163,202601,35,2026-01-20,2.13
77866959,202603,9,2026-01-20,4.59
53942964,202601,28,2026-01-20,1.36
1052888393,202603,38,2026-01-20,3.08
86094219,202602,50,2026-01-20,3.72
52858391,202601,9,2026-01-20,3.43
1039499988,202601,38,2026-01-20,1.98
1066414079,202602,29,2026-01-20,1.32
1057606690,202601,46,2026-01-20,3.24
1013536421,202602,4,2026-01-20,1.37
76426305,202601,10,2026-01-20,3.88
1049453692,202602,42,2026-01-20,1.34
1059675877,202602,8,2026-01-20,0.85
1089303445,202601,49,2026-01-20,2.67
96872405,202602,38,2026-01-20,1.37
1096097731,202601,40,2026-01-20,3.33
1040120983,202602,48,2026-01-20,3.27
1082752709,202603,24,2026-01-20,4.79
1046223183,202602,29,2026-01-20,2.12
1091873538,202603,16,2026-01-20,4.07
60693986,202602,35,2026-01-20,1.32
58981481,202601,50,2026-01-20,3.27
72497706,202603,37,2026-01-20,0.80
72097380,202602,13,2026-01-20,3.12
69870717,202601,32,2026-01-20,4.91
1005272105,202601,17,2026-01-20,4.05
1068139231,202603,39,2026-01-20,0.27
1044234110,202601,3,2026-01-20,2.57
1089244806,202602,27,2026-01-20,4.27
60890646,202602,3,2026-01-20,3.17
89389413,202601,18,2026-01-20,0.57
76509278,202603,39,2026-01-20,0.56
1098276683,202601,5,2026-01-20,3.19
65921144,202602,48,2026-01-20,4.58
1075807469,202603,36,2026-01-20,1.77
41015803,202603,7,2026-01-20,0.28
44930630,202602,45,2026-01-20,0.96
86094219,202602,25,2026-01-20,3.43
43038620,202603,37,2026-01-20,3.39
81332007,202602,41,2026-01-20,2.13
1089641061,202601,39,2026-01-20,1.36
1006957521,202602,12,2026-01-20,3.25
1034195954,202602,32,2026-01-20,4.01
1039958147,202601,7,2026-01-20,3.31
47166528,202602,7,2026-01-20,2.96
1074129101,202603,33,2026-01-20,1.66
1013330523,202601,32,2026-01-20,1.17
74406391,202601,1,2026-01-20,4.96
1092414965,202603,42,2026-01-20,1.43
56998405,202602,18,2026-01-20,0.66
60592015,202603,7,2026-01-20,2.85
70241017,202603,22,2026-01-20,3.60
1014531020,202602,21,2026-01-20,0.79
1039902781,202601,34,2026-01-20,3.70
67994227,202603,30,2026-01-20,2.95
77692950,202603,12,2026-01-20,4.69
39953020,202601,12,2026-01-20,1.59
1014725119,202602,21,2026-01-20,2.90
1021730302,202601,7,2026-01-20,4.61
1077915263,202601,43,2026-01-20,2.23
77992280,202601,14,2026-01-20,0.64
1089938929,202601,12,2026-01-20,1.20
1068712432,202603,48,2026-01-20,1.45
42811025,202602,6,2026-01-20,4.93
39953020,202601,1,2026-01-20,2.76
1052849122,202602,1,2026-01-20,0.42
30528867,202601,41,2026-01-20,2.82
1086956335,202602,20,2026-01-20,0.45
1038097111,202602,39,2026-01-20,1.48
44703443,202602,3,2026-01-20,2.37
1081548416,202603,18,2026-01-20,0.76
1078660013,202603,7,2026-01-20,0.47
1040580651,202601,39,2026-01-20,1.92
1052038221,202601,33,2026-01-20,1.47
95300092,202603,13,2026-01-20,2.37
33996103,202603,2,2026-01-20,0.85
1070069733,202603,42,2026-01-20,0.16
1065071550,202601,32,2026-01-20,3.66
42529259,202603,36,2026-01-20,2.56
51997926,202603,45,2026-01-20,2.00
1027506774,202602,10,2026-01-20,4.70
40346170,202601,27,2026-01-20,2.51
1030157293,202602,28,2026-01-20,3.54
58506081,202603,31,2026-01-20,1.24
1014016691,202601,22,2026-01-20,2.10
51051734,202603,49,2026-01-20,4.67
67279049,202602,36,2026-01-20,3.53
91058579,202603,15,2026-01-20,4.80
86827045,202603,3,2026-01-20,4.66
1080914649,202601,34,2026-01-20,3.27
32335786,202601,27,2026-01-20,3.39
54249052,202603,46,2026-01-20,3.70
34373402,202601,37,2026-01-20,4.85
1097546783,202603,18,2026-01-20,3.83
44092597,202603,30,2026-01-20,1.36
78417254,202601,27,2026-01-20,3.74
73601441,202603,35,2026-01-20,1.84
69081684,202601,9,2026-01-20,3.76
1012888963,202602,3,2026-01-20,1.98
1075807469,202603,27,2026-01-20,1.24
73010775,202601,1,2026-01-20,2.24
84984556,202602,49,2026-01-20,2.49
1054635619,202601,41,2026-01-20,1.86
59513844,202603,25,2026-01-20,2.30
1073277636,202602,32,2026-01-20,3.05
1006568881,202602,25,2026-01-20,0.93
1020597827,202601,6,2026-01-20,0.98
1061231308,202603,12,2026-01-20,4.74
48457124,202602,31,2026-01-20,1.39
63999790,202602,35,2026-01-20,4.69
1060259338,202601,17,2026-01-20,4.64
1016029302,202601,22,2026-01-20,2.99
68568066,202602,50,2026-01-20,1.38
49337821,202603,32,2026-01-20,2.29
1021688299,202603,33,2026-01-20,2.16
1051038340,202601,17,2026-01-20,2.52
79447936,202601,49,2026-01-20,0.37
53053403,202601,20,2026-01-20,0.31
1048725795,202601,23,2026-01-20,0.03
91282504,202602,44,2026-01-20,1.69
98593535,202602,2,2026-01-20,2.44
92301592,202601,36,2026-01-20,4.15
1005929938,202601,45,2026-01-20,3.19
97819652,202603,28,2026-01-20,0.04
1038070401,202602,11,2026-01-20,3.70
1053724209,202603,33,2026-01-20,3.99
38971502,202603,19,2026-01-20,4.45
65030125,202603,50,2026-01-20,3.40
1041410701,202601,24,2026-01-20,4.90
1043967142,202601,49,2026-01-20,1.89
1010247391,202603,13,2026-01-20,3.36
54853938,202602,21,2026-01-20,2.35
1076430980,202603,20,2026-01-20,3.44
61587776,202602,35,2026-01-20,2.36
1057454908,202601,6,2026-01-20,2.03
41553957,202603,41,2026-01-20,1.94
48239913,202601,16,2026-01-20,2.69
47183952,202602,14,2026-01-20,4.73
54467032,202601,45,2026-01-20,1.65
65367855,202602,43,2026-01-20,1.66
1046212857,202601,27,2026-01-20,3.22
1073159171,202602,21,2026-01-20,2.07
30613275,202601,28,2026-01-20,4.78
68793299,202601,19,2026-01-20,1.07
1094029895,202602,22,2026-01-20,1.47
1070116694,202603,11,2026-01-20,2.66
80919837,202603,28,2026-01-20,4.62
1012903821,202603,46,2026-01-20,2.62
36871535,202602,42,2026-01-20,2.76
1075367160,202603,30,2026-01-20,1.12
72127413,202603,14,2026-01-20,3.84
1078595378,202602,1,2026-01-20,4.54
72362140,202602,2,2026-01-20,1.87
1005252896,202603,35,2026-01-20,2.80
95797817,202603,21,2026-01-20,1.70
83151647,202601,32,2026-01-20,2.80
1077915263,202601,30,2026-01-20,0.41
43667868,202603,17,2026-01-20,0.97
1097316225,202602,42,2026-01-20,4.44
1039966927,202602,40,2026-01-20,2.57
71997287,202602,35,2026-01-20,1.90
1002775277,202601,7,2026-01-20,2.90
1021715709,202603,39,2026-01-20,0.37
1016310381,202601,37,2026-01-20,0.73
79753693,202602,26,2026-01-20,1.13
80243240,202602,40,2026-01-20,1.98
44703443,202601,50,2026-01-20,1.90
1009833083,202603,19,2026-01-20,2.19
48702918,202603,11,2026-01-20,1.18
65367855,202603,31,2026-01-20,4.33
97559868,202603,35,2026-01-20,3.64
76301903,202603,33,2026-01-20,4.26
1093191345,202601,32,2026-01-20,2.48
96942407,202603,13,2026-01-20,4.65
1046548656,202603,9,2026-01-20,1.24
1055488599,202602,37,2026-01-20,4.15
49035236,202601,50,2026-01-20,4.33
86120010,202601,48,2026-01-20,2.20
62482321,202603,25,2026-01-20,2.46
1032013020,202603,3,2026-01-20,1.52
1060708875,202602,37,2026-01-20,1.14
1015960966,202601,16,2026-01-20,4.16
82402628,202603,17,2026-01-20,2.94
34014568,202603,13,2026-01-20,3.59
1085023356,202601,13,2026-01-20,1.15
34195201,202602,41,2026-01-20,4.90
97246634,202603,38,2026-01-20,0.41
1025988505,202601,16,2026-01-20,2.07
1031991676,202602,26,2026-01-20,2.35
49523823,202603,20,2026-01-20,0.67
68477764,202601,44,2026-01-20,2.32
1061352431,202601,22,2026-01-20,2.24
1001513693,202601,24,2026-01-20,1.01
43667868,202603,49,2026-01-20,0.86
71157929,202603,6,2026-01-20,3.34
52209802,202603,48,2026-01-20,0.68
98261504,202603,31,2026-01-20,4.87
1040580651,202603,19,2026-01-20,2.96
69545877,202603,10,2026-01-20,4.97
1000592322,202601,33,2026-01-20,4.53
41304808,202602,30,2026-01-20,4.02
1020804309,202602,19,2026-01-20,4.69
1077148274,202601,49,2026-01-20,1.32
41389638,202601,24,2026-01-20,1.39
1038053909,202603,11,2026-01-20,3.94
95183427,202601,20,2026-01-20,2.91
1066432471,202601,37,2026-01-20,0.86
61616078,202601,50,2026-01-20,0.11
56804370,202602,33,2026-01-20,1.35
88570169,202602,49,2026-01-20,0.50
1011225454,202603,45,2026-01-20,0.50
98941737,202602,43,2026-01-20,4.16
1028847956,202602,30,2026-01-20,4.70
1012180694,202602,34,2026-01-20,3.16
52714676,202602,10,2026-01-20,4.54
87735138,202602,38,2026-01-20,0.29
1096887822,202602,43,2026-01-20,2.44
1018686873,202601,21,2026-01-20,4.72
1096451524,202603,39,2026-01-20,2.24
82228900,202603,32,2026-01-20,1.71
70042714,202603,22,2026-01-20,1.28
1012605743,202602,50,2026-01-20,4.45
49658313,202603,50,2026-01-20,1.12
90050392,202601,50,2026-01-20,4.72
1081443469,202601,35,2026-01-20,1.14
1055439410,202601,32,2026-01-20,0.67
1066416180,202603,6,2026-01-20,2.16
1013942474,202602,11,2026-01-20,1.54
1065527857,202601,37,2026-01-20,2.25
85417090,202601,31,2026-01-20,1.38
1098353906,202603,22,2026-01-20,4.21
72082182,202602,38,2026-01-20,4.41
1087430593,202603,24,2026-01-20,4.41
43675319,202601,4,2026-01-20,1.83
1098307039,202602,46,2026-01-20,4.23
69473122,202602,14,2026-01-20,2.79
39194684,202602,36,2026-01-20,2.55
64047524,202601,37,2026-01-20,0.07
1006676900,202602,35,2026-01-20,4.46
1014153323,202602,31,2026-01-20,2.38
62845179,202601,28,2026-01-20,4.37
1033921860,202601,49,2026-01-20,4.21
88477653,202601,23,2026-01-20,0.09
95029802,202601,45,2026-01-20,3.61
1015409932,202602,16,2026-01-20,3.78
68750997,202601,45,2026-01-20,4.40
1028957210,202603,7,2026-01-20,2.31
1055439410,202602,12,2026-01-20,3.02
1062366183,202602,10,2026-01-20,0.98
93116551,202601,47,2026-01-20,3.16
42518407,202601,30,2026-01-20,2.02
1093207323,202602,46,2026-01-20,2.26
93290880,202602,5,2026-01-20,0.31
1007463129,202603,8,2026-01-20,1.68
1001459690,202602,41,2026-01-20,3.57
33394953,202601,25,2026-01-20,0.67
97353471,202603,13,2026-01-20,4.22
63455241,202601,21,2026-01-20,0.40
32874659,202601,34,2026-01-20,2.34
83145569,202601,9,2026-01-20,4.49
1021054865,202601,6,2026-01-20,0.19
30670412,202602,3,2026-01-20,0.45
52714676,202601,22,2026-01-20,1.00
56029402,202601,38,2026-01-20,0.92
1097284635,202601,49,2026-01-20,2.73
98987809,202602,7,2026-01-20,1.38
99361815,202602,13,2026-01-20,3.14
59822375,202603,18,2026-01-20,2.55
1091873538,202601,46,2026-01-20,0.72
1080914649,202603,30,2026-01-20,2.74
1079453366,202603,2,2026-01-20,4.37
97189889,202601,26,2026-01-20,2.98
79478682,202602,47,2026-01-20,3.74
1078387503,202603,33,2026-01-20,1.12
62485361,202602,34,2026-01-20,1.80
1015578600,202601,12,2026-01-20,3.30
90398238,202603,13,2026-01-20,1.16
1081619875,202601,22,2026-01-20,4.64
96633181,202601,20,2026-01-20,0.14
63095309,202603,34,2026-01-20,3.41
80735074,202601,44,2026-01-20,0.09
1083890358,202601,13,2026-01-20,2.22
1079453366,202601,42,2026-01-20,0.30
97973695,202602,26,2026-01-20,1.79
94591597,202602,46,2026-01-20,2.32
96297218,202603,49,2026-01-20,2.96
60143019,202603,50,2026-01-20,1.21
97353471,202602,3,2026-01-20,4.82
32804296,202601,15,2026-01-20,1.46
1096887822,202603,34,2026-01-20,2.11
96990394,202602,7,2026-01-20,1.69
1034818949,202603,2,2026-01-20,2.72
48019522,202602,45,2026-01-20,2.79
63618849,202603,17,2026-01-20,1.62
75516369,202601,19,2026-01-20,0.49
48088095,202601,48,2026-01-20,0.63
1083454767,202601,28,2026-01-20,4.66
1016897235,202602,50,2026-01-20,4.18
54765555,202601,27,2026-01-20,3.98
1019922382,202602,25,2026-01-20,4.54
59336974,202601,4,2026-01-20,1.37
34135447,202602,34,2026-01-20,1.25
1096935085,202602,10,2026-01-20,2.10
1007386943,202603,31,2026-01-20,2.98
90929817,202602,44,2026-01-20,3.84
81058060,202601,3,2026-01-20,1.53
35464748,202601,6,2026-01-20,4.39
61511623,202602,6,2026-01-20,4.27
1036726494,202601,11,2026-01-20,2.00
1024323642,202603,19,2026-01-20,2.92
60890646,202602,8,2026-01-20,0.28
39323934,202603,14,2026-01-20,2.14
64551192,202602,30,2026-01-20,2.43
1060341775,202601,29,2026-01-20,1.63
1043627168,202602,20,2026-01-20,1.03
1052230315,202602,8,2026-01-20,4.23
99205436,202601,45,2026-01-20,3.75
1059990455,202602,14,2026-01-20,3.69
1006820458,202603,21,2026-01-20,3.43
1052638417,202603,5,2026-01-20,0.35
1017979744,202601,44,2026-01-20,0.52
1095177360,202602,45,2026-01-20,1.35
1028869828,202603,6,2026-01-20,0.30
1014499972,202601,1,2026-01-20,4.11
1067099212,202601,5,2026-01-20,0.37
1053586230,202603,19,2026-01-20,1.96
1063421439,202602,23,2026-01-20,3.56
1094023671,202603,28,2026-01-20,0.84
56633635,202602,11,2026-01-20,1.85
1066266169,202603,24,2026-01-20,4.02
73199386,202601,28,2026-01-20,4.67
36042779,202601,45,2026-01-20,4.34
1027143867,202603,17,2026-01-20,3.11
69705384,202601,10,2026-01-20,4.74
83025222,202603,20,2026-01-20,2.22
1015409932,202602,9,2026-01-20,2.90
42661472,202603,36,2026-01-20,4.44
71929615,202601,25,2026-01-20,4.97
1006023533,202601,42,2026-01-20,0.67
1015924894,202601,13,2026-01-20,1.33
1060124746,202601,1,2026-01-20,4.42
1046960505,202603,2,2026-01-20,4.09
1081657941,202602,20,2026-01-20,0.30
60220299,202602,24,2026-01-20,2.05
71177170,202601,44,2026-01-20,0.35
1066432471,202602,16,2026-01-20,3.30
1025417416,202602,45,2026-01-20,4.92
1009004987,202602,18,2026-01-20,4.36
1045587213,202602,41,2026-01-20,0.10
1091873538,202602,6,2026-01-20,2.29
31161057,202603,28,2026-01-20,4.84
1046890645,202602,47,2026-01-20,2.48
58083218,202601,36,2026-01-20,3.54
70580850,202603,35,2026-01-20,0.34
72426783,202603,38,2026-01-20,4.29
33238292,202601,14,2026-01-20,4.09
1091946881,202601,35,2026-01-20,3.33
61142208,202603,35,2026-01-20,4.25
1017634933,202601,6,2026-01-20,3.21
42661472,202602,29,2026-01-20,2.25
73735771,202601,46,2026-01-20,0.67
1014531020,202601,6,2026-01-20,1.64
1007878135,202601,20,2026-01-20,4.92
1093724977,202602,3,2026-01-20,0.14
1056372211,202603,40,2026-01-20,3.09
1005272105,202602,49,2026-01-20,4.64
73491042,202603,44,2026-01-20,2.46
32357149,202602,50,2026-01-20,3.85
60219015,202603,33,2026-01-20,2.72
1006294447,202601,21,2026-01-20,1.03
99207236,202602,25,2026-01-20,0.79
39223311,202601,42,2026-01-20,3.13
92301592,202601,43,2026-01-20,0.78
1011095368,202602,20,2026-01-20,3.41
1013536421,202602,34,2026-01-20,4.23
70326217,202603,30,2026-01-20,0.90
1044011579,202603,32,2026-01-20,2.61
68620447,202603,23,2026-01-20,1.51
1028568813,202603,24,2026-01-20,2.87
1001190021,202602,38,2026-01-20,1.01
52645615,202601,39,2026-01-20,3.70
37472298,202603,7,2026-01-20,2.96
1067420179,202602,23,2026-01-20,3.03
1088920800,202601,40,2026-01-20,0.32
1053680053,202603,47,2026-01-20,4.40
51940394,202601,23,2026-01-20,3.05
83025222,202602,47,2026-01-20,0.29
1075807469,202602,8,2026-01-20,2.25
1013003173,202603,36,2026-01-20,3.16
1030011885,202602,13,2026-01-20,0.28
1028634280,202601,40,2026-01-20,0.85
1012013526,202602,31,2026-01-20,4.97
68026958,202602,13,2026-01-20,1.08
1093399997,202601,19,2026-01-20,4.85
1074903638,202603,29,2026-01-20,0.61
95797817,202602,6,2026-01-20,1.74
37467216,202601,35,2026-01-20,3.37
1090435407,202603,22,2026-01-20,1.01
1001862108,202601,18,2026-01-20,3.03
88806881,202602,19,2026-01-20,4.41
1018431885,202603,39,2026-01-20,4.16
45430373,202602,10,2026-01-20,4.92
1005611126,202602,47,2026-01-20,3.02
1050426980,202601,3,2026-01-20,2.70
52359704,202602,16,2026-01-20,2.75
1058597769,202601,15,2026-01-20,1.30
1065112872,202603,11,2026-01-20,0.16
99650592,202602,23,2026-01-20,3.08
67048442,202602,3,2026-01-20,0.09
1078595378,202603,35,2026-01-20,3.25
42427991,202601,26,2026-01-20,1.15
61866165,202602,46,2026-01-20,2.16
81174416,202602,32,2026-01-20,1.05
1027295357,202602,16,2026-01-20,0.86
1060260300,202603,6,2026-01-20,2.25
1051472219,202603,6,2026-01-20,0.99
60219015,202603,36,2026-01-20,4.14
78146793,202601,50,2026-01-20,2.92
1022135825,202601,42,2026-01-20,3.36
36431924,202602,17,2026-01-20,2.06
1092217316,202602,34,2026-01-20,0.88
40990348,202603,39,2026-01-20,1.73
1096160494,202601,10,2026-01-20,1.78
34970451,202602,49,2026-01-20,3.27
1001503011,202602,31,2026-01-20,2.12
78209939,202601,49,2026-01-20,3.05
1023826764,202602,26,2026-01-20,2.98
1010392420,202601,5,2026-01-20,4.53
1016029302,202603,8,2026-01-20,0.47
83519015,202601,46,2026-01-20,3.30
1060259338,202603,28,2026-01-20,4.12
1027252276,202602,40,2026-01-20,3.79
42446143,202601,21,2026-01-20,2.61
89280311,202602,34,2026-01-20,1.43
62944946,202602,42,2026-01-20,1.22
73094486,202601,46,2026-01-20,1.31
1018223419,202603,14,2026-01-20,4.73
1079982935,202603,23,2026-01-20,2.14
92037653,202602,42,2026-01-20,2.96
1030087054,202601,21,2026-01-20,4.20
1087634470,202602,22,2026-01-20,3.13
83055211,202602,32,2026-01-20,0.99
1039139867,202603,21,2026-01-20,4.38
1070110074,202603,25,2026-01-20,1.49
72988843,202603,8,2026-01-20,4.93
1019573416,202601,11,2026-01-20,4.41
1071519446,202603,28,2026-01-20,4.20
47569997,202603,15,2026-01-20,4.09
1016607595,202602,31,2026-01-20,0.89
55985844,202601,27,2026-01-20,3.92
1003751614,202603,11,2026-01-20,2.58
85916620,202603,43,2026-01-20,1.38
57709800,202603,43,2026-01-20,0.79
1019284930,202603,12,2026-01-20,4.02
90918291,202603,44,2026-01-20,2.31
92892395,202602,11,2026-01-20,2.05
69155895,202603,24,2026-01-20,3.60
1046191452,202601,29,2026-01-20,3.65
86849449,202603,39,2026-01-20,3.10
83198703,202602,8,2026-01-20,3.72
1076430980,202601,49,2026-01-20,0.82
74039400,202602,15,2026-01-20,2.91
1062128987,202603,29,2026-01-20,3.88
1098936522,202601,14,2026-01-20,2.51
1057454908,202601,13,2026-01-20,1.47
54762361,202603,19,2026-01-20,2.62
79193240,202603,5,2026-01-20,2.16
1073126948,202602,37,2026-01-20,4.98
33813487,202601,38,2026-01-20,1.58
1043814033,202602,5,2026-01-20,3.54
1038356730,202602,48,2026-01-20,3.42
1001659933,202603,44,2026-01-20,0.87
1091881701,202601,32,2026-01-20,2.04
69870717,202601,22,2026-01-20,0.05
1021196279,202603,35,2026-01-20,0.16
1002896966,202603,7,2026-01-20,1.80
1038473469,202602,9,2026-01-20,0.66
1025850208,202603,44,2026-01-20,4.28
1058357856,202601,3,2026-01-20,2.33
77992280,202603,39,2026-01-20,2.52
1087786041,202603,11,2026-01-20,0.10
77057322,202601,43,2026-01-20,2.84
79770013,202601,48,2026-01-20,1.22
1028838304,202602,28,2026-01-20,2.69
91106002,202602,4,2026-01-20,0.11
89376323,202603,19,2026-01-20,4.52
66896239,202603,13,2026-01-20,0.94
1005272105,202603,50,2026-01-20,3.10
31006121,202603,10,2026-01-20,3.18
1095611617,202603,27,2026-01-20,3.93
1015464663,202603,3,2026-01-20,2.31
63261843,202601,25,2026-01-20,1.78
1049024561,202601,8,2026-01-20,4.42
1083143613,202603,42,2026-01-20,1.71
34195201,202602,18,2026-01-20,0.42
30613275,202602,15,2026-01-20,1.54
1068339492,202601,12,2026-01-20,2.58
1022458891,202602,21,2026-01-20,3.81
1094160842,202603,41,2026-01-20,3.56
1052574518,202603,2,2026-01-20,1.70
1033561293,202601,26,2026-01-20,0.18
1026808848,202601,38,2026-01-20,3.05
64359174,202603,22,2026-01-20,2.03
91311734,202603,15,2026-01-20,3.26
1088758182,202603,41,2026-01-20,2.38
1012258527,202602,10,2026-01-20,2.89
72827172,202603,45,2026-01-20,2.12
88806881,202603,49,2026-01-20,2.69
88477653,202603,49,2026-01-20,0.04
57920662,202601,18,2026-01-20,4.17
1007343476,202601,3,2026-01-20,1.28
1081443469,202601,24,2026-01-20,0.98
86735109,202603,40,2026-01-20,3.93
67994227,202603,42,2026-01-20,2.17
1034303678,202601,47,2026-01-20,2.19
84973486,202602,50,2026-01-20,0.80
1044218719,202603,12,2026-01-20,3.35
1094023671,202602,45,2026-01-20,2.39
1000231173,202602,15,2026-01-20,4.41
75516369,202603,10,2026-01-20,0.79
1052120249,202603,16,2026-01-20,3.30
1006676900,202603,50,2026-01-20,1.67
1019325224,202601,34,2026-01-20,2.11
39953020,202601,20,2026-01-20,1.60
85797946,202601,5,2026-01-20,0.74
48702918,202603,39,2026-01-20,0.47
1061352431,202602,38,2026-01-20,4.20
59513844,202601,3,2026-01-20,4.19
1035885903,202601,33,2026-01-20,3.14
46638345,202601,6,2026-01-20,2.05
1013645144,202601,34,2026-01-20,1.97
1064990394,202603,12,2026-01-20,3.18
40969337,202602,49,2026-01-20,2.08
84569352,202603,36,2026-01-20,2.10
85002747,202602,32,2026-01-20,1.54
43162644,202602,26,2026-01-20,1.46
71929615,202602,17,2026-01-20,3.70
1092119995,202602,23,2026-01-20,3.90
44966494,202601,31,2026-01-20,1.87
1039052893,202602,7,2026-01-20,2.41
1039964704,202603,39,2026-01-20,3.87
51940394,202601,9,2026-01-20,4.85
32335786,202601,38,2026-01-20,2.60
1026841014,202603,32,2026-01-20,3.80
1046933273,202602,21,2026-01-20,3.48
35872771,202603,19,2026-01-20,2.00
64551192,202603,9,2026-01-20,4.42
59339570,202602,45,2026-01-20,1.84
1069503038,202603,18,2026-01-20,1.71
79753693,202601,7,2026-01-20,4.36
1035067288,202602,43,2026-01-20,2.99
1094805011,202603,33,2026-01-20,4.15
1078264320,202602,11,2026-01-20,3.56
1011518683,202602,18,2026-01-20,1.47
58598564,202601,20,2026-01-20,3.36
1051503136,202603,42,2026-01-20,1.51
1059266650,202601,2,2026-01-20,4.47
42529259,202603,33,2026-01-20,3.55
1038175207,202603,49,2026-01-20,3.19
1059024065,202602,19,2026-01-20,4.29
1040453682,202601,40,2026-01-20,0.82
1069459393,202602,44,2026-01-20,4.94
1005272105,202602,31,2026-01-20,4.38
1090449835,202603,47,2026-01-20,1.28
1014499972,202602,15,2026-01-20,1.56
78295076,202601,40,2026-01-20,4.04
1070491114,202601,14,2026-01-20,3.79
1049282211,202603,34,2026-01-20,4.17
56001784,202601,46,2026-01-20,2.40
68010648,202601,46,2026-01-20,3.69
1005853650,202603,50,2026-01-20,0.28
71932043,202601,18,2026-01-20,2.80
84629872,202602,10,2026-01-20,0.19
39907482,202602,21,2026-01-20,2.78
57497280,202603,29,2026-01-20,1.22
1090625155,202603,1,2026-01-20,2.20
1083504446,202601,23,2026-01-20,1.45
53435900,202602,39,2026-01-20,0.50
43649098,202601,2,2026-01-20,3.04
1017821581,202603,32,2026-01-20,3.71
35380072,202603,37,2026-01-20,0.21
64478147,202603,29,2026-01-20,1.59
1032741102,202602,23,2026-01-20,1.75
1043772907,202602,7,2026-01-20,4.00
1008974896,202602,22,2026-01-20,1.62
1045587213,202602,11,2026-01-20,1.48
73043853,202603,38,2026-01-20,0.27
1013330523,202602,1,2026-01-20,1.55
56421173,202603,38,2026-01-20,3.93
50260233,202602,35,2026-01-20,2.03
32378262,202602,37,2026-01-20,1.09
1048957030,202603,26,2026-01-20,2.08
72144146,202601,32,2026-01-20,2.86
1032013020,202601,49,2026-01-20,4.54
1008125253,202603,19,2026-01-20,3.60
1088920800,202601,36,2026-01-20,4.88
1086457002,202603,14,2026-01-20,3.46
90367102,202602,46,2026-01-20,3.03
47845892,202603,43,2026-01-20,2.10
33750280,202601,35,2026-01-20,4.03
98045764,202602,30,2026-01-20,0.93
55431613,202602,43,2026-01-20,1.94
1068671111,202602,26,2026-01-20,1.38
85009765,202601,43,2026-01-20,4.09
1056857568,202603,38,2026-01-20,3.07
1015631660,202603,42,2026-01-20,3.95
68189015,202603,11,2026-01-20,3.22
65711867,202603,41,2026-01-20,1.58
1047289672,202603,8,2026-01-20,3.24
78295076,202603,47,2026-01-20,4.38
70946599,202602,17,2026-01-20,3.40
36522127,202603,32,2026-01-20,4.44
74849970,202602,34,2026-01-20,4.10
94886564,202601,19,2026-01-20,0.42
67057033,202603,30,2026-01-20,4.28
93449830,202602,24,2026-01-20,2.08
1046078740,202602,19,2026-01-20,2.22
1039385847,202601,25,2026-01-20,4.87
1036669627,202601,33,2026-01-20,3.79
1026817029,202602,19,2026-01-20,4.84
36871535,202603,29,2026-01-20,0.48
1039698377,202602,42,2026-01-20,2.13
1027365641,202603,48,2026-01-20,2.69
1075771468,202603,49,2026-01-20,2.21
52034969,202602,16,2026-01-20,0.23
1097124806,202601,32,2026-01-20,2.37
83151647,202603,3,2026-01-20,2.54
1097178454,202602,16,2026-01-20,3.00
1011289573,202601,21,2026-01-20,3.66
1018293032,202602,17,2026-01-20,4.09
1095611617,202601,19,2026-01-20,1.01
1063631276,202601,46,2026-01-20,2.01
1052038221,202601,9,2026-01-20,1.51
37967616,202603,15,2026-01-20,4.21
91106002,202601,6,2026-01-20,3.55
91234350,202603,38,2026-01-20,2.13
92050345,202601,10,2026-01-20,4.89
1075316909,202602,28,2026-01-20,1.21
1033865029,202603,28,2026-01-20,4.02
1097124806,202602,30,2026-01-20,4.50
84250587,202603,19,2026-01-20,2.24
43160793,202602,4,2026-01-20,3.57
61348750,202601,16,2026-01-20,3.73
74837010,202603,7,2026-01-20,0.36
1028640582,202601,5,2026-01-20,0.32
53935382,202602,47,2026-01-20,4.97
68245468,202603,19,2026-01-20,4.15
34354492,202602,9,2026-01-20,0.33
1027143867,202601,45,2026-01-20,0.30
49438162,202602,38,2026-01-20,3.76
1066266169,202603,27,2026-01-20,0.14
1005115998,202603,20,2026-01-20,1.23
30521549,202603,22,2026-01-20,1.11
83400748,202601,24,2026-01-20,4.55
67048442,202603,2,2026-01-20,2.79
1048254071,202601,40,2026-01-20,2.63
1086269497,202602,42,2026-01-20,4.24
66605251,202602,44,2026-01-20,2.72
56804370,202602,42,2026-01-20,2.11
1014153323,202603,12,2026-01-20,3.99
1028443485,202602,10,2026-01-20,4.32
69585647,202602,33,2026-01-20,0.45
67967683,202603,3,2026-01-20,4.25
1046602207,202602,10,2026-01-20,2.32
57047593,202602,12,2026-01-20,0.56
1018651579,202601,49,2026-01-20,4.86
86330204,202603,24,2026-01-20,3.70
1011684510,202603,8,2026-01-20,1.03
96633181,202601,42,2026-01-20,0.21
1009026749,202601,30,2026-01-20,4.51
1011289573,202602,21,2026-01-20,2.43
1088184168,202603,10,2026-01-20,2.41
1012013526,202602,24,2026-01-20,1.66
93290880,202601,29,2026-01-20,2.40
1004810160,202602,16,2026-01-20,4.18
1033865029,202602,9,2026-01-20,2.12
65790509,202602,48,2026-01-20,0.97
1053819959,202602,10,2026-01-20,4.40
49572319,202602,49,2026-01-20,3.11
56804370,202603,1,2026-01-20,0.38
61153119,202601,32,2026-01-20,1.68
65792416,202602,32,2026-01-20,3.42
65921144,202601,22,2026-01-20,2.69
59891189,202603,23,2026-01-20,0.77
58743392,202602,18,2026-01-20,4.40
1044149811,202601,32,2026-01-20,0.95
83190501,202601,1,2026-01-20,1.59
57214427,202602,29,2026-01-20,4.03
73918384,202601,30,2026-01-20,3.52
56001784,202602,49,2026-01-20,3.86
1055423693,202602,32,2026-01-20,4.65
69639430,202603,21,2026-01-20,0.07
1034861979,202601,28,2026-01-20,4.87
1089730634,202602,7,2026-01-20,0.42
67312238,202602,30,2026-01-20,3.51
1028142032,202601,7,2026-01-20,3.06
1026840068,202601,43,2026-01-20,4.43
1076232666,202603,40,2026-01-20,0.95
76974717,202601,44,2026-01-20,2.40
57125787,202601,28,2026-01-20,0.59
1014023220,202602,43,2026-01-20,4.17
1084987411,202601,14,2026-01-20,4.68
1089730634,202601,32,2026-01-20,1.00
35175724,202601,31,2026-01-20,3.90
1094631055,202602,26,2026-01-20,2.76
93868284,202603,46,2026-01-20,0.58
89280311,202603,41,2026-01-20,2.61
59339570,202603,13,2026-01-20,2.90
1090811995,202602,36,2026-01-20,4.73
73765362,202603,2,2026-01-20,1.40
1067216425,202602,1,2026-01-20,1.88
64478147,202602,27,2026-01-20,0.46
1088045613,202602,45,2026-01-20,3.26
1086776477,202603,11,2026-01-20,1.03
47569997,202602,33,2026-01-20,2.90
1047641302,202601,13,2026-01-20,2.07
51390752,202601,33,2026-01-20,2.71
56078773,202601,33,2026-01-20,1.99
1019325224,202602,19,2026-01-20,4.37
1032926267,202603,13,2026-01-20,3.05
68855730,202603,18,2026-01-20,3.56
1027170642,202603,17,2026-01-20,0.69
1018414279,202601,30,2026-01-20,0.21
98634392,202602,39,2026-01-20,1.72
78988140,202601,50,2026-01-20,3.41
50472504,202601,44,2026-01-20,4.70
1062086217,202602,3,2026-01-20,4.75
1071514560,202603,31,2026-01-20,3.24
1074070086,202602,42,2026-01-20,4.19
1030306496,202601,27,2026-01-20,2.22
78383157,202601,9,2026-01-20,3.40
1091143356,202603,10,2026-01-20,0.17
73833801,202602,26,2026-01-20,1.63
1066414079,202603,34,2026-01-20,0.42
75670673,202601,12,2026-01-20,0.50
36739740,202602,20,2026-01-20,1.86
59891189,202603,40,2026-01-20,4.80
38169601,202603,31,2026-01-20,0.53
86179450,202603,39,2026-01-20,2.60
1088342612,202601,17,2026-01-20,1.12
98045764,202603,10,2026-01-20,4.27
86432497,202603,42,2026-01-20,3.58
74259539,202603,34,2026-01-20,1.50
1001609645,202601,16,2026-01-20,2.98
65919762,202601,13,2026-01-20,3.93
46921128,202602,38,2026-01-20,2.33
1037304675,202603,45,2026-01-20,2.79
79478682,202603,42,2026-01-20,1.35
32804296,202601,27,2026-01-20,2.92
64478147,202603,37,2026-01-20,0.82
1044085115,202601,20,2026-01-20,1.63
1040230117,202601,24,2026-01-20,1.00
1041125235,202603,48,2026-01-20,4.90
1047203367,202602,1,2026-01-20,4.48
1024323642,202601,24,2026-01-20,4.11
1077823333,202603,2,2026-01-20,3.01
73001407,202603,12,2026-01-20,3.73
1092341533,202602,12,2026-01-20,4.79
83814525,202601,31,2026-01-20,3.39
90962093,202602,1,2026-01-20,3.72
48428936,202601,46,2026-01-20,0.33
49912182,202601,39,2026-01-20,3.87
1019386440,202601,6,2026-01-20,1.43
1097136726,202602,9,2026-01-20,0.67
61281118,202602,10,2026-01-20,5.00
82093418,202602,34,2026-01-20,2.67
1005272105,202601,32,2026-01-20,3.31
1024688851,202602,42,2026-01-20,3.75
92028629,202602,1,2026-01-20,3.42
56108478,202603,44,2026-01-20,2.10
58908923,202602,34,2026-01-20,0.08
57026931,202601,8,2026-01-20,5.00
1068422006,202602,22,2026-01-20,0.64
41924790,202601,27,2026-01-20,3.59
88624626,202602,24,2026-01-20,4.81
84015759,202601,27,2026-01-20,0.84
52873611,202603,27,2026-01-20,0.88
1045435954,202602,33,2026-01-20,1.80
1004647477,202601,31,2026-01-20,3.72
1019070244,202603,6,2026-01-20,2.99
1055539770,202601,2,2026-01-20,3.36
1070857598,202601,44,2026-01-20,4.01
84297195,202602,35,2026-01-20,3.70
98565600,202601,31,2026-01-20,0.14
56144268,202602,15,2026-01-20,0.52
1072834509,202603,8,2026-01-20,3.42
87084278,202602,10,2026-01-20,4.40
40990348,202603,4,2026-01-20,3.84
1080338792,202603,44,2026-01-20,3.72
1067068049,202603,17,2026-01-20,4.46
1023675089,202601,1,2026-01-20,4.92
1064166460,202602,46,2026-01-20,1.05
63380141,202601,35,2026-01-20,1.47
1077969516,202601,27,2026-01-20,4.88
59513844,202603,8,2026-01-20,0.94
1096034104,202601,29,2026-01-20,2.79
1066082311,202603,32,2026-01-20,4.51
1090751891,202601,34,2026-01-20,4.77
62941780,202602,28,2026-01-20,0.97
1096470457,202602,30,2026-01-20,0.02
1025230429,202602,11,2026-01-20,2.87
1059831750,202602,42,2026-01-20,3.82
1022518339,202602,42,2026-01-20,0.34
1004052951,202602,24,2026-01-20,3.50
1048470404,202602,14,2026-01-20,4.10
55375247,202603,14,2026-01-20,3.77
67398206,202601,4,2026-01-20,2.43
70858674,202603,5,2026-01-20,2.64
83775743,202602,39,2026-01-20,2.86
1029759517,202601,23,2026-01-20,1.53
35464748,202602,37,2026-01-20,3.29
66701415,202601,21,2026-01-20,4.65
1088045613,202603,49,2026-01-20,3.45
51940394,202602,16,2026-01-20,5.00
1008125253,202601,26,2026-01-20,1.62
1075514060,202601,50,2026-01-20,1.55
1021013230,202601,21,2026-01-20,3.31
1040453682,202602,9,2026-01-20,4.62
89992101,202603,48,2026-01-20,2.89
1024984950,202603,3,2026-01-20,3.70
1083909848,202601,8,2026-01-20,1.24
1058034874,202602,25,2026-01-20,0.32
82093418,202603,1,2026-01-20,0.88
1075802881,202603,10,2026-01-20,1.45
38942861,202601,26,2026-01-20,3.04
1039102445,202602,40,2026-01-20,2.83
35073995,202601,6,2026-01-20,3.93
1013876318,202601,26,2026-01-20,0.19
68368834,202603,33,2026-01-20,3.77
1083346865,202603,41,2026-01-20,2.52
1024198799,202601,16,2026-01-20,0.58
1008542387,202601,12,2026-01-20,2.14
78686017,202601,23,2026-01-20,3.43
98814841,202603,34,2026-01-20,0.41
1052038221,202602,8,2026-01-20,2.61
65734320,202603,4,2026-01-20,1.21
1085346425,202601,10,2026-01-20,0.09
68516724,202603,31,2026-01-20,1.45
84147853,202601,39,2026-01-20,1.00
1085798794,202603,17,2026-01-20,1.86
1062086217,202603,28,2026-01-20,3.12
44275067,202603,26,2026-01-20,0.91
1000521066,202601,39,2026-01-20,1.40
1005115998,202603,29,2026-01-20,1.73
1093191345,202603,40,2026-01-20,3.86
57397261,202603,45,2026-01-20,4.38
1002999232,202603,13,2026-01-20,2.99
72849707,202601,13,2026-01-20,0.29
33728782,202602,42,2026-01-20,3.59
1035492612,202602,50,2026-01-20,1.54
1047411760,202602,47,2026-01-20,4.06
45466865,202601,21,2026-01-20,4.33
89440828,202601,35,2026-01-20,2.55
1017698663,202601,19,2026-01-20,0.12
65279946,202602,36,2026-01-20,3.16
71664164,202601,10,2026-01-20,2.28
1038470091,202603,13,2026-01-20,4.75
1066254201,202601,12,2026-01-20,2.74
44482005,202601,45,2026-01-20,1.55
1098511909,202603,2,2026-01-20,0.82
1039052893,202603,18,2026-01-20,4.72
1072367578,202602,46,2026-01-20,0.52
94084212,202603,39,2026-01-20,3.65
33491717,202602,33,2026-01-20,3.09
1031865104,202602,42,2026-01-20,3.60
1073833500,202602,21,2026-01-20,3.71
91058579,202601,50,2026-01-20,3.43
40990348,202601,6,2026-01-20,4.49
30698623,202601,15,2026-01-20,0.84
1005284977,202603,19,2026-01-20,0.04
1031868076,202602,7,2026-01-20,4.29
46460549,202602,40,2026-01-20,3.77
1033498238,202603,12,2026-01-20,4.51
99296251,202602,19,2026-01-20,1.40
33491717,202602,20,2026-01-20,4.20
80791961,202602,8,2026-01-20,2.23
98987809,202602,36,2026-01-20,1.65
1067664062,202602,41,2026-01-20,4.28
1037625079,202603,13,2026-01-20,1.53
1069680920,202601,45,2026-01-20,3.99
81154638,202601,17,2026-01-20,1.47
74061209,202601,2,2026-01-20,2.90
93543371,202602,25,2026-01-20,2.86
65945448,202603,8,2026-01-20,0.62
1080641363,202603,34,2026-01-20,1.75
1023431254,202603,2,2026-01-20,3.27
65734320,202602,27,2026-01-20,4.15
42800371,202603,21,2026-01-20,3.64
1008674657,202601,47,2026-01-20,2.30
1090811995,202603,15,2026-01-20,4.56
1000313422,202603,2,2026-01-20,2.30
64592731,202601,48,2026-01-20,4.18
1055433595,202601,48,2026-01-20,1.49
1049111825,202602,28,2026-01-20,2.73
90275419,202602,45,2026-01-20,2.41
94784238,202602,46,2026-01-20,2.57
1059024065,202602,21,2026-01-20,4.02
85077292,202602,36,2026-01-20,4.62
1076509674,202602,2,2026-01-20,4.54
77626532,202603,30,2026-01-20,1.95
64081271,202603,34,2026-01-20,4.13
45222838,202601,25,2026-01-20,2.48
47464773,202602,14,2026-01-20,4.96
50432548,202603,36,2026-01-20,4.31
1028869828,202602,30,2026-01-20,2.23
73701146,202602,31,2026-01-20,4.98
1054373038,202602,42,2026-01-20,2.17
1089938929,202602,8,2026-01-20,2.49
1006509194,202602,3,2026-01-20,3.23
1091881535,202603,16,2026-01-20,1.36
1087526333,202602,11,2026-01-20,1.25
1046816850,202602,5,2026-01-20,0.53
1083800935,202602,40,2026-01-20,3.73
35175724,202603,4,2026-01-20,2.98
1023728611,202602,1,2026-01-20,1.89
43061488,202601,11,2026-01-20,1.81
1035969383,202601,5,2026-01-20,4.94
1088445561,202602,31,2026-01-20,0.49
1015979012,202603,4,2026-01-20,4.85
1020381018,202601,6,2026-01-20,2.63
1056857568,202602,31,2026-01-20,1.19
1036051675,202601,48,2026-01-20,2.96
1046127911,202601,13,2026-01-20,3.30
39426001,202602,34,2026-01-20,1.52
1027252276,202602,4,2026-01-20,1.27
64343656,202601,24,2026-01-20,2.31
41995668,202603,7,2026-01-20,2.74
1041825092,202603,15,2026-01-20,0.77
74998489,202602,30,2026-01-20,4.48
1011204937,202602,33,2026-01-20,1.49
1086889567,202602,23,2026-01-20,1.11
71508012,202602,17,2026-01-20,3.58
56532874,202603,36,2026-01-20,2.94
1073587102,202603,3,2026-01-20,0.69
1092414965,202601,50,2026-01-20,1.40
1027365641,202603,18,2026-01-20,1.92
1046163341,202602,25,2026-01-20,2.73
1044011579,202603,10,2026-01-20,2.00
30236291,202602,46,2026-01-20,4.90
1070418521,202603,38,2026-01-20,1.03
52105900,202601,50,2026-01-20,2.91
1055595952,202603,31,2026-01-20,4.43
60636899,202601,38,2026-01-20,4.68
1015409932,202601,31,2026-01-20,3.06
1090511890,202602,10,2026-01-20,2.49
74846932,202601,38,2026-01-20,2.00
35380072,202602,26,2026-01-20,0.18
1059831750,202603,22,2026-01-20,3.31
1027501961,202601,10,2026-01-20,1.78
95256192,202601,50,2026-01-20,4.46
1033732042,202603,11,2026-01-20,4.86
1049991606,202601,41,2026-01-20,4.13
60890646,202601,10,2026-01-20,0.94
1003267007,202602,3,2026-01-20,0.78
1024256266,202601,46,2026-01-20,0.19
75262049,202603,48,2026-01-20,2.41
1004501244,202602,27,2026-01-20,4.44
1081558869,202603,31,2026-01-20,2.54
1093087038,202602,32,2026-01-20,0.71
63790996,202602,2,2026-01-20,3.16
41837899,202602,5,2026-01-20,1.72
1020969234,202602,30,2026-01-20,4.82
84147853,202603,12,2026-01-20,0.73
44275067,202601,1,2026-01-20,2.63
1084076632,202603,18,2026-01-20,0.55
83814525,202603,28,2026-01-20,4.09
98939141,202601,4,2026-01-20,4.88
1024382784,202601,31,2026-01-20,1.10
94384343,202603,2,2026-01-20,0.60
82397142,202602,45,2026-01-20,3.57
1019508259,202601,14,2026-01-20,0.75
86554568,202601,10,2026-01-20,1.14
1036788242,202601,6,2026-01-20,1.24
1042026671,202601,21,2026-01-20,2.56
1095703108,202601,19,2026-01-20,3.18
1040187595,202601,18,2026-01-20,3.92
1052038221,202601,13,2026-01-20,3.81
66701415,202601,17,2026-01-20,3.10
1027585485,202602,21,2026-01-20,0.99
1024345341,202602,43,2026-01-20,2.13
33657479,202601,34,2026-01-20,4.58
87233022,202602,29,2026-01-20,2.89
65030125,202602,37,2026-01-20,3.26
52034969,202603,29,2026-01-20,4.31
1088962926,202601,47,2026-01-20,1.35
96329467,202601,37,2026-01-20,0.06
1001862108,202603,36,2026-01-20,3.33
1044029518,202603,9,2026-01-20,1.82
34970451,202601,43,2026-01-20,2.35
78294652,202602,31,2026-01-20,1.62
1020597827,202603,45,2026-01-20,0.24
1059839706,202603,39,2026-01-20,0.67
45466865,202602,8,2026-01-20,2.81
1011239666,202602,1,2026-01-20,3.42
1059407615,202601,26,2026-01-20,3.25
1021939834,202603,49,2026-01-20,2.00
50472504,202603,4,2026-01-20,0.54
85922620,202601,40,2026-01-20,0.97
1088826901,202602,10,2026-01-20,1.64
60250257,202601,35,2026-01-20,0.82
1074166810,202602,23,2026-01-20,3.20
1074204231,202603,27,2026-01-20,1.59
1022631926,202603,34,2026-01-20,2.95
1063421439,202601,46,2026-01-20,4.47
1088067088,202602,38,2026-01-20,1.17
85677294,202601,21,2026-01-20,4.58
1046078740,202603,48,2026-01-20,4.30
1000679234,202603,1,2026-01-20,2.81
68841550,202601,28,2026-01-20,1.30
57690132,202601,15,2026-01-20,2.43
1013764389,202601,24,2026-01-20,2.60
1013876318,202603,47,2026-01-20,3.98
1055970216,202601,36,2026-01-20,2.81
72988843,202602,4,2026-01-20,2.34
1050680214,202601,26,2026-01-20,0.61
1039477186,202603,17,2026-01-20,0.55
1051974481,202601,15,2026-01-20,3.11
52046019,202601,1,2026-01-20,3.46
1020885890,202603,36,2026-01-20,2.26
57771517,202602,41,2026-01-20,2.09
1028869828,202601,49,2026-01-20,2.47
43162644,202601,31,2026-01-20,1.70
1075029744,202601,35,2026-01-20,1.69
59755790,202601,6,2026-01-20,1.63
78027814,202602,15,2026-01-20,2.67
1055539770,202602,46,2026-01-20,4.99
75670673,202601,5,2026-01-20,1.89
1030361863,202603,16,2026-01-20,4.53
52209802,202602,19,2026-01-20,1.12
56015547,202601,34,2026-01-20,3.23
49666813,202603,50,2026-01-20,4.94
45636319,202601,3,2026-01-20,4.74
44275067,202603,43,2026-01-20,3.02
1048513377,202603,16,2026-01-20,3.58
75647342,202601,16,2026-01-20,2.10
1053787901,202603,5,2026-01-20,4.44
1058423682,202603,22,2026-01-20,0.63
89854695,202602,1,2026-01-20,2.59
35773949,202601,26,2026-01-20,3.50
1077078920,202602,46,2026-01-20,4.47
47569997,202601,14,2026-01-20,4.66
1080338792,202603,25,2026-01-20,3.32
1082777317,202603,2,2026-01-20,2.93
1034861979,202602,7,2026-01-20,4.21
1084304491,202603,21,2026-01-20,4.39
1037567235,202601,6,2026-01-20,1.69
1043553699,202603,50,2026-01-20,0.10
82705109,202603,29,2026-01-20,0.67
1021939834,202601,27,2026-01-20,3.98
81475596,202602,7,2026-01-20,2.41
43675319,202602,13,2026-01-20,3.37
68568066,202603,6,2026-01-20,3.08
1040808977,202601,1,2026-01-20,3.24
69785379,202602,39,2026-01-20,1.50
1048595120,202603,31,2026-01-20,1.24
1012751005,202602,2,2026-01-20,2.77
1037567235,202602,44,2026-01-20,3.20
38920725,202602,1,2026-01-20,3.18
80243240,202601,10,2026-01-20,3.25
94715471,202602,13,2026-01-20,1.38
98817235,202602,42,2026-01-20,2.71
1002965740,202603,31,2026-01-20,0.55
1015578600,202602,49,2026-01-20,4.24
1081290446,202601,6,2026-01-20,0.74
30782048,202602,15,2026-01-20,3.77
1063042503,202603,50,2026-01-20,4.15
35964218,202601,44,2026-01-20,1.99
37504110,202602,11,2026-01-20,1.55
41498481,202602,28,2026-01-20,0.65
1092044824,202601,36,2026-01-20,4.79
89746560,202603,1,2026-01-20,1.30
1013326293,202601,32,2026-01-20,3.22
32874659,202603,7,2026-01-20,2.86
64478147,202603,48,2026-01-20,3.80
33046098,202602,47,2026-01-20,1.80
79193240,202603,15,2026-01-20,4.57
36462346,202603,24,2026-01-20,3.63
46548304,202601,33,2026-01-20,1.39
1088826901,202602,35,2026-01-20,4.31
1048957030,202602,40,2026-01-20,2.69
1090400128,202603,9,2026-01-20,3.57
1092341533,202602,3,2026-01-20,3.81
75129376,202601,34,2026-01-20,3.49
60051248,202603,48,2026-01-20,2.69
1008972603,202601,4,2026-01-20,2.24
1066686558,202602,7,2026-01-20,2.49
88624626,202601,49,2026-01-20,2.29
39731112,202602,44,2026-01-20,2.42
55375247,202603,30,2026-01-20,1.17
1046707660,202602,1,2026-01-20,4.76
83025222,202603,42,2026-01-20,3.50
89113140,202603,2,2026-01-20,2.75
1024200664,202603,4,2026-01-20,0.85
82112522,202601,10,2026-01-20,3.35
1075029744,202602,42,2026-01-20,1.92
1073684088,202603,2,2026-01-20,3.32
62408844,202603,33,2026-01-20,0.83
75647342,202602,49,2026-01-20,4.06
1005556646,202602,28,2026-01-20,0.31
1058357856,202603,43,2026-01-20,3.23
65100368,202603,39,2026-01-20,4.65
1028142032,202601,34,2026-01-20,0.65
41092721,202601,16,2026-01-20,3.99
1013868109,202602,31,2026-01-20,1.63
46507012,202602,2,2026-01-20,2.52
1050662676,202603,37,2026-01-20,2.88
75175900,202601,12,2026-01-20,2.66
77692950,202602,47,2026-01-20,4.91
1049453692,202601,21,2026-01-20,1.01
50286559,202601,13,2026-01-20,4.60
1072152344,202602,34,2026-01-20,4.89
86205134,202603,27,2026-01-20,0.18
99913874,202601,29,2026-01-20,0.35
1098137859,202602,30,2026-01-20,2.33
83088174,202602,34,2026-01-20,2.99
1086269497,202602,2,2026-01-20,4.95
1016339611,202603,20,2026-01-20,4.87
60250257,202602,12,2026-01-20,3.09
1055703970,202601,47,2026-01-20,2.98
38920725,202602,9,2026-01-20,3.75
1081290446,202603,7,2026-01-20,1.41
1032461864,202603,5,2026-01-20,2.89
1012013526,202602,41,2026-01-20,2.86
1048421953,202603,42,2026-01-20,3.52
1032080849,202602,25,2026-01-20,0.89
1002030373,202601,3,2026-01-20,3.77
1027106362,202603,18,2026-01-20,4.50
35325797,202602,33,2026-01-20,1.68
88964618,202601,41,2026-01-20,0.18
32579152,202603,41,2026-01-20,4.55
78826410,202602,11,2026-01-20,2.26
93052006,202601,15,2026-01-20,1.84
1098345343,202602,41,2026-01-20,4.02
60199862,202602,45,2026-01-20,4.36
90154849,202603,23,2026-01-20,0.22
1093689623,202601,46,2026-01-20,1.10
56314291,202603,29,2026-01-20,1.53
43095682,202601,37,2026-01-20,2.32
1091524807,202601,35,2026-01-20,2.11
37427262,202603,35,2026-01-20,3.26
1008012232,202601,2,2026-01-20,4.13
1031553355,202601,28,2026-01-20,3.23
1015813288,202601,16,2026-01-20,1.89
1023836786,202601,25,2026-01-20,3.49
35464748,202602,20,2026-01-20,3.36
92380611,202601,42,2026-01-20,0.28
47569997,202601,1,2026-01-20,3.68
50201838,202603,38,2026-01-20,1.01
1005611126,202602,41,2026-01-20,3.09
62510204,202602,32,2026-01-20,2.31
62894079,202602,2,2026-01-20,1.41
1078660013,202602,28,2026-01-20,3.05
37606743,202603,43,2026-01-20,1.88
85077292,202603,3,2026-01-20,4.14
1020119156,202602,40,2026-01-20,4.48
52778943,202602,23,2026-01-20,3.99
64577237,202601,27,2026-01-20,2.63
81154638,202603,41,2026-01-20,4.82
1017821581,202602,28,2026-01-20,2.11
1078525766,202603,3,2026-01-20,0.49
99559472,202602,41,2026-01-20,2.67
1004397729,202603,50,2026-01-20,4.94
92892395,202601,49,2026-01-20,0.46
1019508259,202601,10,2026-01-20,4.12
89389413,202603,15,2026-01-20,4.09
40404723,202603,30,2026-01-20,0.36
55054368,202601,30,2026-01-20,2.46
1089244806,202603,30,2026-01-20,4.59
1020555187,202602,40,2026-01-20,4.81
59154632,202603,14,2026-01-20,1.02
1088445561,202603,7,2026-01-20,1.97
1060124746,202601,19,2026-01-20,2.81
75010687,202603,1,2026-01-20,2.64
38109517,202603,12,2026-01-20,4.58
79799171,202603,32,2026-01-20,4.85
79497849,202603,22,2026-01-20,4.17
1094168205,202603,50,2026-01-20,0.65
1052120249,202603,46,2026-01-20,1.12
1048957030,202601,7,2026-01-20,0.93
1071786786,202601,14,2026-01-20,3.96
1093085257,202603,11,2026-01-20,3.23
1055488599,202602,34,2026-01-20,1.16
98946655,202603,46,2026-01-20,1.92
1079282932,202603,24,2026-01-20,2.76
51977984,202603,23,2026-01-20,3.80
1051038340,202602,1,2026-01-20,0.78
97437464,202603,8,2026-01-20,1.89
78906363,202602,27,2026-01-20,1.08
1009026749,202602,28,2026-01-20,1.15
1024628763,202603,41,2026-01-20,3.43
67057033,202602,1,2026-01-20,2.82
99791030,202603,23,2026-01-20,3.78
63671964,202602,49,2026-01-20,2.69
51160663,202601,45,2026-01-20,4.84
1094631055,202602,25,2026-01-20,4.24
36707543,202603,3,2026-01-20,0.96
46651732,202603,16,2026-01-20,4.28
1081161290,202602,45,2026-01-20,3.20
78294652,202601,36,2026-01-20,2.08
1013001711,202602,6,2026-01-20,3.37
80497388,202601,35,2026-01-20,2.26
52276888,202603,36,2026-01-20,3.29
1006820458,202602,20,2026-01-20,3.24
1090511890,202603,39,2026-01-20,1.46
1032051093,202601,6,2026-01-20,4.90
71997098,202603,41,2026-01-20,4.39
52577495,202603,28,2026-01-20,4.83
44487394,202601,9,2026-01-20,4.89
1033153100,202602,3,2026-01-20,0.53
33491717,202601,5,2026-01-20,1.63
85716687,202602,12,2026-01-20,4.45
1033865029,202603,29,2026-01-20,4.99
65041172,202601,48,2026-01-20,3.68
1032123638,202601,19,2026-01-20,1.25
78027814,202603,42,2026-01-20,4.04
1063555759,202603,6,2026-01-20,3.41
41649322,202601,3,2026-01-20,3.68
1077153118,202602,30,2026-01-20,4.32
69920420,202602,3,2026-01-20,1.22
1065222609,202602,4,2026-01-20,0.65
1091328520,202603,25,2026-01-20,1.09
1026850773,202602,3,2026-01-20,1.81
1040580651,202603,20,2026-01-20,2.11
1038487718,202603,11,2026-01-20,2.19
1041825092,202602,48,2026-01-20,2.81
1072008856,202601,4,2026-01-20,3.40
75670673,202602,26,2026-01-20,3.58
1039783829,202601,22,2026-01-20,4.31
61348750,202601,21,2026-01-20,2.59
1097036630,202603,2,2026-01-20,2.33
1084803150,202602,9,2026-01-20,3.43
1028142032,202603,26,2026-01-20,1.54
1016469038,202601,38,2026-01-20,1.71
1076429853,202603,12,2026-01-20,1.60
36749563,202601,47,2026-01-20,1.84
1073684088,202603,37,2026-01-20,1.73
1035969383,202603,9,2026-01-20,2.50
60872709,202602,10,2026-01-20,4.85
1017634933,202602,42,2026-01-20,0.82
1064838046,202603,27,2026-01-20,0.10
1042441590,202602,31,2026-01-20,0.53
41331175,202603,13,2026-01-20,0.99
1049565194,202602,29,2026-01-20,3.60
1071769033,202601,7,2026-01-20,1.88
1051111617,202602,3,2026-01-20,3.09
1027095780,202603,26,2026-01-20,2.64
79668873,202602,27,2026-01-20,1.82
37504110,202602,34,2026-01-20,4.45
65734320,202601,44,2026-01-20,2.49
1063745788,202602,44,2026-01-20,4.85
1037704341,202602,8,2026-01-20,4.82
65087609,202603,26,2026-01-20,0.81
1064299708,202603,38,2026-01-20,3.88
83519015,202603,32,2026-01-20,1.74
1034229900,202601,11,2026-01-20,1.46
1091017052,202602,37,2026-01-20,2.88
1002906642,202602,44,2026-01-20,4.04
95359098,202603,9,2026-01-20,0.10
79753693,202603,31,2026-01-20,1.25
65734320,202601,48,2026-01-20,4.12
1022842998,202603,47,2026-01-20,3.13
1046212857,202602,38,2026-01-20,4.92
78475184,202603,42,2026-01-20,2.80
64648758,202601,44,2026-01-20,2.21
66601181,202602,8,2026-01-20,3.34
1045089268,202601,5,2026-01-20,3.50
1018341888,202602,15,2026-01-20,3.77
55054368,202603,33,2026-01-20,3.91
87725193,202602,2,2026-01-20,4.06
59741236,202601,41,2026-01-20,0.66
1057497691,202601,31,2026-01-20,2.85
1063139777,202601,5,2026-01-20,0.38
1069542208,202602,46,2026-01-20,4.80
1021054865,202603,9,2026-01-20,4.05
76223261,202602,36,2026-01-20,0.48
1041139961,202602,50,2026-01-20,2.51
1075551901,202602,42,2026-01-20,3.26
97453136,202602,16,2026-01-20,4.71
58911585,202601,3,2026-01-20,1.32
1013308658,202602,32,2026-01-20,2.07
1088342612,202603,4,2026-01-20,2.01
50286559,202601,34,2026-01-20,4.28
73918384,202601,23,2026-01-20,2.72
84250587,202601,33,2026-01-20,0.71
40431226,202603,35,2026-01-20,3.85
72127413,202603,7,2026-01-20,1.63
53857808,202602,47,2026-01-20,4.65
75703422,202603,7,2026-01-20,0.08
1069428899,202603,37,2026-01-20,1.71
1003656811,202602,31,2026-01-20,2.71
97164941,202601,12,2026-01-20,2.80
54122670,202602,20,2026-01-20,2.79
61281561,202601,12,2026-01-20,0.77
89089350,202603,33,2026-01-20,3.86
1048699276,202603,32,2026-01-20,2.94
82093418,202601,2,2026-01-20,4.73
1088342612,202602,37,2026-01-20,1.09
1050107527,202601,5,2026-01-20,0.09
72086820,202602,20,2026-01-20,0.70
34684181,202603,49,2026-01-20,1.05
58465359,202601,42,2026-01-20,0.85
1055970216,202601,41,2026-01-20,0.79
97933143,202602,25,2026-01-20,2.20
86744391,202602,39,2026-01-20,3.99
1070667169,202602,16,2026-01-20,1.18
81174416,202602,27,2026-01-20,2.01
54853938,202603,19,2026-01-20,2.46
64648758,202602,33,2026-01-20,2.11
76246987,202602,27,2026-01-20,0.04
1048237577,202602,42,2026-01-20,0.38
1046163341,202603,49,2026-01-20,4.36
42372493,202602,46,2026-01-20,1.75
71053983,202602,2,2026-01-20,3.63
39323934,202603,10,2026-01-20,0.11
37768666,202602,9,2026-01-20,2.56
78906363,202603,44,2026-01-20,2.73
65084601,202602,16,2026-01-20,0.38
1084679135,202603,16,2026-01-20,0.77
1098137859,202603,30,2026-01-20,2.73
91918871,202603,21,2026-01-20,1.68
30601717,202601,49,2026-01-20,3.44
1032220372,202603,26,2026-01-20,4.72
1084379707,202601,7,2026-01-20,2.94
1008476974,202603,7,2026-01-20,2.42
90154849,202603,13,2026-01-20,4.16
1057832302,202601,28,2026-01-20,4.44
35442465,202603,28,2026-01-20,0.17
1002397436,202603,36,2026-01-20,4.31
1082762593,202603,6,2026-01-20,0.15
1042951490,202601,27,2026-01-20,1.16
1026193694,202601,35,2026-01-20,1.07
1059266650,202602,43,2026-01-20,0.53
83145569,202601,31,2026-01-20,2.75
81657824,202603,7,2026-01-20,2.38
1026980615,202602,4,2026-01-20,2.69
1096097731,202602,36,2026-01-20,4.68
1072113108,202601,15,2026-01-20,0.04
1062570128,202601,34,2026-01-20,2.39
64647131,202601,12,2026-01-20,4.62
99361815,202603,48,2026-01-20,0.15
30904237,202601,4,2026-01-20,2.74
89682020,202603,26,2026-01-20,3.06
1094805011,202602,34,2026-01-20,0.28
35347200,202601,37,2026-01-20,1.40
61357850,202601,16,2026-01-20,4.66
1039783829,202601,36,2026-01-20,2.14
1078189603,202601,20,2026-01-20,4.34
86744391,202602,36,2026-01-20,3.82
1028270250,202601,20,2026-01-20,4.02
38303255,202601,3,2026-01-20,3.93
97354362,202601,3,2026-01-20,0.18
1075452110,202601,40,2026-01-20,2.68
1017545591,202603,6,2026-01-20,3.67
1090435808,202601,15,2026-01-20,3.74
53824682,202601,44,2026-01-20,2.06
1082472153,202601,22,2026-01-20,1.09
1086347620,202602,34,2026-01-20,2.08
73033563,202603,41,2026-01-20,2.03
91918871,202602,8,2026-01-20,4.86
33792355,202602,35,2026-01-20,4.40
1050376817,202603,42,2026-01-20,3.98
1008207166,202601,6,2026-01-20,4.78
1044149811,202601,11,2026-01-20,1.40
1065527857,202601,28,2026-01-20,4.12
57369751,202602,41,2026-01-20,3.70
1083694039,202602,18,2026-01-20,1.00
1086704393,202603,29,2026-01-20,2.08
1001905345,202603,30,2026-01-20,3.25
1017979744,202602,29,2026-01-20,3.72
1068671111,202602,18,2026-01-20,2.59
91586772,202602,3,2026-01-20,2.47
54278818,202602,27,2026-01-20,0.50
97489250,202603,44,2026-01-20,4.06
51433462,202601,23,2026-01-20,0.08
90060003,202603,7,2026-01-20,4.16
77992280,202603,31,2026-01-20,4.98
1064166460,202602,25,2026-01-20,2.55
91044600,202601,11,2026-01-20,1.18
78778931,202603,3,2026-01-20,2.67
75172755,202602,41,2026-01-20,1.13
44633610,202601,48,2026-01-20,3.69
1028299198,202603,49,2026-01-20,2.47
1046223183,202602,5,2026-01-20,0.75
1005600775,202601,46,2026-01-20,0.11
1032135185,202602,3,2026-01-20,0.04
36180722,202601,21,2026-01-20,0.97
1054487268,202603,43,2026-01-20,1.60
1011303448,202601,23,2026-01-20,4.90
76589706,202603,2,2026-01-20,1.27
1040580651,202601,27,2026-01-20,3.75
64128269,202603,21,2026-01-20,2.84
57731600,202601,41,2026-01-20,2.80
40654840,202603,17,2026-01-20,2.25
1092744830,202601,48,2026-01-20,4.54
1020414570,202601,25,2026-01-20,3.27
76460888,202602,18,2026-01-20,2.96
48717292,202603,50,2026-01-20,2.23
67967683,202603,8,2026-01-20,2.84
71157929,202603,46,2026-01-20,0.51
1013326293,202601,37,2026-01-20,2.90
1024019538,202601,29,2026-01-20,3.49
1038473469,202603,29,2026-01-20,1.21
59336974,202603,15,2026-01-20,0.17
1042415187,202603,30,2026-01-20,0.20
92380611,202603,6,2026-01-20,4.10
83356329,202601,29,2026-01-20,3.18
78988140,202601,5,2026-01-20,1.02
86945574,202601,29,2026-01-20,4.47
1064329500,202602,30,2026-01-20,0.20
45576366,202602,13,2026-01-20,1.88
1096456716,202601,40,2026-01-20,0.98
73208542,202601,14,2026-01-20,4.52
1007878135,202602,30,2026-01-20,2.54
1096887822,202601,22,2026-01-20,3.24
62510204,202603,32,2026-01-20,3.69
32905364,202602,35,2026-01-20,0.64
74890455,202602,9,2026-01-20,1.01
1044011579,202603,9,2026-01-20,2.28
94525935,202602,47,2026-01-20,2.88
98389086,202602,17,2026-01-20,0.73
97973695,202601,1,2026-01-20,3.67
1013001711,202603,27,2026-01-20,3.90
33238292,202603,11,2026-01-20,2.12
1042401809,202603,34,2026-01-20,4.59
1063328593,202603,16,2026-01-20,4.76
73491042,202601,48,2026-01-20,3.27
1038053909,202603,44,2026-01-20,0.27
64323076,202603,39,2026-01-20,1.91
63106084,202601,22,2026-01-20,3.01
58908923,202601,12,2026-01-20,2.00
1029525128,202603,1,2026-01-20,4.22
76974717,202603,30,2026-01-20,1.08
1051436689,202601,30,2026-01-20,2.02
1092478936,202601,27,2026-01-20,2.77
78295076,202602,8,2026-01-20,1.77
1095611617,202601,3,2026-01-20,1.73
1005097678,202603,44,2026-01-20,1.61
1091328520,202603,45,2026-01-20,0.96
1019412792,202601,40,2026-01-20,3.64
1086110255,202602,17,2026-01-20,0.56
1015960966,202602,23,2026-01-20,4.46
1014820282,202603,25,2026-01-20,3.54
1067099212,202602,15,2026-01-20,0.15
1018393308,202602,6,2026-01-20,1.03
1018190109,202603,50,2026-01-20,4.27
71631351,202601,2,2026-01-20,1.28
1065112872,202602,4,2026-01-20,3.85
69356724,202601,1,2026-01-20,3.78
1053743664,202603,25,2026-01-20,2.50
69737231,202602,9,2026-01-20,2.00
42529259,202601,18,2026-01-20,1.24
60734802,202603,11,2026-01-20,1.05
44548864,202601,38,2026-01-20,2.24
68402892,202602,21,2026-01-20,3.41
1081657941,202601,14,2026-01-20,1.80
1058423682,202602,28,2026-01-20,0.52
1098307039,202601,14,2026-01-20,0.67
73126661,202602,39,2026-01-20,4.79
1018430835,202603,24,2026-01-20,0.36
78900683,202601,16,2026-01-20,2.54
42800371,202602,40,2026-01-20,2.08
1008675434,202603,6,2026-01-20,1.64
39707763,202601,44,2026-01-20,0.48
1056259919,202601,17,2026-01-20,0.51
32740014,202601,5,2026-01-20,4.92
99716740,202602,1,2026-01-20,1.61
1009507932,202602,41,2026-01-20,2.48
92972821,202601,28,2026-01-20,2.33
48795776,202603,37,2026-01-20,4.09
45122333,202603,1,2026-01-20,1.81
60705170,202602,18,2026-01-20,3.71
35872771,202601,35,2026-01-20,4.80
42875126,202601,27,2026-01-20,2.92
1064499049,202601,2,2026-01-20,1.88
1078535485,202601,43,2026-01-20,4.37
89726068,202601,20,2026-01-20,1.07
1050662676,202602,30,2026-01-20,2.82
56001784,202602,1,2026-01-20,1.69
83145569,202601,30,2026-01-20,1.50
96329467,202602,44,2026-01-20,4.75
95183427,202603,3,2026-01-20,4.61
56532874,202603,28,2026-01-20,3.16
57397261,202602,9,2026-01-20,3.44
32564971,202601,39,2026-01-20,0.86
81922007,202602,30,2026-01-20,4.59
61357850,202601,22,2026-01-20,2.04
1076291251,202603,40,2026-01-20,3.41
1074815344,202601,41,2026-01-20,0.20
1028739982,202602,7,2026-01-20,4.30
99976655,202602,15,2026-01-20,1.68
1066578975,202601,35,2026-01-20,2.04
1014660453,202602,12,2026-01-20,4.64
1046931720,202602,39,2026-01-20,4.82
1021940844,202602,49,2026-01-20,2.16
1035969383,202601,20,2026-01-20,4.92
1054373038,202603,4,2026-01-20,2.40
1036788242,202601,18,2026-01-20,2.03
56565356,202603,38,2026-01-20,4.18
80920316,202601,34,2026-01-20,2.70
81922007,202601,21,2026-01-20,3.34
37972327,202603,7,2026-01-20,1.05
1039934091,202601,27,2026-01-20,3.67
1036531208,202601,24,2026-01-20,2.13
1015409932,202603,39,2026-01-20,0.85
1062356864,202603,50,2026-01-20,3.95
1053079926,202602,27,2026-01-20,4.11
1041497086,202601,32,2026-01-20,3.07
35244693,202602,21,2026-01-20,2.90
1030306496,202601,34,2026-01-20,1.29
60537314,202602,8,2026-01-20,4.80
38953715,202602,45,2026-01-20,2.51
1064874802,202602,38,2026-01-20,1.27
1038097111,202602,12,2026-01-20,4.25
97189889,202603,19,2026-01-20,4.78
1086199306,202603,22,2026-01-20,2.99
49963266,202603,50,2026-01-20,3.96
56078773,202602,49,2026-01-20,0.24
34373402,202602,17,2026-01-20,2.98
48702918,202603,17,2026-01-20,4.04
30607680,202602,3,2026-01-20,2.48
1048132678,202603,1,2026-01-20,1.30
68477764,202601,29,2026-01-20,1.89
45721138,202601,47,2026-01-20,1.42
66149954,202603,29,2026-01-20,1.43
1093768378,202603,27,2026-01-20,0.81
1056259919,202601,48,2026-01-20,2.90
98941737,202603,34,2026-01-20,0.40
47428466,202602,45,2026-01-20,4.44
93116551,202603,41,2026-01-20,0.17
1062904287,202603,47,2026-01-20,2.89
78146793,202603,7,2026-01-20,0.38
75516369,202602,47,2026-01-20,1.66
1066651045,202603,4,2026-01-20,3.48
1046602207,202601,44,2026-01-20,2.89
1075850555,202601,46,2026-01-20,4.45
98634392,202602,8,2026-01-20,0.09
34679212,202603,50,2026-01-20,4.44
49235216,202601,23,2026-01-20,0.85
1027448668,202603,11,2026-01-20,3.78
30879147,202602,46,2026-01-20,0.27
87558600,202601,27,2026-01-20,2.86
45122333,202603,33,2026-01-20,4.41
1037567235,202602,9,2026-01-20,2.85
1030217074,202601,36,2026-01-20,0.01
1068234835,202601,41,2026-01-20,2.80
1088095165,202603,26,2026-01-20,3.66
90829058,202601,11,2026-01-20,4.83
1003952163,202601,21,2026-01-20,0.65
1075316909,202603,4,2026-01-20,4.71
72362140,202603,26,2026-01-20,2.19
1076347916,202601,50,2026-01-20,1.20
1077823333,202603,6,2026-01-20,1.40
1024628763,202601,34,2026-01-20,2.31
1006246705,202603,24,2026-01-20,1.58
1087526333,202603,6,2026-01-20,4.20
95359098,202601,50,2026-01-20,2.95
1093834814,202602,12,2026-01-20,3.69
1070110074,202603,12,2026-01-20,4.04
63191159,202602,22,2026-01-20,1.42
46141742,202601,37,2026-01-20,1.73
1034263787,202602,42,2026-01-20,3.62
38422839,202603,2,2026-01-20,4.40
73261056,202602,46,2026-01-20,1.48
48795776,202601,22,2026-01-20,0.66
41240743,202602,1,2026-01-20,3.64
66121763,202602,25,2026-01-20,2.01
1092177585,202603,3,2026-01-20,3.51
1075802881,202603,43,2026-01-20,0.98
57833971,202601,12,2026-01-20,4.89
1091211272,202602,46,2026-01-20,2.68
78027814,202602,18,2026-01-20,1.14
1055094339,202602,18,2026-01-20,1.01
98229758,202601,16,2026-01-20,4.95
72944327,202601,3,2026-01-20,2.45
73920335,202601,37,2026-01-20,2.90
86432497,202602,28,2026-01-20,4.32
48601507,202601,22,2026-01-20,1.31
1054426916,202602,12,2026-01-20,0.90
42635132,202602,5,2026-01-20,2.12
50432548,202602,9,2026-01-20,0.49
57130894,202601,2,2026-01-20,0.14
54467032,202601,26,2026-01-20,3.09
1092628452,202603,35,2026-01-20,0.82
65490617,202601,44,2026-01-20,3.35
62206948,202601,22,2026-01-20,0.37
1098276683,202603,1,2026-01-20,0.55
1081620104,202602,31,2026-01-20,3.14
42811025,202602,12,2026-01-20,2.53
45482286,202602,21,2026-01-20,4.46
52270441,202602,41,2026-01-20,2.78
1075753673,202603,21,2026-01-20,0.24
60143019,202601,30,2026-01-20,0.66
87635988,202601,44,2026-01-20,3.27
1021940844,202601,24,2026-01-20,2.16
1027501961,202603,9,2026-01-20,4.83
1093191345,202601,39,2026-01-20,4.57
1024382784,202602,39,2026-01-20,3.80
1055047615,202603,25,2026-01-20,1.42
90441489,202603,20,2026-01-20,4.71
62665644,202601,13,2026-01-20,0.21
85716687,202603,42,2026-01-20,4.96
1044705039,202601,13,2026-01-20,3.77
1031998411,202602,14,2026-01-20,0.98
1000086015,202601,15,2026-01-20,2.34
59883054,202602,31,2026-01-20,2.41
1076347916,202601,26,2026-01-20,2.61
92037653,202601,2,2026-01-20,2.77
1046960505,202602,6,2026-01-20,1.03
1085489099,202603,33,2026-01-20,0.25
1094403505,202601,21,2026-01-20,3.31
36462346,202602,16,2026-01-20,1.67
43649098,202603,31,2026-01-20,3.60
1056052788,202602,47,2026-01-20,3.06
1029056818,202601,12,2026-01-20,1.41
1088414260,202601,46,2026-01-20,0.28
39907482,202602,8,2026-01-20,1.62
1030514900,202602,47,2026-01-20,3.58
1066266169,202602,7,2026-01-20,2.43
1071514560,202602,46,2026-01-20,0.48
1001520083,202603,6,2026-01-20,3.92
1010731637,202603,21,2026-01-20,2.04
1093399997,202601,48,2026-01-20,4.84
42800371,202601,23,2026-01-20,3.30
67967683,202602,33,2026-01-20,2.82
50891270,202602,2,2026-01-20,4.88
85771487,202601,19,2026-01-20,4.21
83962987,202603,9,2026-01-20,3.59
1066216224,202603,27,2026-01-20,2.10
1065754044,202602,40,2026-01-20,1.48
1092648749,202603,3,2026-01-20,2.44
1001503011,202603,48,2026-01-20,3.89
63095309,202601,12,2026-01-20,1.31
87705710,202602,22,2026-01-20,4.02
75104235,202602,46,2026-01-20,2.38
52034969,202601,31,2026-01-20,3.02
1063759943,202602,50,2026-01-20,2.51
1049842418,202603,30,2026-01-20,1.62
1049991606,202603,5,2026-01-20,4.68
44914939,202602,35,2026-01-20,1.48
1016958820,202601,1,2026-01-20,1.50
1026551422,202602,36,2026-01-20,1.44
1058469078,202601,9,2026-01-20,4.34
61866165,202601,32,2026-01-20,1.62
78988140,202601,49,2026-01-20,2.12
63908786,202602,31,2026-01-20,0.36
57397261,202603,27,2026-01-20,1.38
82877226,202602,48,2026-01-20,2.14
43667868,202602,32,2026-01-20,3.25
1042582021,202602,20,2026-01-20,2.32
32672433,202603,26,2026-01-20,0.72
97815413,202602,25,2026-01-20,2.36
85009765,202601,24,2026-01-20,4.48
1035416071,202601,50,2026-01-20,2.68
1038096136,202602,31,2026-01-20,2.95
1056432083,202603,14,2026-01-20,3.42
1002320387,202603,39,2026-01-20,2.77
32672433,202602,3,2026-01-20,1.90
1017935369,202602,30,2026-01-20,3.83
1089620285,202603,49,2026-01-20,4.28
42446143,202602,40,2026-01-20,3.29
1092217316,202602,1,2026-01-20,2.53
1005853650,202603,37,2026-01-20,1.63
1083800935,202603,37,2026-01-20,2.12
37920000,202601,20,2026-01-20,4.47
93449830,202602,5,2026-01-20,4.42
1048002473,202603,15,2026-01-20,2.49
42036612,202601,15,2026-01-20,2.70
51841416,202603,28,2026-01-20,3.00
1087783234,202602,10,2026-01-20,4.42
44674152,202601,13,2026-01-20,0.61
35443820,202601,22,2026-01-20,2.56
1064187981,202602,29,2026-01-20,1.01
72843053,202602,33,2026-01-20,3.15
40121993,202602,23,2026-01-20,0.87
73094486,202603,48,2026-01-20,1.24
1081615727,202602,9,2026-01-20,4.01
33657479,202601,40,2026-01-20,2.51
90865755,202601,49,2026-01-20,3.17
41903996,202601,27,2026-01-20,2.89
1077496104,202603,7,2026-01-20,4.15
1065718177,202603,13,2026-01-20,4.05
53962388,202603,12,2026-01-20,3.66
1075802881,202602,19,2026-01-20,2.96
1059990455,202601,18,2026-01-20,4.86
84464699,202602,27,2026-01-20,4.46
95993950,202602,11,2026-01-20,4.56
90275419,202601,15,2026-01-20,1.78
81309137,202601,20,2026-01-20,3.99
34211040,202603,28,2026-01-20,0.55
1000679234,202602,28,2026-01-20,0.28
1040491430,202602,50,2026-01-20,3.31
92773944,202602,42,2026-01-20,4.02
83137733,202603,10,2026-01-20,2.75
92037653,202603,12,2026-01-20,4.05
1006246705,202601,28,2026-01-20,3.23
1048271703,202603,19,2026-01-20,3.90
1005093780,202601,7,2026-01-20,1.90
97437464,202602,43,2026-01-20,0.36
61348750,202603,2,2026-01-20,2.33
1054373038,202603,13,2026-01-20,3.67
1038175207,202602,15,2026-01-20,0.76
77626532,202602,25,2026-01-20,4.66
35950098,202603,17,2026-01-20,1.76
68026958,202602,44,2026-01-20,2.39
65945448,202601,45,2026-01-20,1.15
1085798794,202601,45,2026-01-20,2.89
43394296,202602,7,2026-01-20,1.66
99125326,202601,4,2026-01-20,0.26
75526373,202601,16,2026-01-20,4.96
83088174,202603,48,2026-01-20,0.57
1061725933,202601,42,2026-01-20,1.52
55849048,202603,7,2026-01-20,3.07
1014853855,202601,3,2026-01-20,1.82
52873611,202601,6,2026-01-20,0.09
1039526962,202601,24,2026-01-20,2.70
81410689,202603,38,2026-01-20,3.79
59579017,202601,30,2026-01-20,0.39
88430931,202603,4,2026-01-20,4.99
44604515,202603,25,2026-01-20,1.18
52778943,202602,50,2026-01-20,0.78
1014820282,202602,41,2026-01-20,3.73
1059863994,202603,7,2026-01-20,3.87
34101019,202602,32,2026-01-20,1.34
1010253962,202603,15,2026-01-20,0.40
1056857568,202601,11,2026-01-20,3.58
1042553817,202603,9,2026-01-20,2.07
45122333,202602,49,2026-01-20,3.70
1068671111,202602,29,2026-01-20,0.26
1048271703,202602,37,2026-01-20,2.19
1056372211,202602,1,2026-01-20,1.55
80355249,202602,40,2026-01-20,1.69
38286055,202603,5,2026-01-20,3.64
93362860,202602,38,2026-01-20,0.07
85677294,202602,35,2026-01-20,0.32
66601181,202603,3,2026-01-20,1.43
1021196279,202602,38,2026-01-20,1.77
1031554860,202601,14,2026-01-20,4.01
1036043093,202601,28,2026-01-20,3.36
1077153118,202603,30,2026-01-20,4.60
39692568,202603,7,2026-01-20,2.06
61587776,202602,4,2026-01-20,1.46
1001411392,202601,50,2026-01-20,4.13
1074117498,202602,26,2026-01-20,0.93
1059863994,202602,36,2026-01-20,1.41
1090625155,202603,10,2026-01-20,3.05
1093191345,202602,29,2026-01-20,1.10
88397680,202601,13,2026-01-20,2.88
1041595431,202603,38,2026-01-20,0.10
70580850,202601,7,2026-01-20,1.67
1091881701,202601,45,2026-01-20,0.70
47310926,202603,18,2026-01-20,1.56
30528867,202602,27,2026-01-20,3.10
1012013526,202602,47,2026-01-20,2.72
1096197568,202603,13,2026-01-20,3.96
44487394,202602,39,2026-01-20,3.96
42090061,202601,32,2026-01-20,1.67
66782177,202601,49,2026-01-20,1.20
1040795127,202602,41,2026-01-20,0.40
93954049,202603,20,2026-01-20,2.92
83462612,202603,35,2026-01-20,4.55
59019219,202601,19,2026-01-20,2.80
82228900,202601,42,2026-01-20,4.12
44045587,202601,8,2026-01-20,2.64
61866165,202602,19,2026-01-20,4.19
1020381018,202602,1,2026-01-20,2.20
1003416558,202601,19,2026-01-20,3.15
1032099762,202601,33,2026-01-20,2.60
33174027,202601,25,2026-01-20,0.91
1079453366,202602,48,2026-01-20,1.76
1075620440,202602,6,2026-01-20,3.16
54249806,202602,37,2026-01-20,3.99
56980985,202603,46,2026-01-20,3.17
50639458,202602,47,2026-01-20,3.40
60122446,202601,13,2026-01-20,3.48
66701415,202601,14,2026-01-20,3.89
39707763,202601,45,2026-01-20,3.79
31313386,202603,26,2026-01-20,1.47
1009359708,202601,9,2026-01-20,4.94
90962093,202601,40,2026-01-20,0.51
1081292116,202602,34,2026-01-20,4.62
72086820,202601,49,2026-01-20,4.74
80031278,202602,39,2026-01-20,1.25
1069149773,202601,36,2026-01-20,2.11
1035282235,202603,15,2026-01-20,1.09
1078372329,202601,6,2026-01-20,2.61
36462346,202601,37,2026-01-20,0.21
1096882349,202602,47,2026-01-20,2.19
48708594,202601,34,2026-01-20,2.31
1047680468,202603,16,2026-01-20,1.49
60143019,202603,40,2026-01-20,0.58
1054904517,202602,27,2026-01-20,4.75
68368834,202603,42,2026-01-20,4.30
1068439075,202602,47,2026-01-20,0.46
1059125341,202603,4,2026-01-20,0.62
45467499,202601,11,2026-01-20,0.89
36588466,202601,18,2026-01-20,3.48
84889325,202602,46,2026-01-20,1.45
77992280,202601,33,2026-01-20,4.51
1048725795,202601,36,2026-01-20,3.90
1090435808,202602,6,2026-01-20,0.10
1052652857,202603,1,2026-01-20,4.42
74061209,202603,15,2026-01-20,4.47
96449670,202602,26,2026-01-20,2.99
1081162539,202601,24,2026-01-20,0.71
1096456716,202603,34,2026-01-20,0.73
71682229,202603,18,2026-01-20,0.31
92028629,202601,50,2026-01-20,4.95
1041730889,202603,5,2026-01-20,1.60
1081495107,202601,46,2026-01-20,4.50
63346971,202601,27,2026-01-20,3.90
1060514179,202601,23,2026-01-20,4.29
81309137,202602,33,2026-01-20,1.70
1023836786,202603,48,2026-01-20,3.13
1055286234,202601,8,2026-01-20,2.80
1035349009,202602,29,2026-01-20,3.45
55006550,202602,17,2026-01-20,4.33
1057606690,202603,33,2026-01-20,4.30
93052006,202601,47,2026-01-20,2.94
1013130402,202603,32,2026-01-20,1.29
93523443,202602,24,2026-01-20,3.71
42559158,202603,9,2026-01-20,3.12
47845892,202601,11,2026-01-20,1.90
1037567235,202603,42,2026-01-20,3.82
34904073,202602,33,2026-01-20,3.22
79193240,202601,27,2026-01-20,4.20
55479075,202602,31,2026-01-20,0.48
32588483,202602,46,2026-01-20,2.91
1088184168,202601,20,2026-01-20,1.42
70991318,202602,45,2026-01-20,4.75
50432548,202602,30,2026-01-20,3.68
81812105,202603,38,2026-01-20,2.13
40404723,202601,41,2026-01-20,0.53
95183427,202603,8,2026-01-20,1.08
1049991606,202602,5,2026-01-20,0.09
51181553,202601,31,2026-01-20,1.80
97689312,202601,20,2026-01-20,4.71
75010687,202601,12,2026-01-20,1.69
51799926,202602,20,2026-01-20,2.68
1001972921,202602,6,2026-01-20,4.22
1073587102,202602,6,2026-01-20,2.01
63205921,202601,41,2026-01-20,2.89
1039385847,202602,19,2026-01-20,4.64
1022443997,202602,38,2026-01-20,4.86
1046235272,202603,7,2026-01-20,4.50
73001407,202602,16,2026-01-20,3.37
74600493,202602,47,2026-01-20,4.43
1047641302,202603,43,2026-01-20,2.93
41837899,202603,35,2026-01-20,4.42
1036531208,202603,44,2026-01-20,0.70
1085346425,202601,30,2026-01-20,3.88
90441489,202603,43,2026-01-20,3.93
1018393308,202601,2,2026-01-20,3.56
1000339858,202602,8,2026-01-20,0.16
44487394,202602,24,2026-01-20,0.47
51961734,202601,9,2026-01-20,4.73
1082224499,202601,22,2026-01-20,0.25
70580850,202603,38,2026-01-20,1.77
1081615727,202603,6,2026-01-20,1.82
1003989065,202602,22,2026-01-20,1.36
1026230592,202602,24,2026-01-20,3.11
97437464,202601,43,2026-01-20,4.32
60073573,202603,34,2026-01-20,4.31
1066082311,202603,14,2026-01-20,0.46
68516724,202602,12,2026-01-20,0.26
1070630108,202602,39,2026-01-20,1.54
98229758,202601,39,2026-01-20,1.10
42529259,202603,2,2026-01-20,3.58
1002472909,202602,8,2026-01-20,0.89
57709800,202601,42,2026-01-20,3.35
1056123727,202603,29,2026-01-20,1.93
1045636335,202602,14,2026-01-20,0.85
1086779733,202601,22,2026-01-20,4.76
1002775277,202603,40,2026-01-20,0.14
84262896,202601,1,2026-01-20,4.44
68267024,202601,28,2026-01-20,1.54
31437368,202603,25,2026-01-20,3.60
1031795545,202601,29,2026-01-20,0.34
1047203367,202603,9,2026-01-20,1.27
71034085,202601,21,2026-01-20,0.70
1067216425,202603,44,2026-01-20,1.62
53794736,202602,3,2026-01-20,1.78
1060124746,202601,31,2026-01-20,2.12
1018141766,202603,43,2026-01-20,2.96
1012605743,202602,18,2026-01-20,0.60
57026931,202601,25,2026-01-20,0.50
69095020,202603,8,2026-01-20,1.94
95609088,202603,19,2026-01-20,1.24
79447936,202603,6,2026-01-20,2.45
33728782,202603,13,2026-01-20,1.86
41498481,202603,47,2026-01-20,4.21
1043299573,202602,21,2026-01-20,3.77
71997287,202602,42,2026-01-20,1.94
30698623,202603,7,2026-01-20,4.05
34816427,202603,37,2026-01-20,1.75
37504110,202601,22,2026-01-20,2.37
68620447,202601,36,2026-01-20,4.48
1091211272,202602,15,2026-01-20,2.05
1014016691,202601,35,2026-01-20,0.68
1012659567,202601,17,2026-01-20,0.61
68793299,202602,33,2026-01-20,0.60
59475362,202601,45,2026-01-20,1.23
32564971,202603,3,2026-01-20,4.74
82228900,202601,15,2026-01-20,1.72
77112326,202602,19,2026-01-20,4.59
1078387503,202601,22,2026-01-20,1.11
86432497,202601,25,2026-01-20,3.12
56144268,202603,29,2026-01-20,2.37
30904237,202602,37,2026-01-20,1.50
1086806384,202601,37,2026-01-20,0.93
1055433595,202603,21,2026-01-20,1.50
1061901057,202601,26,2026-01-20,4.62
1073786461,202602,33,2026-01-20,2.37
67348444,202601,31,2026-01-20,0.20
1021730302,202601,30,2026-01-20,1.98
1064838046,202601,13,2026-01-20,4.77
1046235272,202601,5,2026-01-20,4.34
1012743654,202603,23,2026-01-20,3.27
78146793,202603,15,2026-01-20,3.98
97427352,202603,48,2026-01-20,3.83
1078595378,202602,45,2026-01-20,3.24
45466865,202603,14,2026-01-20,3.53
1010513867,202603,24,2026-01-20,4.48
1086269497,202601,23,2026-01-20,0.83
66121763,202602,27,2026-01-20,2.58
1077915263,202602,11,2026-01-20,3.93
32905364,202602,20,2026-01-20,2.07
69081684,202602,15,2026-01-20,1.36
1076843585,202603,13,2026-01-20,4.10
34211040,202603,42,2026-01-20,1.81
1064187981,202602,44,2026-01-20,0.60
88477653,202601,6,2026-01-20,4.77
34904073,202603,19,2026-01-20,1.34
1088968227,202603,12,2026-01-20,2.36
69870717,202601,45,2026-01-20,2.78
45341097,202603,26,2026-01-20,0.49
1026086335,202603,47,2026-01-20,0.09
84262896,202602,2,2026-01-20,1.20
1024249633,202602,21,2026-01-20,1.27
72843053,202602,2,2026-01-20,0.48
1022443997,202601,42,2026-01-20,2.90
1002965740,202601,12,2026-01-20,3.19
1038096136,202602,11,2026-01-20,1.78
54842802,202603,41,2026-01-20,4.00
69639430,202601,21,2026-01-20,2.11
1036845648,202602,46,2026-01-20,3.96
1057152830,202601,10,2026-01-20,1.33
1018686873,202601,44,2026-01-20,2.33
1004022639,202603,14,2026-01-20,4.89
53067488,202603,45,2026-01-20,0.45
1006864357,202603,16,2026-01-20,1.07
67835197,202603,11,2026-01-20,1.40
1063139777,202603,15,2026-01-20,0.72
1010253962,202603,36,2026-01-20,0.86
54762361,202603,4,2026-01-20,3.13
37292745,202603,44,2026-01-20,1.96
54278818,202602,20,2026-01-20,3.52
33046098,202603,36,2026-01-20,3.81
1013876318,202602,3,2026-01-20,3.84
99088826,202602,28,2026-01-20,1.15
1069549588,202603,15,2026-01-20,3.39
1026999172,202603,46,2026-01-20,4.71
73208542,202602,11,2026-01-20,2.55
84478795,202603,37,2026-01-20,4.94
61616078,202601,20,2026-01-20,2.51
1028634280,202603,44,2026-01-20,4.37
1086638719,202601,40,2026-01-20,1.29
1003377760,202602,24,2026-01-20,1.98
1078242391,202602,47,2026-01-20,1.41
1017698663,202602,46,2026-01-20,1.11
1039529310,202603,36,2026-01-20,1.85
93868284,202601,27,2026-01-20,0.80
82228900,202602,2,2026-01-20,2.65
1085592766,202602,28,2026-01-20,3.82
1086110255,202601,18,2026-01-20,3.15
1004012733,202602,27,2026-01-20,3.49
1051326221,202602,20,2026-01-20,0.42
90947377,202601,21,2026-01-20,4.89
48273744,202603,25,2026-01-20,3.01
1040420531,202602,13,2026-01-20,0.33
74849970,202602,18,2026-01-20,0.69
31828295,202602,8,2026-01-20,2.86
1083694039,202601,12,2026-01-20,4.54
1034304829,202601,30,2026-01-20,0.85
1043814033,202603,17,2026-01-20,3.08
1091946881,202601,24,2026-01-20,1.23
54027117,202603,7,2026-01-20,3.85
1080338792,202602,18,2026-01-20,3.42
1053237849,202602,28,2026-01-20,1.37
39907482,202603,47,2026-01-20,0.78
1087045322,202602,13,2026-01-20,1.82
59507309,202601,36,2026-01-20,1.31
86043649,202603,43,2026-01-20,1.29
65973201,202601,14,2026-01-20,4.29
44955754,202603,9,2026-01-20,4.16
1016897235,202601,34,2026-01-20,4.82
1030217074,202602,17,2026-01-20,0.35
75104235,202603,27,2026-01-20,3.65
62837923,202601,41,2026-01-20,4.84
1057152830,202601,43,2026-01-20,4.92
1023675089,202602,34,2026-01-20,0.41
1057152830,202602,37,2026-01-20,0.58
1001459690,202603,10,2026-01-20,4.82
1004397729,202603,45,2026-01-20,4.68
36290263,202603,42,2026-01-20,4.24
1092044824,202601,42,2026-01-20,4.35
42661472,202601,29,2026-01-20,2.60
1079497428,202603,17,2026-01-20,4.79
50201838,202603,10,2026-01-20,0.51
1002906642,202602,50,2026-01-20,3.61
36691456,202602,3,2026-01-20,3.05
57047593,202602,41,2026-01-20,1.69
75207350,202603,4,2026-01-20,4.10
55648999,202602,43,2026-01-20,4.41
1095703108,202602,16,2026-01-20,4.06
1006676900,202602,49,2026-01-20,3.15
37467216,202602,24,2026-01-20,4.53
47788560,202603,7,2026-01-20,4.78
50639458,202601,25,2026-01-20,0.49
1046931720,202603,30,2026-01-20,1.72
92191617,202603,26,2026-01-20,0.56
1049453692,202601,7,2026-01-20,2.59
73026193,202603,25,2026-01-20,0.78
1096688043,202603,24,2026-01-20,1.07
73707501,202602,16,2026-01-20,0.19
1084076632,202602,23,2026-01-20,0.77
1092648749,202602,26,2026-01-20,4.00
58598564,202601,49,2026-01-20,4.43
45341097,202603,49,2026-01-20,1.04
1082651440,202602,40,2026-01-20,3.51
89992101,202602,7,2026-01-20,2.32
1063988660,202602,34,2026-01-20,3.03
1055423693,202601,6,2026-01-20,1.40
40121993,202602,38,2026-01-20,1.60
1040230117,202603,15,2026-01-20,4.94
99791030,202601,47,2026-01-20,3.35
41995668,202601,26,2026-01-20,3.87
74937970,202603,28,2026-01-20,1.60
1003424185,202602,32,2026-01-20,0.84
1098137859,202601,4,2026-01-20,3.32
1035528067,202602,16,2026-01-20,4.44
71177170,202603,50,2026-01-20,4.54
75262049,202601,46,2026-01-20,4.02
1091641011,202603,30,2026-01-20,4.03
49658313,202602,50,2026-01-20,1.28
61932511,202603,33,2026-01-20,1.21
93646509,202603,28,2026-01-20,1.04
86277062,202603,26,2026-01-20,4.48
98145554,202602,20,2026-01-20,3.86
1040902876,202603,11,2026-01-20,2.39
42090061,202603,48,2026-01-20,2.04
67840188,202603,29,2026-01-20,3.38
1052184717,202603,34,2026-01-20,3.88
77979186,202603,8,2026-01-20,3.54
57130894,202603,48,2026-01-20,2.44
87558600,202602,23,2026-01-20,3.20
1091627366,202603,33,2026-01-20,1.28
35942335,202602,37,2026-01-20,4.73
62485361,202602,31,2026-01-20,4.19
1042925168,202601,27,2026-01-20,2.78
32905364,202601,47,2026-01-20,4.35
38109517,202602,6,2026-01-20,2.96
1048132678,202602,32,2026-01-20,1.22
36522127,202602,20,2026-01-20,1.33
1064874802,202601,3,2026-01-20,4.53
47030622,202602,42,2026-01-20,4.96
1081620104,202601,37,2026-01-20,0.25
1066266169,202603,13,2026-01-20,2.56
68304668,202603,12,2026-01-20,2.63
1075120994,202601,39,2026-01-20,0.30
86043827,202602,21,2026-01-20,4.41
52157550,202601,42,2026-01-20,4.34
1082752709,202602,27,2026-01-20,4.50
1050371525,202602,50,2026-01-20,0.38
92461949,202601,26,2026-01-20,3.22
83519015,202602,26,2026-01-20,0.10
82434584,202602,22,2026-01-20,0.21
1053680053,202602,27,2026-01-20,0.47
35443820,202602,47,2026-01-20,3.69
1019405648,202601,20,2026-01-20,4.80
56314291,202602,16,2026-01-20,2.50
36691456,202601,45,2026-01-20,3.03
99976655,202601,11,2026-01-20,3.96
44633610,202601,39,2026-01-20,4.32
31356488,202602,33,2026-01-20,1.01
1015309191,202603,39,2026-01-20,1.97
48717292,202603,15,2026-01-20,1.42
1041777743,202602,48,2026-01-20,3.45
59741236,202603,38,2026-01-20,0.34
52220127,202602,20,2026-01-20,3.52
83598206,202602,17,2026-01-20,4.30
1084389705,202602,44,2026-01-20,3.91
1050722759,202603,23,2026-01-20,1.32
1096279126,202601,34,2026-01-20,0.83
49203625,202601,44,2026-01-20,1.39
64870524,202603,48,2026-01-20,3.11
62466106,202602,49,2026-01-20,3.01
1055094339,202601,45,2026-01-20,2.55
75010687,202603,37,2026-01-20,4.21
85916620,202603,32,2026-01-20,4.47
90580198,202601,29,2026-01-20,0.92
68841550,202602,4,2026-01-20,3.88
1079640711,202602,35,2026-01-20,4.86
62046336,202603,36,2026-01-20,0.68
1088758182,202602,42,2026-01-20,1.47
1055286234,202602,2,2026-01-20,2.46
59579017,202601,11,2026-01-20,4.11
1065112872,202601,23,2026-01-20,4.54
53935382,202601,3,2026-01-20,2.54
78975518,202601,50,2026-01-20,4.26
1045587213,202603,23,2026-01-20,1.57
73920335,202602,23,2026-01-20,3.01
1062086217,202603,38,2026-01-20,0.28
1059990455,202602,15,2026-01-20,3.20
1011085344,202603,17,2026-01-20,1.55
1039440026,202603,49,2026-01-20,4.12
49272319,202602,10,2026-01-20,1.72
1050858656,202601,22,2026-01-20,4.52
1076222137,202603,5,2026-01-20,4.72
1031998411,202601,40,2026-01-20,1.78
67992873,202602,31,2026-01-20,0.35
1074204231,202602,41,2026-01-20,2.09
64647131,202602,7,2026-01-20,1.40
1028568813,202602,34,2026-01-20,3.03
1084465573,202603,49,2026-01-20,4.73
80380416,202601,17,2026-01-20,4.81
61932511,202602,38,2026-01-20,2.01
67048442,202601,31,2026-01-20,4.01
1088170452,202601,27,2026-01-20,1.31
1070491114,202603,3,2026-01-20,3.71
1072267196,202602,23,2026-01-20,1.72
81410689,202602,41,2026-01-20,1.49
1079992972,202602,23,2026-01-20,4.13
87957864,202603,2,2026-01-20,2.67
60328166,202602,34,2026-01-20,2.32
1051150626,202603,46,2026-01-20,3.69
34663424,202603,39,2026-01-20,0.03
66896239,202602,44,2026-01-20,1.76
58253163,202601,32,2026-01-20,0.23
78220843,202603,18,2026-01-20,2.10
1057372629,202602,6,2026-01-20,4.46
44815062,202603,19,2026-01-20,3.01
30528867,202601,32,2026-01-20,1.45
46921128,202602,11,2026-01-20,4.20
1008972603,202603,40,2026-01-20,1.55
1067661792,202603,25,2026-01-20,0.93
1018935310,202603,50,2026-01-20,1.14
37276797,202603,48,2026-01-20,3.01
73026193,202603,47,2026-01-20,0.69
54027117,202603,23,2026-01-20,0.90
52046019,202601,45,2026-01-20,4.90
1097178454,202602,18,2026-01-20,1.50
1000012051,202602,37,2026-01-20,2.98
31356488,202603,25,2026-01-20,4.57
56391543,202602,36,2026-01-20,2.72
1036695023,202602,1,2026-01-20,1.75
60199862,202601,43,2026-01-20,4.74
40626415,202602,2,2026-01-20,0.44
1034229900,202601,32,2026-01-20,2.10
1062432288,202603,42,2026-01-20,3.40
1056052788,202603,8,2026-01-20,0.38
1039057234,202601,18,2026-01-20,2.93
67278608,202603,31,2026-01-20,0.59
1085023356,202602,10,2026-01-20,0.22
77021295,202603,25,2026-01-20,4.63
1027281838,202601,37,2026-01-20,0.94
1076232666,202602,14,2026-01-20,3.01
33815192,202603,27,2026-01-20,2.85
36533343,202602,41,2026-01-20,0.09
1011095368,202603,35,2026-01-20,4.53
1064732692,202601,37,2026-01-20,4.64
73701146,202603,22,2026-01-20,1.79
1043967142,202602,35,2026-01-20,1.83
1057152830,202603,8,2026-01-20,4.45
1090449835,202601,40,2026-01-20,3.25
1070551659,202602,15,2026-01-20,1.37
1081709001,202602,28,2026-01-20,2.69
75225951,202602,10,2026-01-20,0.85
58253163,202601,9,2026-01-20,3.67
1027106362,202602,7,2026-01-20,1.17
43394296,202601,38,2026-01-20,3.56
97427352,202603,29,2026-01-20,3.29
1062432288,202603,6,2026-01-20,0.31
97427352,202602,44,2026-01-20,3.12
83198703,202601,4,2026-01-20,4.61
1026100199,202602,23,2026-01-20,0.88
59755790,202602,2,2026-01-20,3.85
39953020,202603,17,2026-01-20,3.33
1076347916,202602,25,2026-01-20,4.43
1048513377,202603,46,2026-01-20,2.28
89089350,202603,2,2026-01-20,4.88
1055433595,202601,44,2026-01-20,4.30
1060859696,202601,31,2026-01-20,0.43
1081709001,202602,21,2026-01-20,1.68
99361815,202602,38,2026-01-20,3.44
49272319,202601,45,2026-01-20,4.06
97354362,202602,41,2026-01-20,0.01
1089625942,202601,5,2026-01-20,2.42
30540432,202603,22,2026-01-20,2.42
1035969383,202601,4,2026-01-20,4.08
1077969516,202603,23,2026-01-20,4.27
35131374,202603,1,2026-01-20,3.52
1031569625,202602,12,2026-01-20,3.82
68620447,202601,10,2026-01-20,1.37
66001675,202601,17,2026-01-20,1.57
1098511909,202603,30,2026-01-20,2.21
37479988,202603,45,2026-01-20,2.91
60122446,202603,24,2026-01-20,2.68
1019105650,202601,19,2026-01-20,0.29
81812105,202601,29,2026-01-20,2.89
93775117,202603,13,2026-01-20,1.47
68402892,202602,15,2026-01-20,1.61
1013942474,202601,4,2026-01-20,1.72
1092034961,202601,35,2026-01-20,3.17
1086457002,202602,31,2026-01-20,1.55
86744391,202603,45,2026-01-20,1.37
1052626827,202603,48,2026-01-20,4.24
1081620104,202601,50,2026-01-20,3.63
1006957521,202603,49,2026-01-20,1.60
1005284977,202602,16,2026-01-20,1.34
73126661,202602,5,2026-01-20,3.78
1098345343,202603,44,2026-01-20,0.30
54027117,202603,40,2026-01-20,4.20
73043853,202602,10,2026-01-20,3.49
92314981,202602,38,2026-01-20,2.94
46921128,202603,38,2026-01-20,1.71
41498481,202603,37,2026-01-20,2.36
1033499696,202602,26,2026-01-20,0.88
1000231173,202601,16,2026-01-20,1.71
1035416071,202601,20,2026-01-20,3.73
1041410701,202602,33,2026-01-20,3.02
1076639649,202602,45,2026-01-20,2.32
1086852058,202603,33,2026-01-20,3.71
89118651,202601,46,2026-01-20,1.50
1008012232,202601,8,2026-01-20,2.50
1079497428,202601,30,2026-01-20,3.07
62050847,202603,33,2026-01-20,3.46
43162644,202601,23,2026-01-20,4.13
1075642885,202603,45,2026-01-20,4.65
56391543,202601,42,2026-01-20,2.81
73707501,202602,19,2026-01-20,1.10
1030514900,202602,34,2026-01-20,4.16
37467216,202602,8,2026-01-20,4.12
63909751,202603,38,2026-01-20,3.51
57026931,202601,35,2026-01-20,2.47
76212741,202602,3,2026-01-20,4.76
1037522854,202603,32,2026-01-20,3.09
67398206,202601,1,2026-01-20,0.86
1041233250,202601,15,2026-01-20,3.69
48601507,202601,19,2026-01-20,4.14
84147853,202602,34,2026-01-20,1.20
42821137,202602,24,2026-01-20,4.35
1051472219,202601,15,2026-01-20,0.46
83775743,202603,46,2026-01-20,2.88
88262502,202601,9,2026-01-20,4.59
1086776477,202603,12,2026-01-20,2.29
90431507,202603,39,2026-01-20,3.69
1087927257,202602,8,2026-01-20,1.00
95359098,202601,15,2026-01-20,1.41
91058579,202602,17,2026-01-20,4.19
1056123727,202603,36,2026-01-20,4.34
1057707906,202602,44,2026-01-20,2.85
1014016691,202603,47,2026-01-20,2.02
65490617,202603,23,2026-01-20,4.35
1016469038,202602,13,2026-01-20,1.55
1000950902,202603,16,2026-01-20,4.40
48088095,202601,40,2026-01-20,3.78
1001190021,202601,21,2026-01-20,1.67
1008012232,202602,4,2026-01-20,4.33
1088430064,202601,15,2026-01-20,3.40
78900683,202603,45,2026-01-20,2.92
75299319,202601,5,2026-01-20,3.52
93756030,202601,8,2026-01-20,0.31
1060260300,202602,26,2026-01-20,2.35
1097136726,202603,40,2026-01-20,0.12
97437464,202603,28,2026-01-20,2.34
41241184,202601,22,2026-01-20,1.54
78659497,202602,44,2026-01-20,3.63
52690425,202601,8,2026-01-20,2.75
59684336,202601,25,2026-01-20,4.82
30342339,202601,50,2026-01-20,1.14
1020414570,202601,37,2026-01-20,2.55
57761048,202601,4,2026-01-20,4.59
90707229,202601,49,2026-01-20,4.80
95797817,202601,41,2026-01-20,1.96
1067139876,202602,24,2026-01-20,3.61
1096819001,202603,6,2026-01-20,3.28
1032013020,202601,47,2026-01-20,0.06
1023836786,202602,49,2026-01-20,2.60
1077969516,202602,25,2026-01-20,2.09
1067468050,202602,11,2026-01-20,1.78
1040420531,202601,16,2026-01-20,1.57
1050214758,202603,9,2026-01-20,4.83
62408844,202603,38,2026-01-20,1.09
1068163915,202603,10,2026-01-20,4.80
1089243968,202602,14,2026-01-20,4.29
1039964704,202601,39,2026-01-20,3.51
1036695023,202601,12,2026-01-20,2.41
1028756467,202601,34,2026-01-20,2.42
89376323,202602,43,2026-01-20,3.49
1005284977,202603,43,2026-01-20,2.34
73707501,202603,4,2026-01-20,1.95
97489250,202603,43,2026-01-20,3.92
40431226,202602,48,2026-01-20,4.95
1021625132,202603,24,2026-01-20,0.68
38942861,202602,5,2026-01-20,3.55
84977131,202603,33,2026-01-20,0.73
1022603959,202601,2,2026-01-20,0.93
1004397729,202602,44,2026-01-20,3.59
72191353,202602,3,2026-01-20,1.70
47030622,202601,29,2026-01-20,3.32
1044149811,202603,3,2026-01-20,0.82
1003613877,202603,48,2026-01-20,4.34
1052735267,202603,5,2026-01-20,2.82
1046931720,202603,41,2026-01-20,2.03
73150146,202603,39,2026-01-20,1.91
1096169576,202603,35,2026-01-20,0.11
1015587628,202602,18,2026-01-20,0.87
71973506,202602,15,2026-01-20,3.14
1055747304,202603,21,2026-01-20,1.82
85038557,202602,16,2026-01-20,2.75
1083454767,202601,2,2026-01-20,4.17
84810036,202602,38,2026-01-20,0.31
90112152,202603,42,2026-01-20,0.81
43160793,202601,23,2026-01-20,1.20
1067849932,202601,26,2026-01-20,1.35
1085421995,202603,27,2026-01-20,0.09
74145190,202603,48,2026-01-20,1.00
44482005,202603,15,2026-01-20,0.23
1087522730,202602,18,2026-01-20,2.09
38394009,202603,6,2026-01-20,0.67
94526026,202602,19,2026-01-20,3.21
71631351,202601,49,2026-01-20,1.83
1056432083,202601,42,2026-01-20,3.91
1071769033,202601,6,2026-01-20,3.80
1057497691,202601,23,2026-01-20,0.31
1036531208,202601,33,2026-01-20,3.61
1007543276,202602,39,2026-01-20,2.13
54762361,202602,28,2026-01-20,1.35
92754237,202601,16,2026-01-20,1.52
35950098,202601,45,2026-01-20,0.08
1052626827,202602,21,2026-01-20,2.33
99650592,202601,37,2026-01-20,1.09
1078660013,202601,2,2026-01-20,0.32
1078242391,202602,22,2026-01-20,1.09
1028443485,202601,41,2026-01-20,3.43
73480835,202603,32,2026-01-20,4.94
93756030,202601,37,2026-01-20,3.73
1035067288,202603,47,2026-01-20,2.62
54467032,202601,14,2026-01-20,1.09
66756166,202601,34,2026-01-20,1.72
1041730889,202603,45,2026-01-20,1.83
84250587,202602,9,2026-01-20,2.06
1042026671,202602,23,2026-01-20,4.13
1093620175,202603,46,2026-01-20,1.95
48239913,202601,8,2026-01-20,0.62
1058597769,202601,44,2026-01-20,1.13
61321972,202603,12,2026-01-20,2.42
73208542,202603,11,2026-01-20,3.88
47657291,202602,23,2026-01-20,2.62
41995668,202603,20,2026-01-20,1.37
34904073,202602,50,2026-01-20,1.66
1043299573,202601,12,2026-01-20,1.18
1015464663,202602,22,2026-01-20,0.95
62469443,202602,18,2026-01-20,3.06
78475184,202603,22,2026-01-20,0.91
52105900,202601,28,2026-01-20,3.66
78295076,202602,1,2026-01-20,3.64
59336974,202602,32,2026-01-20,4.83
69473122,202602,16,2026-01-20,0.76
89376323,202601,29,2026-01-20,4.03
74701667,202603,1,2026-01-20,1.40
1055094339,202602,32,2026-01-20,2.30
65100368,202603,11,2026-01-20,0.56
1057454908,202603,50,2026-01-20,4.74
1076822960,202601,9,2026-01-20,3.26
40335502,202601,4,2026-01-20,0.64
1080213500,202601,12,2026-01-20,0.10
1013876318,202602,38,2026-01-20,0.14
1012903821,202601,12,2026-01-20,0.69
45798099,202602,18,2026-01-20,1.82
1011303448,202603,45,2026-01-20,1.63
41928501,202602,27,2026-01-20,0.70
39323934,202602,48,2026-01-20,2.02
66782177,202602,1,2026-01-20,3.95
90275419,202601,3,2026-01-20,0.04
1090546243,202603,37,2026-01-20,2.00
1072152344,202602,10,2026-01-20,0.53
76948743,202602,18,2026-01-20,0.93
99208187,202601,42,2026-01-20,4.84
50891270,202602,27,2026-01-20,2.57
42598546,202602,31,2026-01-20,0.32
1000116824,202603,47,2026-01-20,2.37
1013361942,202601,2,2026-01-20,3.93
1008974896,202602,15,2026-01-20,1.03
50130513,202602,2,2026-01-20,0.78
1069149773,202603,18,2026-01-20,4.56
1049842418,202603,36,2026-01-20,0.52
1044029518,202601,24,2026-01-20,3.98
41553957,202603,24,2026-01-20,1.61
69737231,202602,48,2026-01-20,4.72
40097276,202603,25,2026-01-20,0.63
1032231859,202603,35,2026-01-20,2.53
43430711,202602,19,2026-01-20,1.27
1027381382,202602,42,2026-01-20,2.11
47657291,202601,23,2026-01-20,0.03
1060249080,202601,17,2026-01-20,1.57
74849970,202601,30,2026-01-20,3.60
1042582021,202603,35,2026-01-20,0.54
56780399,202603,10,2026-01-20,0.55
53812026,202601,9,2026-01-20,2.06
1018393308,202603,21,2026-01-20,2.96
1079992972,202602,9,2026-01-20,3.34
1092341533,202603,35,2026-01-20,2.09
1080689655,202601,3,2026-01-20,2.99
1083728775,202601,48,2026-01-20,4.96
57423173,202601,45,2026-01-20,2.97
72827172,202603,38,2026-01-20,2.84
1004848577,202602,46,2026-01-20,0.77
1009026749,202601,23,2026-01-20,0.82
1018053731,202602,37,2026-01-20,3.76
43563486,202602,23,2026-01-20,1.47
80920316,202603,31,2026-01-20,0.15
56144268,202603,28,2026-01-20,4.91
1029983218,202602,44,2026-01-20,2.39
1030359093,202602,19,2026-01-20,1.24
1018277699,202603,15,2026-01-20,2.12
32357149,202602,27,2026-01-20,0.87
1061938383,202603,49,2026-01-20,1.40
1014499972,202602,4,2026-01-20,4.08
36122321,202602,49,2026-01-20,2.27
32863847,202602,24,2026-01-20,4.03
1092177585,202602,39,2026-01-20,2.76
87393845,202602,9,2026-01-20,2.11
1032231859,202601,23,2026-01-20,4.69
1088095165,202602,22,2026-01-20,1.91
34135447,202602,46,2026-01-20,1.06
1046235272,202602,1,2026-01-20,4.30
84775036,202602,7,2026-01-20,1.47
1095255522,202601,38,2026-01-20,0.82
1063631276,202602,15,2026-01-20,4.08
1066216224,202602,42,2026-01-20,3.74
1037305254,202601,18,2026-01-20,4.33
1092217316,202603,11,2026-01-20,4.10
1078372329,202603,39,2026-01-20,0.37
1077295382,202602,31,2026-01-20,1.32
35398672,202601,24,2026-01-20,4.38
63671964,202601,2,2026-01-20,4.38
1005556646,202601,26,2026-01-20,1.55
71631351,202602,29,2026-01-20,3.26
1073159171,202602,23,2026-01-20,3.44
64614689,202601,26,2026-01-20,2.72
1020381018,202602,38,2026-01-20,3.87
42661472,202602,32,2026-01-20,2.91
1058090666,202603,41,2026-01-20,3.74
1090625155,202602,39,2026-01-20,3.31
1081615727,202602,23,2026-01-20,3.45
1010077500,202602,9,2026-01-20,4.21
1097546783,202601,28,2026-01-20,0.33
53493397,202601,47,2026-01-20,0.61
1086978375,202602,19,2026-01-20,2.81
1072008856,202602,2,2026-01-20,1.01
81110469,202603,33,2026-01-20,3.27
30521549,202603,10,2026-01-20,3.34
93116551,202602,19,2026-01-20,3.57
61239129,202603,7,2026-01-20,0.71
1088466980,202601,47,2026-01-20,4.19
1095703108,202603,22,2026-01-20,4.80
1085160729,202603,20,2026-01-20,2.60
1053427793,202603,48,2026-01-20,4.34
1034304829,202603,28,2026-01-20,1.22
54222307,202602,12,2026-01-20,3.51
1007878135,202602,28,2026-01-20,0.73
1055316551,202602,3,2026-01-20,3.12
1055053246,202601,29,2026-01-20,1.45
1008745347,202602,34,2026-01-20,1.30
62845179,202602,48,2026-01-20,0.72
1098353906,202602,39,2026-01-20,0.17
1049453692,202603,5,2026-01-20,3.14
57026931,202602,38,2026-01-20,0.82
56804370,202601,19,2026-01-20,0.49
65598875,202601,6,2026-01-20,3.68
1072267196,202601,9,2026-01-20,4.80
1066082311,202603,42,2026-01-20,4.33
30698623,202603,6,2026-01-20,4.11
1013104630,202601,7,2026-01-20,1.94
1033561293,202603,17,2026-01-20,0.47
44482005,202602,8,2026-01-20,2.40
1059266650,202601,1,2026-01-20,1.27
44930630,202601,41,2026-01-20,3.44
31437368,202602,11,2026-01-20,0.12
1083667130,202603,29,2026-01-20,0.29
89280311,202603,49,2026-01-20,2.55
1077295382,202603,1,2026-01-20,3.54
59741236,202601,27,2026-01-20,4.72
69545877,202602,2,2026-01-20,4.96
1057707906,202603,26,2026-01-20,0.25
40871756,202603,33,2026-01-20,3.05
62837923,202602,28,2026-01-20,1.14
86043649,202603,31,2026-01-20,1.83
36965332,202603,24,2026-01-20,3.28
98634392,202603,25,2026-01-20,0.15
62845179,202601,13,2026-01-20,0.80
35942335,202601,49,2026-01-20,3.72
80243240,202602,30,2026-01-20,0.99
1039139867,202602,2,2026-01-20,3.26
1041410701,202602,50,2026-01-20,2.73
1098915116,202602,32,2026-01-20,5.00
1032051093,202603,20,2026-01-20,2.11
89088584,202602,19,2026-01-20,3.90
1027349081,202603,18,2026-01-20,2.68
80791961,202603,37,2026-01-20,0.55
1005284977,202602,20,2026-01-20,1.13
37870780,202601,17,2026-01-20,4.54
1093191345,202603,47,2026-01-20,1.40
1017698663,202602,29,2026-01-20,0.52
62654827,202602,5,2026-01-20,0.68
1055703970,202601,28,2026-01-20,3.11
76948743,202601,31,2026-01-20,1.19
90275419,202602,36,2026-01-20,2.64
92586612,202601,47,2026-01-20,4.87
1066874682,202602,41,2026-01-20,1.61
1081619875,202602,32,2026-01-20,1.23
77612525,202601,10,2026-01-20,0.63
97517789,202601,19,2026-01-20,4.65
1098345343,202601,45,2026-01-20,2.87
1053819959,202602,3,2026-01-20,3.55
1057454908,202602,19,2026-01-20,3.14
1039139867,202603,17,2026-01-20,2.54
1070667169,202601,30,2026-01-20,0.62
1038473469,202603,45,2026-01-20,2.49
1040120983,202601,17,2026-01-20,4.06
1074492944,202601,20,2026-01-20,0.39
1081709001,202602,35,2026-01-20,4.29
1096034104,202602,36,2026-01-20,1.92
1059266650,202601,32,2026-01-20,1.20
73150146,202602,34,2026-01-20,4.97
1022135825,202601,7,2026-01-20,1.22
1041013532,202602,46,2026-01-20,0.76
1071930853,202602,12,2026-01-20,1.73
60559970,202602,10,2026-01-20,2.59
34691838,202601,30,2026-01-20,0.16
1011303448,202601,50,2026-01-20,3.50
1039526962,202602,47,2026-01-20,3.86
97354362,202601,32,2026-01-20,0.03
90550515,202602,26,2026-01-20,1.28
46266893,202602,39,2026-01-20,3.71
1009004987,202602,44,2026-01-20,0.54
80031278,202601,40,2026-01-20,0.39
56565356,202602,8,2026-01-20,4.20
86205134,202601,45,2026-01-20,4.76
58666443,202602,22,2026-01-20,1.16
79193240,202603,18,2026-01-20,4.25
92301592,202603,21,2026-01-20,4.85
1063598820,202601,3,2026-01-20,1.41
46470394,202602,3,2026-01-20,4.33
75138568,202603,10,2026-01-20,2.96
98229758,202603,19,2026-01-20,4.11
1066874682,202601,49,2026-01-20,4.46
1071002225,202601,47,2026-01-20,2.53
99185781,202601,35,2026-01-20,1.78
1080641363,202603,15,2026-01-20,1.65
39055184,202603,40,2026-01-20,1.14
1052038221,202601,25,2026-01-20,3.43
1092341533,202601,18,2026-01-20,3.90
1033921860,202602,11,2026-01-20,3.39
1004647477,202603,10,2026-01-20,3.43
88477653,202601,33,2026-01-20,2.94
72827172,202601,46,2026-01-20,2.15
97453136,202602,35,2026-01-20,4.03
32579152,202603,48,2026-01-20,2.23
1096197568,202601,37,2026-01-20,4.67
1026762399,202603,22,2026-01-20,4.63
1005595783,202602,28,2026-01-20,2.09
97828906,202603,28,2026-01-20,1.65
1066651045,202601,5,2026-01-20,0.14
1034055399,202603,32,2026-01-20,1.64
40097460,202602,1,2026-01-20,2.31
1014531020,202603,46,2026-01-20,0.70
41490796,202602,5,2026-01-20,0.64
78417254,202601,2,2026-01-20,2.04
45430373,202601,15,2026-01-20,4.65
95829872,202601,2,2026-01-20,4.33
86043649,202603,21,2026-01-20,0.72
56314291,202602,13,2026-01-20,1.26
1065450762,202601,44,2026-01-20,0.30
1001306082,202602,4,2026-01-20,4.55
79227186,202601,7,2026-01-20,4.36
49963266,202603,30,2026-01-20,2.24
1093689623,202602,43,2026-01-20,0.41
1048608777,202601,20,2026-01-20,3.19
55006550,202601,48,2026-01-20,1.57
82093418,202601,39,2026-01-20,2.28
64730487,202603,43,2026-01-20,4.73
71997287,202602,32,2026-01-20,0.15
90112152,202601,49,2026-01-20,2.52
83055211,202602,9,2026-01-20,2.37
89389413,202601,35,2026-01-20,4.82
37300017,202603,32,2026-01-20,0.61
38109517,202603,8,2026-01-20,0.37
46651732,202602,32,2026-01-20,1.74
1098254550,202601,13,2026-01-20,3.16
79497849,202603,39,2026-01-20,1.65
1001862108,202603,33,2026-01-20,0.97
92877401,202601,37,2026-01-20,1.52
60039893,202603,28,2026-01-20,0.19
64624630,202602,21,2026-01-20,3.02
1092217316,202602,48,2026-01-20,1.70
32357149,202601,35,2026-01-20,2.78
47513114,202603,21,2026-01-20,2.11
31437368,202602,7,2026-01-20,2.77
1089641061,202601,40,2026-01-20,0.20
54641907,202603,41,2026-01-20,3.78
64577237,202602,16,2026-01-20,2.84
1098738776,202601,12,2026-01-20,0.56
1046960505,202603,42,2026-01-20,0.65
1054824172,202603,31,2026-01-20,0.22
1050858656,202603,24,2026-01-20,3.10
1027448668,202601,3,2026-01-20,4.55
1026841014,202602,47,2026-01-20,1.19
1089620285,202602,35,2026-01-20,2.08
1093768378,202602,45,2026-01-20,0.98
1098936522,202603,10,2026-01-20,3.79
1055747304,202601,26,2026-01-20,2.90
33046098,202603,1,2026-01-20,2.37
86543940,202603,18,2026-01-20,2.70
1093689623,202602,8,2026-01-20,0.54
1071002225,202603,17,2026-01-20,0.12
75653548,202602,30,2026-01-20,1.24
1053743664,202602,19,2026-01-20,1.46
1037021200,202601,20,2026-01-20,2.16
1042847004,202603,24,2026-01-20,3.16
1015960966,202602,35,2026-01-20,4.69
1094805011,202603,24,2026-01-20,3.75
91058579,202602,10,2026-01-20,2.32
46654053,202603,27,2026-01-20,2.65
46141742,202603,18,2026-01-20,1.52
1090751891,202601,13,2026-01-20,0.06
1001459690,202602,23,2026-01-20,3.29
1013942474,202603,2,2026-01-20,3.64
69870717,202601,42,2026-01-20,1.98
67458037,202601,28,2026-01-20,3.50
1033112973,202603,32,2026-01-20,3.38
1038487718,202601,50,2026-01-20,3.92
90829058,202603,40,2026-01-20,2.81
1077823333,202602,36,2026-01-20,1.63
78659497,202603,5,2026-01-20,4.81
1053724209,202601,34,2026-01-20,2.10
92028629,202601,17,2026-01-20,4.67
60839818,202601,37,2026-01-20,2.60
73761880,202601,33,2026-01-20,3.72
1082224499,202602,12,2026-01-20,2.40
87635988,202601,3,2026-01-20,4.04
51997926,202603,6,2026-01-20,3.14
53857808,202601,32,2026-01-20,4.96
1024249633,202601,20,2026-01-20,4.35
31161057,202603,21,2026-01-20,3.28
94811347,202602,31,2026-01-20,2.22
62466106,202601,4,2026-01-20,0.90
76955634,202601,3,2026-01-20,1.66
1008745347,202602,19,2026-01-20,3.29
93523443,202602,1,2026-01-20,0.38
1071038447,202603,27,2026-01-20,4.57
1011030457,202601,10,2026-01-20,1.02
1054487268,202603,28,2026-01-20,4.93
42452485,202602,24,2026-01-20,0.96
1079581876,202601,42,2026-01-20,3.63
1051503136,202602,47,2026-01-20,3.58
68539416,202602,40,2026-01-20,2.68
1058423682,202602,8,2026-01-20,2.79
1015415751,202603,40,2026-01-20,4.03
1050722759,202601,27,2026-01-20,1.86
35872771,202601,19,2026-01-20,4.80
1005865166,202601,22,2026-01-20,0.69
1069149773,202602,34,2026-01-20,4.18
1056857568,202602,15,2026-01-20,0.82
1022603959,202601,22,2026-01-20,4.95
96555804,202602,29,2026-01-20,0.78
70429370,202602,50,2026-01-20,4.19
1073587102,202602,43,2026-01-20,2.34
47569997,202603,35,2026-01-20,3.19
60923205,202601,30,2026-01-20,2.39
1009507932,202603,6,2026-01-20,3.34
47569997,202602,48,2026-01-20,4.02
51940394,202602,48,2026-01-20,3.94
38286055,202603,35,2026-01-20,0.25
73601441,202601,32,2026-01-20,0.99
1046191452,202603,2,2026-01-20,2.70
1000339858,202601,13,2026-01-20,1.70
96555804,202602,13,2026-01-20,2.28
83345661,202603,12,2026-01-20,4.62
62482321,202602,44,2026-01-20,1.02
1098413416,202601,42,2026-01-20,0.69
80791961,202603,48,2026-01-20,4.00
49438162,202601,33,2026-01-20,0.94
91177456,202603,32,2026-01-20,2.71
47788560,202603,19,2026-01-20,2.33
39426001,202603,41,2026-01-20,1.55
90441489,202603,3,2026-01-20,3.98
43675319,202603,2,2026-01-20,1.51
1041591002,202603,42,2026-01-20,2.16
72426783,202601,35,2026-01-20,1.83
1019325224,202602,11,2026-01-20,1.54
1050722759,202603,44,2026-01-20,1.61
1060124746,202603,10,2026-01-20,2.37
92691732,202603,7,2026-01-20,2.76
1018573894,202601,27,2026-01-20,2.73
64452514,202603,27,2026-01-20,2.17
67032401,202601,37,2026-01-20,2.78
1066414079,202603,17,2026-01-20,1.65
99922283,202603,26,2026-01-20,4.28
50287296,202603,25,2026-01-20,0.67
1007543276,202602,49,2026-01-20,4.66
81174416,202602,35,2026-01-20,3.94
1019464700,202603,9,2026-01-20,4.42
71508012,202603,2,2026-01-20,3.87
1055970216,202602,33,2026-01-20,4.48
1079282932,202602,25,2026-01-20,2.22
91326360,202603,46,2026-01-20,2.87
1005237313,202601,10,2026-01-20,3.88
1082752709,202601,3,2026-01-20,0.25
1002635667,202601,39,2026-01-20,2.31
1051543008,202603,42,2026-01-20,4.25
1075551901,202601,39,2026-01-20,3.01
1048725795,202603,48,2026-01-20,0.60
48100288,202602,13,2026-01-20,0.69
77626532,202601,20,2026-01-20,2.32
99913874,202603,45,2026-01-20,0.28
41903996,202603,25,2026-01-20,3.95
48428936,202602,37,2026-01-20,4.34
1041595431,202602,26,2026-01-20,3.71
1063628547,202602,18,2026-01-20,1.11
1002896966,202601,46,2026-01-20,2.07
1019386440,202601,12,2026-01-20,0.02
68921501,202601,35,2026-01-20,1.22
74937970,202602,24,2026-01-20,1.26
80942083,202601,4,2026-01-20,0.60
47030622,202603,45,2026-01-20,0.44
1026878188,202601,40,2026-01-20,0.67
1075753673,202603,19,2026-01-20,0.08
91586772,202603,19,2026-01-20,0.08
1060514179,202602,30,2026-01-20,2.50
1046204388,202602,6,2026-01-20,0.97
1086889567,202603,22,2026-01-20,2.29
1098353906,202602,25,2026-01-20,3.13
49532258,202601,43,2026-01-20,2.88
45310943,202601,18,2026-01-20,2.37
1048146041,202603,35,2026-01-20,1.47
1064874802,202603,29,2026-01-20,0.40
1049282211,202601,50,2026-01-20,4.83
1024830205,202603,16,2026-01-20,3.87
35148325,202601,8,2026-01-20,1.73
32588483,202603,35,2026-01-20,4.20
92994039,202601,45,2026-01-20,4.90
1064299708,202603,14,2026-01-20,2.92
1060514179,202603,47,2026-01-20,0.09
50012713,202603,43,2026-01-20,4.96
85797946,202603,11,2026-01-20,1.56
57125787,202602,47,2026-01-20,3.48
1028142032,202602,25,2026-01-20,0.68
88570169,202601,45,2026-01-20,0.45
1020657383,202602,17,2026-01-20,3.67
83462612,202602,3,2026-01-20,1.09
1020381018,202602,30,2026-01-20,0.06
92637707,202602,24,2026-01-20,3.72
1054060095,202603,30,2026-01-20,0.29
1074445391,202601,48,2026-01-20,3.34
42041667,202601,10,2026-01-20,4.39
99913874,202603,39,2026-01-20,0.76
1063413993,202602,29,2026-01-20,3.99
88303183,202603,4,2026-01-20,4.09
38109517,202603,36,2026-01-20,4.44
60693986,202601,3,2026-01-20,2.27
90614302,202601,6,2026-01-20,4.93
1085879200,202601,39,2026-01-20,0.35
1050260879,202601,21,2026-01-20,2.14
66601181,202603,15,2026-01-20,4.62
1006294447,202603,7,2026-01-20,0.95
1003554826,202603,31,2026-01-20,1.88
1046191452,202603,18,2026-01-20,2.28
1039499988,202603,5,2026-01-20,4.90
1090400128,202603,13,2026-01-20,0.07
1053743664,202602,44,2026-01-20,0.13
1005595783,202602,43,2026-01-20,3.82
1077295382,202602,49,2026-01-20,2.87
1074509929,202603,27,2026-01-20,4.32
44482005,202602,24,2026-01-20,1.46
98942489,202603,7,2026-01-20,1.70
62408844,202601,49,2026-01-20,4.92
1019334513,202601,49,2026-01-20,4.36
30601717,202601,34,2026-01-20,3.24
38303255,202603,48,2026-01-20,0.51
56980985,202603,2,2026-01-20,3.85
1011518683,202603,38,2026-01-20,2.78
81050630,202602,24,2026-01-20,0.86
89619193,202601,13,2026-01-20,3.99
1049565194,202603,20,2026-01-20,3.28
1059863994,202601,49,2026-01-20,0.94
38109517,202601,5,2026-01-20,3.98
50260233,202602,18,2026-01-20,2.27
81410689,202603,34,2026-01-20,3.75
1005611126,202602,33,2026-01-20,3.21
1028568813,202602,14,2026-01-20,3.19
1012743654,202601,1,2026-01-20,1.68
75677984,202602,21,2026-01-20,0.64
1044234110,202603,16,2026-01-20,0.12
1041695092,202602,31,2026-01-20,0.27
1009147420,202602,26,2026-01-20,1.69
1002472909,202601,7,2026-01-20,3.00
69920420,202601,1,2026-01-20,2.23
1036531208,202601,49,2026-01-20,4.72
93954049,202601,15,2026-01-20,1.63
1074052982,202601,7,2026-01-20,2.34
1020332904,202602,46,2026-01-20,0.26
76947526,202603,35,2026-01-20,1.48
1026048432,202602,32,2026-01-20,4.33
62894079,202601,15,2026-01-20,3.06
61089147,202602,21,2026-01-20,4.69
1054824172,202603,12,2026-01-20,0.82
1057884831,202603,49,2026-01-20,3.84
1005853650,202601,38,2026-01-20,4.17
89280311,202601,10,2026-01-20,2.46
64128269,202603,30,2026-01-20,1.10
82641402,202602,11,2026-01-20,3.60
46765905,202603,21,2026-01-20,3.22
1022047547,202602,38,2026-01-20,0.52
1009747428,202601,4,2026-01-20,0.59
54222307,202603,22,2026-01-20,0.41
1081162539,202601,5,2026-01-20,2.02
98593535,202602,43,2026-01-20,2.53
68328569,202603,37,2026-01-20,2.00
1064418970,202601,23,2026-01-20,0.68
1018341888,202602,16,2026-01-20,4.39
43760553,202603,40,2026-01-20,1.61
41498481,202602,25,2026-01-20,3.48
46921128,202602,35,2026-01-20,2.57
1011522972,202603,48,2026-01-20,2.09
87233022,202602,4,2026-01-20,3.44
99650592,202603,43,2026-01-20,2.66
1046707660,202601,8,2026-01-20,0.61
1042847004,202603,29,2026-01-20,1.29
1081558869,202601,1,2026-01-20,2.13
89118651,202601,36,2026-01-20,1.42
38953715,202602,2,2026-01-20,1.26
1014153323,202603,44,2026-01-20,3.04
1053680053,202602,23,2026-01-20,2.65
90918291,202601,9,2026-01-20,0.63
1088808302,202601,7,2026-01-20,3.55
1068547669,202603,37,2026-01-20,2.29
1006957521,202603,27,2026-01-20,4.93
56001784,202603,45,2026-01-20,0.11
54770758,202602,48,2026-01-20,0.61
1032231589,202603,5,2026-01-20,1.69
95300092,202602,40,2026-01-20,0.73
1004019056,202602,25,2026-01-20,0.39
49795450,202602,47,2026-01-20,3.86
44275067,202601,50,2026-01-20,2.08
56980985,202603,9,2026-01-20,1.02
31161057,202602,2,2026-01-20,4.16
1063628547,202603,26,2026-01-20,3.14
43157337,202602,42,2026-01-20,3.32
41498481,202601,8,2026-01-20,2.41
71997287,202603,27,2026-01-20,1.62
64081271,202601,1,2026-01-20,2.52
67348444,202602,49,2026-01-20,2.79
78975518,202603,2,2026-01-20,3.69
1086690887,202602,44,2026-01-20,4.18
1031553355,202603,38,2026-01-20,4.01
98045764,202601,16,2026-01-20,2.47
1027501961,202603,4,2026-01-20,3.93
54298582,202602,16,2026-01-20,2.26
1081162539,202601,38,2026-01-20,2.76
38422839,202603,11,2026-01-20,3.20
1089620285,202602,12,2026-01-20,4.83
1012258527,202603,10,2026-01-20,3.09
60636899,202603,20,2026-01-20,2.48
1049836471,202602,31,2026-01-20,4.00
73761880,202602,44,2026-01-20,4.78
1003416558,202601,6,2026-01-20,2.88
38806725,202602,15,2026-01-20,0.21
1065175277,202601,50,2026-01-20,3.70
1001184112,202602,49,2026-01-20,1.65
1083939734,202602,10,2026-01-20,3.64
74061209,202603,2,2026-01-20,4.10
1039958147,202601,32,2026-01-20,1.52
1026551422,202603,2,2026-01-20,1.07
88964618,202601,26,2026-01-20,2.35
1059839706,202602,17,2026-01-20,3.05
1021295093,202601,16,2026-01-20,3.19
93895176,202603,40,2026-01-20,2.05
60122446,202602,47,2026-01-20,1.20
1062432288,202602,31,2026-01-20,4.30
1067107342,202602,38,2026-01-20,1.43
62408844,202601,44,2026-01-20,3.91
53857808,202601,45,2026-01-20,3.24
1042925168,202602,8,2026-01-20,3.62
32715285,202601,45,2026-01-20,0.66
83814525,202602,22,2026-01-20,0.03
1009004987,202601,29,2026-01-20,4.10
1001281674,202603,23,2026-01-20,4.17
79193240,202603,45,2026-01-20,2.41
44092597,202603,33,2026-01-20,4.83
74701667,202603,47,2026-01-20,1.64
1050613474,202601,8,2026-01-20,0.92
67347697,202602,31,2026-01-20,2.27
87635988,202603,27,2026-01-20,1.48
76301903,202601,28,2026-01-20,2.11
41649322,202602,19,2026-01-20,0.15
1054026847,202603,48,2026-01-20,4.23
77827295,202601,38,2026-01-20,2.78
94591597,202603,48,2026-01-20,0.59
1000231173,202601,3,2026-01-20,3.79
1096036269,202602,32,2026-01-20,4.20
1013368648,202602,33,2026-01-20,4.78
1058732174,202601,14,2026-01-20,0.20
1027501961,202601,4,2026-01-20,2.95
1034195954,202601,42,2026-01-20,0.08
51051734,202601,24,2026-01-20,4.95
92278822,202601,4,2026-01-20,2.73
1092044824,202602,22,2026-01-20,3.53
1082062498,202603,46,2026-01-20,4.32
95609088,202601,29,2026-01-20,0.05
96555804,202602,35,2026-01-20,3.47
30931149,202603,23,2026-01-20,0.56
1043439501,202603,31,2026-01-20,3.86
1054736697,202601,36,2026-01-20,1.20
1029659019,202601,29,2026-01-20,3.83
1051472219,202601,5,2026-01-20,1.62
1067099212,202601,36,2026-01-20,1.20
1044234110,202603,21,2026-01-20,0.74
1055047615,202601,42,2026-01-20,1.52
31161057,202603,8,2026-01-20,4.87
91080826,202603,23,2026-01-20,4.64
1018218417,202603,32,2026-01-20,1.87
1035994556,202603,20,2026-01-20,2.10
1049282211,202603,35,2026-01-20,3.37
32345651,202601,40,2026-01-20,2.46
1037573595,202602,12,2026-01-20,3.48
47942054,202602,1,2026-01-20,3.91
94886564,202601,36,2026-01-20,3.51
42452485,202601,42,2026-01-20,4.36
1066368012,202601,41,2026-01-20,1.41
1046960505,202601,30,2026-01-20,4.09
1047680468,202603,38,2026-01-20,2.43
99791030,202602,15,2026-01-20,1.79
41529925,202602,21,2026-01-20,4.63
1083504446,202602,45,2026-01-20,4.37
43675319,202603,41,2026-01-20,2.64
60051248,202601,26,2026-01-20,1.92
1030011885,202603,28,2026-01-20,0.37
31356488,202603,10,2026-01-20,4.71
1072152344,202602,30,2026-01-20,2.39
1040637362,202603,43,2026-01-20,2.64
79018145,202601,46,2026-01-20,4.06
99976655,202603,13,2026-01-20,0.57
32564971,202603,26,2026-01-20,1.63
85650102,202601,41,2026-01-20,2.71
1010925452,202602,41,2026-01-20,4.50
38109517,202601,50,2026-01-20,1.43
58465359,202603,14,2026-01-20,4.94
1002397436,202602,18,2026-01-20,2.88
1034861979,202602,21,2026-01-20,1.56
1002120812,202602,17,2026-01-20,3.15
95256192,202602,22,2026-01-20,1.16
34951508,202602,30,2026-01-20,1.69
1083346865,202603,22,2026-01-20,4.81
1029056818,202602,3,2026-01-20,1.28
1050058736,202602,9,2026-01-20,2.50
72497706,202603,40,2026-01-20,2.12
46266893,202602,44,2026-01-20,4.95
1008012232,202602,2,2026-01-20,3.35
56269126,202603,39,2026-01-20,2.32
93868284,202603,17,2026-01-20,2.56
77626532,202603,45,2026-01-20,0.96
40097276,202603,32,2026-01-20,4.87
76971260,202603,13,2026-01-20,1.22
92037653,202601,38,2026-01-20,3.27
81812105,202602,21,2026-01-20,3.72
1056123727,202603,2,2026-01-20,0.58
1084340507,202603,44,2026-01-20,1.28
1030033369,202602,10,2026-01-20,1.61
73026193,202601,7,2026-01-20,0.67
1006957521,202601,1,2026-01-20,0.37
1002120812,202601,13,2026-01-20,1.19
1056122941,202603,8,2026-01-20,3.20
1091723669,202602,7,2026-01-20,1.65
1045587213,202601,22,2026-01-20,2.91
1031569625,202603,14,2026-01-20,3.16
59809371,202603,24,2026-01-20,2.77
1051956780,202602,39,2026-01-20,2.38
66756166,202603,37,2026-01-20,1.19
1072113108,202602,17,2026-01-20,3.62
1035315892,202603,23,2026-01-20,4.55
65490617,202603,19,2026-01-20,3.18
31422821,202603,49,2026-01-20,0.48
1041591002,202602,34,2026-01-20,0.97
52385917,202603,7,2026-01-20,3.21
48273744,202603,8,2026-01-20,1.98
56980985,202602,41,2026-01-20,0.39
1065222609,202603,10,2026-01-20,0.09
1085393768,202603,23,2026-01-20,2.82
54842802,202602,36,2026-01-20,1.67
1060260300,202602,15,2026-01-20,4.15
46141742,202603,48,2026-01-20,4.20
1055703970,202601,32,2026-01-20,2.02
1026551422,202601,20,2026-01-20,1.18
1085545840,202601,36,2026-01-20,1.32
1085913988,202602,45,2026-01-20,2.35
1026840068,202601,37,2026-01-20,2.84
38328989,202601,10,2026-01-20,3.08
42899822,202602,14,2026-01-20,1.16
86390631,202603,1,2026-01-20,4.95
97437464,202603,7,2026-01-20,2.36
1014153323,202601,13,2026-01-20,2.86
42090061,202601,34,2026-01-20,3.70
1021237999,202603,42,2026-01-20,4.49
34056635,202602,49,2026-01-20,3.34
1082450177,202602,39,2026-01-20,3.38
1087045322,202601,40,2026-01-20,0.53
42610908,202603,2,2026-01-20,1.28
55123142,202603,28,2026-01-20,2.68
1082224499,202602,28,2026-01-20,3.75
82434584,202603,16,2026-01-20,2.84
1057431485,202603,32,2026-01-20,3.98
1051038340,202603,22,2026-01-20,2.46
76936139,202602,45,2026-01-20,3.93
1029525128,202602,14,2026-01-20,1.43
74600493,202601,8,2026-01-20,2.56
1081709001,202601,30,2026-01-20,4.52
92816792,202603,11,2026-01-20,0.69
1079992972,202603,2,2026-01-20,0.40
35925313,202601,7,2026-01-20,3.14
1057884831,202603,43,2026-01-20,1.83
70991318,202601,39,2026-01-20,3.49
57214427,202602,41,2026-01-20,3.46
1026999172,202603,28,2026-01-20,4.76
1018277699,202601,23,2026-01-20,2.73
60693986,202602,15,2026-01-20,4.33
78383157,202602,29,2026-01-20,0.69
1082063460,202602,48,2026-01-20,1.06
1029620914,202603,23,2026-01-20,4.31
1016958820,202602,43,2026-01-20,4.42
67347697,202601,26,2026-01-20,1.70
63380141,202601,6,2026-01-20,1.80
76223261,202602,5,2026-01-20,3.90
57709800,202603,24,2026-01-20,2.16
1018053731,202601,2,2026-01-20,4.79
46700126,202602,20,2026-01-20,3.82
1079497428,202602,37,2026-01-20,4.06
1095431662,202603,33,2026-01-20,2.36
1063787846,202602,43,2026-01-20,1.25
81475596,202602,37,2026-01-20,3.35
76974717,202601,17,2026-01-20,0.88
1085421995,202601,24,2026-01-20,0.66
83405752,202603,21,2026-01-20,4.56
49523823,202603,2,2026-01-20,4.62
53207014,202601,47,2026-01-20,0.56
97318818,202602,47,2026-01-20,2.03
1011966095,202601,17,2026-01-20,2.32
1014232530,202603,17,2026-01-20,0.37
1002896966,202603,49,2026-01-20,0.86
1034518759,202603,25,2026-01-20,2.31
1030361863,202603,40,2026-01-20,1.84
49350843,202603,37,2026-01-20,1.14
1096819001,202602,23,2026-01-20,1.39
94084212,202603,31,2026-01-20,0.67
1098307039,202603,1,2026-01-20,0.46
1042951490,202603,7,2026-01-20,3.19
35964218,202602,48,2026-01-20,0.61
38303255,202602,17,2026-01-20,4.19
52786339,202602,21,2026-01-20,1.81
1031554860,202603,37,2026-01-20,3.53
98987809,202602,24,2026-01-20,4.51
71508012,202602,15,2026-01-20,0.80
82030324,202601,49,2026-01-20,2.95
92972821,202602,24,2026-01-20,1.68
74937970,202603,33,2026-01-20,1.64
61281118,202601,50,2026-01-20,0.63
93004933,202602,33,2026-01-20,2.48
1070515317,202603,43,2026-01-20,3.83
52714676,202603,47,2026-01-20,4.78
82228900,202602,16,2026-01-20,2.67
32579152,202602,42,2026-01-20,1.33
41092721,202603,50,2026-01-20,4.39
1090546243,202602,43,2026-01-20,4.66
1084465573,202603,23,2026-01-20,4.35
68328569,202603,5,2026-01-20,1.94
1092593211,202602,21,2026-01-20,4.99
30528867,202601,1,2026-01-20,2.94
1065754029,202602,1,2026-01-20,1.92
44403929,202603,49,2026-01-20,4.31
1039139867,202603,1,2026-01-20,2.54
1011085344,202603,34,2026-01-20,0.16
1056123727,202602,16,2026-01-20,4.78
69551101,202603,25,2026-01-20,1.52
1035282235,202602,36,2026-01-20,2.27
1026703813,202603,17,2026-01-20,4.94
1014373714,202601,3,2026-01-20,4.78
1059407615,202602,48,2026-01-20,2.75
1092119995,202602,37,2026-01-20,2.09
1079282932,202602,3,2026-01-20,1.00
1055279062,202602,8,2026-01-20,1.95
83000278,202602,47,2026-01-20,3.41
1066004956,202603,2,2026-01-20,2.65
34195201,202601,3,2026-01-20,3.38
1039139867,202602,24,2026-01-20,3.33
1095703108,202601,5,2026-01-20,4.22
38328989,202601,28,2026-01-20,0.62
1063042503,202601,40,2026-01-20,1.16
1096036269,202601,8,2026-01-20,2.74
42080030,202601,44,2026-01-20,2.45
1085291083,202601,14,2026-01-20,3.42
37967616,202601,47,2026-01-20,0.74
67279049,202601,30,2026-01-20,0.43
1001280861,202603,35,2026-01-20,4.60
1054597235,202603,29,2026-01-20,0.24
48947693,202602,19,2026-01-20,4.45
67914350,202601,25,2026-01-20,3.16
1097124806,202601,10,2026-01-20,1.28
66601181,202601,4,2026-01-20,0.20
1076861679,202602,4,2026-01-20,0.89
51567481,202603,33,2026-01-20,1.09
49795450,202602,6,2026-01-20,1.16
44822078,202603,10,2026-01-20,0.01
39323934,202603,15,2026-01-20,4.45
99185781,202602,50,2026-01-20,4.44
86330204,202601,40,2026-01-20,2.07
42875126,202602,33,2026-01-20,4.40
1086269497,202602,46,2026-01-20,2.93
79971673,202601,45,2026-01-20,3.98
36707543,202602,31,2026-01-20,3.70
77626532,202602,16,2026-01-20,4.17
96449670,202601,3,2026-01-20,2.98
1030011885,202602,35,2026-01-20,0.62
89619193,202603,22,2026-01-20,2.59
42518407,202601,43,2026-01-20,2.78
35830314,202601,40,2026-01-20,5.00
40063371,202603,5,2026-01-20,0.71
1098966937,202602,47,2026-01-20,1.15
41903996,202602,9,2026-01-20,3.64
70325577,202602,42,2026-01-20,4.70
1096097731,202603,5,2026-01-20,0.01
42355421,202603,34,2026-01-20,4.03
1006246705,202603,25,2026-01-20,1.60
59883054,202603,2,2026-01-20,0.33
34056635,202602,29,2026-01-20,0.15
1053586230,202603,29,2026-01-20,1.13
91080826,202601,50,2026-01-20,3.37
39194684,202603,41,2026-01-20,0.38
78383157,202603,7,2026-01-20,3.16
75262049,202601,32,2026-01-20,2.93
1066686558,202602,5,2026-01-20,2.74
42323166,202603,49,2026-01-20,3.24
71932043,202603,30,2026-01-20,0.53
97517789,202601,22,2026-01-20,0.04
76828783,202601,35,2026-01-20,2.94
56015547,202602,4,2026-01-20,1.18
1007019538,202602,12,2026-01-20,4.64
62482321,202603,22,2026-01-20,0.03
1055094339,202603,18,2026-01-20,4.43
86530411,202601,13,2026-01-20,2.47
82641402,202603,44,2026-01-20,1.68
97862826,202602,12,2026-01-20,1.14
43675319,202603,10,2026-01-20,3.02
59741236,202603,15,2026-01-20,1.67
1082541961,202603,30,2026-01-20,1.35
75104235,202603,3,2026-01-20,3.22
1046816850,202602,48,2026-01-20,4.04
1046960505,202603,41,2026-01-20,4.36
1016469038,202602,16,2026-01-20,4.94
53376426,202603,28,2026-01-20,3.09
39426001,202602,42,2026-01-20,0.06
60705170,202603,28,2026-01-20,3.82
1039057234,202603,32,2026-01-20,4.67
1060124746,202602,48,2026-01-20,2.26
48100288,202603,40,2026-01-20,0.33
1084340507,202601,21,2026-01-20,3.41
1024198799,202601,32,2026-01-20,3.26
1038487718,202603,3,2026-01-20,1.48
1058382121,202601,9,2026-01-20,1.84
45430373,202603,13,2026-01-20,4.74
38920725,202603,2,2026-01-20,4.15
46654053,202601,24,2026-01-20,2.78
1052638417,202602,20,2026-01-20,2.89
1016029302,202601,40,2026-01-20,2.75
79193240,202601,50,2026-01-20,3.96
52645615,202602,11,2026-01-20,0.87
85816939,202603,23,2026-01-20,1.31
1049111825,202602,35,2026-01-20,0.44
1073198077,202601,28,2026-01-20,4.96
1061381983,202602,5,2026-01-20,2.00
1082541961,202601,15,2026-01-20,2.75
78383157,202603,30,2026-01-20,0.37
1054597235,202601,37,2026-01-20,2.32
87705710,202601,45,2026-01-20,2.14
64017154,202602,27,2026-01-20,1.58
30468493,202603,23,2026-01-20,4.07
34119738,202601,17,2026-01-20,0.48
47083516,202603,36,2026-01-20,1.80
84984556,202601,31,2026-01-20,1.58
73918384,202601,42,2026-01-20,4.00
69548947,202601,42,2026-01-20,1.35
1086457002,202603,42,2026-01-20,1.86
46460549,202601,26,2026-01-20,0.32
1008036342,202602,33,2026-01-20,2.46
97415215,202603,2,2026-01-20,4.65
1070418521,202602,27,2026-01-20,4.92
92037653,202603,27,2026-01-20,2.35
30670412,202601,19,2026-01-20,2.23
1058423682,202602,4,2026-01-20,1.51
50201838,202603,47,2026-01-20,0.24
31313386,202603,11,2026-01-20,0.76
1057372629,202603,36,2026-01-20,0.73
1065071550,202602,50,2026-01-20,1.09
1085489099,202601,47,2026-01-20,1.82
1051543008,202602,20,2026-01-20,2.78
1031144606,202601,14,2026-01-20,4.91
1075367160,202603,49,2026-01-20,3.28
1091017052,202601,7,2026-01-20,1.66
61321972,202602,14,2026-01-20,3.91
1073290315,202601,45,2026-01-20,1.07
1004848577,202603,36,2026-01-20,0.83
1066578975,202603,2,2026-01-20,1.12
1078595378,202601,26,2026-01-20,3.09
1008036342,202602,30,2026-01-20,1.39
88624626,202602,34,2026-01-20,3.59
93523443,202601,49,2026-01-20,2.76
60766498,202603,22,2026-01-20,1.15
1055433595,202602,38,2026-01-20,2.59
39707763,202602,44,2026-01-20,0.43
1095703108,202601,42,2026-01-20,3.70
1037213586,202603,30,2026-01-20,4.16
1054006050,202603,36,2026-01-20,3.25
1060124746,202602,31,2026-01-20,0.77
1086347620,202603,39,2026-01-20,2.65
45466865,202601,26,2026-01-20,3.91
43394296,202602,12,2026-01-20,2.75
1038470091,202602,37,2026-01-20,3.82
1006864357,202601,16,2026-01-20,4.17
1003803393,202601,45,2026-01-20,4.57
52858391,202602,11,2026-01-20,0.71
94715471,202603,8,2026-01-20,5.00
81058060,202603,8,2026-01-20,4.76
68368834,202601,45,2026-01-20,0.24
1054283750,202602,23,2026-01-20,2.43
48601507,202603,1,2026-01-20,0.11
1051974481,202603,25,2026-01-20,1.74
1038473469,202601,27,2026-01-20,4.97
1025230429,202603,19,2026-01-20,1.85
90367102,202603,38,2026-01-20,4.22
56780399,202602,43,2026-01-20,2.19
32335786,202601,15,2026-01-20,2.50
81309137,202603,40,2026-01-20,4.85
84977131,202602,28,2026-01-20,3.28
98309654,202603,18,2026-01-20,0.44
83055211,202603,19,2026-01-20,4.73
1010925452,202601,32,2026-01-20,1.97
42090061,202602,17,2026-01-20,3.08
1098915116,202603,41,2026-01-20,3.63
1015934812,202602,28,2026-01-20,3.69
96449670,202602,29,2026-01-20,0.96
1054635619,202602,49,2026-01-20,0.97
1073266851,202603,19,2026-01-20,1.56
82603561,202602,22,2026-01-20,3.54
1026762399,202601,14,2026-01-20,0.58
1003613877,202603,26,2026-01-20,2.35
61357850,202603,13,2026-01-20,2.78
62291111,202602,40,2026-01-20,4.87
37300017,202602,39,2026-01-20,3.72
1076822960,202603,14,2026-01-20,0.12
40335502,202602,34,2026-01-20,4.35
1092119995,202603,19,2026-01-20,0.71
89619193,202601,6,2026-01-20,1.32
43675319,202603,42,2026-01-20,3.44
96498665,202601,39,2026-01-20,1.18
89389413,202601,36,2026-01-20,3.88
51351876,202602,12,2026-01-20,1.79
1081709001,202602,50,2026-01-20,1.06
56029402,202601,19,2026-01-20,1.89
91013727,202601,25,2026-01-20,3.39
1036845648,202601,38,2026-01-20,0.65
49572319,202602,16,2026-01-20,2.96
1044642607,202601,43,2026-01-20,4.00
54122670,202602,46,2026-01-20,4.57
1046931720,202602,4,2026-01-20,2.72
85592705,202602,3,2026-01-20,3.30
1048002473,202602,44,2026-01-20,4.35
62510204,202602,4,2026-01-20,3.47
1025520303,202603,28,2026-01-20,3.33
46344567,202602,45,2026-01-20,1.51
1084116025,202603,13,2026-01-20,1.74
50373844,202603,26,2026-01-20,2.41
1048547187,202601,29,2026-01-20,1.14
75504325,202602,4,2026-01-20,4.78
1001972921,202603,3,2026-01-20,3.87
37374460,202601,5,2026-01-20,1.59
1011289573,202601,7,2026-01-20,0.94
1035416071,202602,21,2026-01-20,4.55
86783254,202602,45,2026-01-20,1.68
1091211272,202601,41,2026-01-20,2.53
1081843044,202601,17,2026-01-20,4.33
1046890645,202601,28,2026-01-20,0.39
89992101,202602,32,2026-01-20,0.16
43483634,202601,2,2026-01-20,2.47
1024608446,202602,32,2026-01-20,3.09
40097276,202603,30,2026-01-20,1.23
39194684,202601,2,2026-01-20,0.47
1083909848,202603,31,2026-01-20,4.97
57397261,202601,5,2026-01-20,0.39
49532258,202603,33,2026-01-20,0.42
1045273800,202602,16,2026-01-20,1.69
1034055399,202602,5,2026-01-20,2.16
1009041127,202603,34,2026-01-20,2.86
67278608,202601,15,2026-01-20,2.07
37967616,202602,2,2026-01-20,4.30
36749563,202602,6,2026-01-20,0.16
1068234835,202602,11,2026-01-20,4.67
38394009,202602,29,2026-01-20,0.31
1097284635,202601,50,2026-01-20,4.20
35175724,202601,5,2026-01-20,4.38
1079308768,202602,44,2026-01-20,0.86
70946599,202602,47,2026-01-20,4.72
57690132,202602,24,2026-01-20,2.82
1095703108,202603,38,2026-01-20,0.99
95920333,202603,45,2026-01-20,2.54
1098915116,202603,45,2026-01-20,4.12
1067631203,202603,42,2026-01-20,0.87
1076201466,202601,32,2026-01-20,0.37
79770013,202602,48,2026-01-20,3.49
82603561,202603,40,2026-01-20,2.52
1031868076,202601,6,2026-01-20,2.69
63098094,202601,35,2026-01-20,3.67
93705014,202602,50,2026-01-20,4.24
77975245,202602,6,2026-01-20,0.85
1021688299,202602,4,2026-01-20,2.88
42821137,202603,48,2026-01-20,1.87
1039385847,202601,22,2026-01-20,4.18
1031917009,202603,43,2026-01-20,3.43
1048254071,202603,22,2026-01-20,2.18
1058732174,202601,18,2026-01-20,2.41
42559158,202603,27,2026-01-20,3.49
1097178454,202601,15,2026-01-20,0.80
37354048,202603,41,2026-01-20,1.17
1038473469,202602,12,2026-01-20,3.84
1081657941,202601,15,2026-01-20,0.61
58994005,202601,28,2026-01-20,2.31
1096451524,202603,20,2026-01-20,2.79
1092099004,202603,9,2026-01-20,4.90
1070237496,202602,2,2026-01-20,1.73
78263689,202602,28,2026-01-20,4.31
99740279,202602,11,2026-01-20,4.93
76223261,202603,18,2026-01-20,4.25
79227186,202602,24,2026-01-20,4.54
1083909848,202602,29,2026-01-20,1.55
1042415187,202601,21,2026-01-20,0.35
86827045,202602,8,2026-01-20,2.43
1040491430,202603,16,2026-01-20,0.90
73183706,202602,28,2026-01-20,0.73
92396331,202603,1,2026-01-20,1.40
35443820,202603,39,2026-01-20,3.54
32863847,202603,26,2026-01-20,2.68
1044577662,202603,14,2026-01-20,3.81
1040187595,202603,33,2026-01-20,3.00
95609088,202602,47,2026-01-20,2.60
70580850,202601,50,2026-01-20,0.50
75670673,202602,41,2026-01-20,2.92
1046890645,202603,40,2026-01-20,1.96
1022135825,202603,25,2026-01-20,0.59
46765905,202603,28,2026-01-20,4.87
1087786041,202601,16,2026-01-20,2.03
1004492918,202603,39,2026-01-20,2.77
61142208,202603,25,2026-01-20,2.97
58518142,202602,30,2026-01-20,4.80
1002906642,202603,17,2026-01-20,3.02
41906079,202603,13,2026-01-20,1.90
71664164,202601,13,2026-01-20,3.31
1019405648,202601,18,2026-01-20,3.86
91058579,202603,8,2026-01-20,1.30
98261504,202601,11,2026-01-20,3.83
98565600,202603,29,2026-01-20,2.21
33174027,202601,32,2026-01-20,2.81
78659497,202602,14,2026-01-20,3.95
47030622,202602,48,2026-01-20,3.56
1016697844,202602,24,2026-01-20,3.88
92581414,202603,34,2026-01-20,1.98
51369717,202603,3,2026-01-20,1.73
37967616,202603,33,2026-01-20,4.70
1007343476,202602,33,2026-01-20,4.13
1090546243,202603,33,2026-01-20,3.39
1012013526,202601,26,2026-01-20,4.47
1006464295,202601,19,2026-01-20,1.11
1059831750,202603,35,2026-01-20,0.37
54122670,202602,23,2026-01-20,0.81
61168503,202602,12,2026-01-20,2.00
97819652,202603,5,2026-01-20,3.79
34679212,202601,32,2026-01-20,1.24
1021763469,202603,34,2026-01-20,3.15
41837899,202602,46,2026-01-20,0.16
1017935369,202602,3,2026-01-20,3.21
55742810,202603,22,2026-01-20,1.98
36042779,202603,30,2026-01-20,0.66
1090400128,202601,27,2026-01-20,3.86
98309654,202602,28,2026-01-20,1.95
1069459393,202601,24,2026-01-20,3.50
44304488,202603,16,2026-01-20,4.26
1065754044,202602,35,2026-01-20,0.51
1085246412,202603,17,2026-01-20,3.67
1041900517,202602,35,2026-01-20,3.85
1045273800,202603,18,2026-01-20,4.84
54762361,202603,1,2026-01-20,3.46
41498481,202602,19,2026-01-20,1.91
1019881425,202603,33,2026-01-20,2.00
1040230117,202601,10,2026-01-20,1.55
1064363111,202603,44,2026-01-20,0.25
1055431005,202601,10,2026-01-20,0.94
1083504446,202602,8,2026-01-20,2.29
47569997,202601,31,2026-01-20,4.48
1000012051,202602,7,2026-01-20,3.71
38422839,202601,10,2026-01-20,2.35
97812410,202602,38,2026-01-20,1.07
1046602207,202602,7,2026-01-20,3.09
1047192784,202601,34,2026-01-20,2.18
35464748,202603,2,2026-01-20,4.85
1091043319,202601,7,2026-01-20,4.70
31044264,202601,25,2026-01-20,3.42
92269861,202602,31,2026-01-20,1.53
1001013682,202601,25,2026-01-20,4.03
1064425818,202601,12,2026-01-20,2.04
73857298,202603,24,2026-01-20,2.33
68402892,202602,49,2026-01-20,1.32
1008036342,202601,6,2026-01-20,4.29
50472504,202602,7,2026-01-20,0.64
1042951490,202602,6,2026-01-20,3.58
1071002225,202603,41,2026-01-20,0.87
98601766,202602,20,2026-01-20,4.44
84478795,202601,46,2026-01-20,0.09
44320241,202602,32,2026-01-20,0.17
1047332279,202601,44,2026-01-20,2.12
67816443,202603,21,2026-01-20,1.14
60839818,202601,47,2026-01-20,4.89
1047289672,202603,17,2026-01-20,3.46
1030157293,202602,7,2026-01-20,3.17
1011682107,202601,40,2026-01-20,4.76
31526175,202603,6,2026-01-20,4.21
1032220372,202601,39,2026-01-20,4.82
55665422,202603,30,2026-01-20,1.05
1063328593,202602,25,2026-01-20,2.96
1011082700,202602,30,2026-01-20,3.37
44914939,202603,4,2026-01-20,0.55
32804296,202601,10,2026-01-20,2.53
1041641748,202601,31,2026-01-20,0.24
1097284635,202601,26,2026-01-20,1.12
1080246206,202603,1,2026-01-20,0.61
58598564,202601,37,2026-01-20,1.01
1011204937,202602,3,2026-01-20,2.13
33792355,202603,2,2026-01-20,0.25
32863847,202602,19,2026-01-20,1.37
1052888393,202602,37,2026-01-20,4.84
93523443,202603,20,2026-01-20,2.82
1001013682,202603,32,2026-01-20,3.19
1039102445,202601,2,2026-01-20,4.13
53067488,202603,43,2026-01-20,2.05
1035534580,202602,31,2026-01-20,3.31
1096036269,202602,48,2026-01-20,4.76
64359174,202602,27,2026-01-20,3.11
94084212,202603,38,2026-01-20,4.93
44487394,202603,40,2026-01-20,2.88
77692950,202601,27,2026-01-20,1.96
93162395,202603,5,2026-01-20,4.77
1093689623,202601,33,2026-01-20,3.44
1096197568,202602,35,2026-01-20,1.81
1061231308,202603,1,2026-01-20,2.61
99922283,202603,10,2026-01-20,0.27
89089350,202603,23,2026-01-20,0.79
1038175207,202603,8,2026-01-20,1.07
74097578,202602,30,2026-01-20,1.39
1085592766,202603,4,2026-01-20,3.63
59513844,202603,48,2026-01-20,0.30
99026751,202603,48,2026-01-20,0.32
60429658,202601,19,2026-01-20,2.55
30528867,202601,40,2026-01-20,4.95
63232628,202602,15,2026-01-20,3.38
54222307,202601,26,2026-01-20,4.19
1054597235,202602,3,2026-01-20,0.50
49438162,202603,34,2026-01-20,2.90
1072008856,202602,39,2026-01-20,0.59
57269385,202603,24,2026-01-20,3.47
1070642957,202603,20,2026-01-20,1.06
69767650,202603,4,2026-01-20,0.98
83985115,202602,2,2026-01-20,2.32
1008012232,202602,13,2026-01-20,0.30
60890646,202601,46,2026-01-20,4.96
1064732692,202602,37,2026-01-20,4.10
96077031,202601,11,2026-01-20,1.20
1022458891,202602,15,2026-01-20,3.31
1001411392,202601,42,2026-01-20,3.61
1060708875,202602,17,2026-01-20,0.10
1064166460,202603,25,2026-01-20,1.34
1005929938,202601,32,2026-01-20,1.49
1052398223,202601,14,2026-01-20,2.54
1031223806,202601,40,2026-01-20,4.17
65279946,202601,1,2026-01-20,4.52
72497706,202602,19,2026-01-20,1.85
1000323430,202601,47,2026-01-20,2.13
47444667,202601,42,2026-01-20,1.07
1068339492,202603,17,2026-01-20,4.99
1006464295,202602,45,2026-01-20,1.72
1064732692,202601,27,2026-01-20,4.03
1062432288,202602,29,2026-01-20,4.58
1030157293,202603,7,2026-01-20,3.43
1066416180,202603,13,2026-01-20,3.16
1044349888,202603,25,2026-01-20,4.34
1011518683,202602,44,2026-01-20,4.51
1057497691,202603,35,2026-01-20,2.85
1079500739,202603,13,2026-01-20,3.83
1002569081,202602,21,2026-01-20,0.05
64017154,202603,39,2026-01-20,0.48
1033865029,202602,5,2026-01-20,0.17
1074492944,202601,43,2026-01-20,2.17
1096470457,202601,37,2026-01-20,3.38
1070515317,202601,4,2026-01-20,0.81
52873611,202601,43,2026-01-20,0.03
1069584208,202603,39,2026-01-20,4.75
1050662676,202602,11,2026-01-20,2.75
1098638615,202603,1,2026-01-20,0.13
1002999232,202601,6,2026-01-20,3.31
96365176,202603,3,2026-01-20,0.28
1001281674,202603,12,2026-01-20,3.90
53962388,202602,2,2026-01-20,4.58
59579017,202603,7,2026-01-20,4.71
47310926,202601,13,2026-01-20,0.60
1081443469,202601,25,2026-01-20,1.68
73098678,202603,29,2026-01-20,3.04
45222838,202601,20,2026-01-20,4.63
1085421995,202602,50,2026-01-20,0.33
78906363,202601,28,2026-01-20,4.40
72894975,202603,30,2026-01-20,4.71
1076560650,202602,10,2026-01-20,2.74
1020555187,202603,16,2026-01-20,3.23
65973201,202601,45,2026-01-20,4.23
75504325,202603,15,2026-01-20,4.62
79753693,202601,2,2026-01-20,4.75
39323934,202603,28,2026-01-20,0.24
60636899,202601,48,2026-01-20,1.88
1048608777,202602,10,2026-01-20,3.49
1098413416,202603,43,2026-01-20,0.20
79160768,202602,18,2026-01-20,0.05
1075120994,202602,23,2026-01-20,4.80
1019767679,202602,16,2026-01-20,4.92
1098163197,202602,2,2026-01-20,2.62
1095760428,202602,44,2026-01-20,0.55
1080268185,202603,47,2026-01-20,0.55
1088466980,202601,16,2026-01-20,0.36
85642765,202601,3,2026-01-20,2.23
1032461864,202602,2,2026-01-20,3.34
1052652857,202601,31,2026-01-20,0.64
1000679234,202602,4,2026-01-20,2.45
1064838046,202602,25,2026-01-20,0.47
1079992972,202603,20,2026-01-20,2.77
91106002,202602,49,2026-01-20,1.71
1073290315,202601,4,2026-01-20,4.12
1038473469,202601,47,2026-01-20,3.42
34901693,202601,12,2026-01-20,0.67
1041730889,202603,9,2026-01-20,1.01
88624626,202601,13,2026-01-20,1.00
1020414570,202603,31,2026-01-20,2.42
1066082311,202601,47,2026-01-20,3.00
1007573710,202601,39,2026-01-20,4.03
1013326293,202603,12,2026-01-20,4.74
1084679135,202602,28,2026-01-20,2.32
1024345341,202603,16,2026-01-20,1.40
1069576446,202601,3,2026-01-20,0.39
1024138686,202603,26,2026-01-20,2.89
1088414260,202602,6,2026-01-20,1.38
45466865,202603,1,2026-01-20,3.45
1097516509,202601,34,2026-01-20,1.90
1010913086,202603,3,2026-01-20,1.90
1026999172,202603,16,2026-01-20,4.14
1075514060,202602,49,2026-01-20,0.79
92204419,202601,8,2026-01-20,4.50
94806348,202602,45,2026-01-20,2.80
32378262,202603,6,2026-01-20,4.49
1039057234,202602,31,2026-01-20,0.06
64128269,202603,26,2026-01-20,2.14
90154849,202601,33,2026-01-20,0.28
86043649,202602,28,2026-01-20,2.60
91326360,202601,26,2026-01-20,3.19
43719485,202602,7,2026-01-20,1.80
36905413,202603,21,2026-01-20,2.39
80212972,202603,20,2026-01-20,0.65
1014216798,202602,47,2026-01-20,4.75
1068671111,202601,42,2026-01-20,0.06
1054373038,202601,8,2026-01-20,4.01
37292745,202601,12,2026-01-20,3.29
1069680920,202603,22,2026-01-20,0.19
1009833083,202601,2,2026-01-20,3.15
41181424,202602,16,2026-01-20,3.63
58506081,202602,22,2026-01-20,0.37
37479988,202603,19,2026-01-20,0.20
56905064,202602,45,2026-01-20,3.26
1021763469,202601,38,2026-01-20,4.41
1075802881,202601,15,2026-01-20,0.50
43649098,202603,8,2026-01-20,2.62
1085421995,202601,36,2026-01-20,3.80
38942861,202602,30,2026-01-20,0.94
1047607426,202602,49,2026-01-20,4.23
75104235,202602,10,2026-01-20,2.77
1006246705,202601,37,2026-01-20,3.95
40969337,202601,32,2026-01-20,1.93
1082178263,202603,50,2026-01-20,2.92
39707763,202601,48,2026-01-20,1.95
1064065246,202603,13,2026-01-20,0.31
54224338,202603,3,2026-01-20,0.28
67359161,202603,8,2026-01-20,0.48
1040258541,202602,10,2026-01-20,1.85
48239913,202601,2,2026-01-20,1.72
89376323,202603,42,2026-01-20,0.58
57059330,202601,26,2026-01-20,3.97
1042582021,202601,15,2026-01-20,1.23
93868284,202603,49,2026-01-20,0.98
30931149,202601,29,2026-01-20,2.59
1021237999,202601,48,2026-01-20,1.50
1053819959,202601,37,2026-01-20,4.16
1067468050,202601,9,2026-01-20,3.63
1073290315,202602,47,2026-01-20,4.93
1014016691,202601,16,2026-01-20,1.06
1003952163,202603,46,2026-01-20,1.31
1072113108,202601,20,2026-01-20,1.26
90707229,202602,43,2026-01-20,3.30
43394296,202603,44,2026-01-20,2.56
45341097,202602,22,2026-01-20,0.94
1092007908,202603,23,2026-01-20,2.65
86827045,202601,35,2026-01-20,2.80
1083800935,202601,41,2026-01-20,3.04
72715537,202603,49,2026-01-20,3.52
87725193,202601,31,2026-01-20,1.31
75262049,202603,46,2026-01-20,4.00
83000278,202602,27,2026-01-20,0.13
1031177668,202602,47,2026-01-20,0.66
1093834814,202601,10,2026-01-20,3.93
31161057,202602,41,2026-01-20,2.32
55006550,202602,5,2026-01-20,3.61
1098094214,202602,29,2026-01-20,0.09
1019284930,202602,21,2026-01-20,1.78
1063598820,202602,1,2026-01-20,4.97
1015997290,202602,43,2026-01-20,2.21
1041497086,202602,27,2026-01-20,3.96
64962733,202602,26,2026-01-20,4.93
1086690887,202602,15,2026-01-20,0.31
65030125,202602,8,2026-01-20,0.19
1082436450,202603,38,2026-01-20,0.55
59891189,202601,12,2026-01-20,0.28
54036900,202603,18,2026-01-20,2.02
41837899,202602,48,2026-01-20,2.09
83775743,202602,22,2026-01-20,2.32
1015609202,202601,32,2026-01-20,4.75
61153119,202602,4,2026-01-20,1.40
1081619875,202602,29,2026-01-20,0.53
54467032,202602,40,2026-01-20,0.25
64359174,202602,10,2026-01-20,3.84
1070761861,202601,7,2026-01-20,2.37
59971497,202601,24,2026-01-20,4.17
1018190109,202601,31,2026-01-20,2.58
1006023533,202601,34,2026-01-20,0.16
1087430593,202601,46,2026-01-20,3.12
77975245,202603,47,2026-01-20,0.08
93487466,202602,50,2026-01-20,0.20
66896239,202601,30,2026-01-20,3.48
59741236,202601,29,2026-01-20,4.78
83659731,202602,17,2026-01-20,1.19
1064363111,202603,31,2026-01-20,1.74
64730487,202602,5,2026-01-20,3.44
1009147420,202603,43,2026-01-20,1.77
1061901057,202602,7,2026-01-20,4.04
74039400,202602,18,2026-01-20,2.81
56080424,202602,16,2026-01-20,3.73
1014373714,202603,21,2026-01-20,2.00
41092721,202602,11,2026-01-20,2.73
32755635,202601,34,2026-01-20,0.33
63798600,202601,36,2026-01-20,1.90
1041430202,202603,15,2026-01-20,0.47
58258991,202602,42,2026-01-20,2.81
79548545,202602,45,2026-01-20,4.16
30698623,202601,44,2026-01-20,1.87
47428466,202601,39,2026-01-20,0.75
60537314,202601,23,2026-01-20,4.97
1054426916,202602,24,2026-01-20,2.78
56804370,202602,9,2026-01-20,2.44
92282202,202601,37,2026-01-20,2.22
1057497691,202602,16,2026-01-20,2.97
46719142,202601,19,2026-01-20,2.85
1046980959,202603,4,2026-01-20,1.11
30236291,202601,28,2026-01-20,0.40
1070418521,202602,22,2026-01-20,0.03
59441364,202602,20,2026-01-20,1.25
1094618577,202601,20,2026-01-20,4.68
1082062498,202603,47,2026-01-20,4.25
1029019464,202603,35,2026-01-20,4.93
85592705,202603,41,2026-01-20,2.06
1068164005,202602,41,2026-01-20,4.29
1028847956,202601,38,2026-01-20,3.83
1031932622,202602,21,2026-01-20,0.81
1070237496,202601,33,2026-01-20,4.68
1011684510,202603,50,2026-01-20,0.93
79368106,202602,24,2026-01-20,2.76
1088045613,202601,31,2026-01-20,1.41
71035797,202602,21,2026-01-20,0.76
1074117498,202601,27,2026-01-20,3.30
1015578600,202603,1,2026-01-20,1.15
1040420531,202603,22,2026-01-20,0.70
1097350487,202601,13,2026-01-20,4.99
52645615,202601,3,2026-01-20,3.86
1012903821,202603,10,2026-01-20,0.38
52965370,202603,22,2026-01-20,2.21
51369717,202602,44,2026-01-20,3.68
82228900,202601,34,2026-01-20,1.40
1085913988,202602,44,2026-01-20,3.45
1031998411,202601,12,2026-01-20,0.23
92301592,202602,17,2026-01-20,3.94
54631318,202601,27,2026-01-20,1.93
1094160842,202601,48,2026-01-20,2.61
1044705039,202603,9,2026-01-20,1.20
64128269,202602,37,2026-01-20,3.08
1052735267,202602,8,2026-01-20,2.81
76169277,202601,8,2026-01-20,2.86
1000184696,202601,15,2026-01-20,4.28
72362140,202603,36,2026-01-20,2.58
1053353116,202603,37,2026-01-20,0.03
57833971,202603,43,2026-01-20,1.53
1054635619,202601,4,2026-01-20,1.72
63232628,202602,16,2026-01-20,2.23
63790996,202601,29,2026-01-20,4.33
64478147,202601,40,2026-01-20,4.96
59822375,202601,13,2026-01-20,0.22
1066651045,202603,1,2026-01-20,1.37
1041641748,202602,16,2026-01-20,3.67
79799171,202601,15,2026-01-20,0.07
1079983931,202601,33,2026-01-20,1.45
32874659,202602,29,2026-01-20,0.37
1024382784,202603,35,2026-01-20,0.28
40008755,202602,2,2026-01-20,4.42
1013876318,202601,37,2026-01-20,0.87
1094029895,202603,46,2026-01-20,2.40
65711867,202603,1,2026-01-20,1.88
59755790,202601,46,2026-01-20,1.68
53824682,202603,6,2026-01-20,4.24
1095346269,202601,19,2026-01-20,4.23
63758678,202602,31,2026-01-20,1.72
63790996,202603,1,2026-01-20,1.52
1072267196,202602,4,2026-01-20,2.91
80021352,202602,26,2026-01-20,0.42
1096416754,202601,18,2026-01-20,3.99
1045587213,202603,44,2026-01-20,2.44
30613275,202602,30,2026-01-20,4.00
53376426,202602,47,2026-01-20,0.92
1058090666,202603,32,2026-01-20,1.51
1000515916,202602,40,2026-01-20,3.02
65087609,202602,40,2026-01-20,1.55
1013645144,202603,1,2026-01-20,1.94
1061938383,202603,25,2026-01-20,4.80
74145190,202603,41,2026-01-20,4.11
64962733,202603,20,2026-01-20,1.56
90703282,202602,9,2026-01-20,2.77
1019001628,202603,11,2026-01-20,2.29
47428466,202601,22,2026-01-20,1.57
71697638,202602,12,2026-01-20,3.57
1074052982,202603,36,2026-01-20,4.20
1034201337,202601,42,2026-01-20,2.64
35131374,202601,50,2026-01-20,3.31
1038637506,202602,47,2026-01-20,0.35
58258991,202602,3,2026-01-20,4.19
1089303445,202601,30,2026-01-20,3.35
86827045,202602,34,2026-01-20,2.27
37455678,202601,47,2026-01-20,3.95
65790509,202601,44,2026-01-20,0.67
1011223904,202603,49,2026-01-20,2.78
1055926924,202601,47,2026-01-20,4.40
34816427,202602,1,2026-01-20,1.28
1057109781,202601,38,2026-01-20,2.21
1014023220,202603,3,2026-01-20,2.81
1064332250,202601,46,2026-01-20,2.85
1065527857,202602,48,2026-01-20,3.21
47657401,202601,27,2026-01-20,2.02
79668873,202601,44,2026-01-20,4.09
1046127911,202602,48,2026-01-20,2.64
67458037,202601,29,2026-01-20,4.29
1074679918,202603,29,2026-01-20,0.59
88762767,202601,30,2026-01-20,2.54
1058382121,202603,16,2026-01-20,4.99
71932043,202603,8,2026-01-20,3.34
31097076,202602,20,2026-01-20,4.27
95300092,202601,14,2026-01-20,4.42
34488113,202601,3,2026-01-20,4.59
1035969383,202601,39,2026-01-20,0.82
83316610,202603,21,2026-01-20,1.48
33750280,202601,17,2026-01-20,2.92
89440828,202603,13,2026-01-20,4.83
87454094,202603,6,2026-01-20,3.80
92396331,202601,40,2026-01-20,1.26
84973486,202601,24,2026-01-20,1.06
1046191452,202603,49,2026-01-20,2.34
96200203,202602,41,2026-01-20,3.23
94251385,202602,2,2026-01-20,1.60
1051974481,202601,19,2026-01-20,1.98
83405752,202601,24,2026-01-20,2.22
35443820,202603,30,2026-01-20,2.20
1089625942,202601,38,2026-01-20,4.51
97815413,202602,21,2026-01-20,4.65
1098307039,202603,41,2026-01-20,4.86
1038473469,202601,3,2026-01-20,2.13
97489250,202603,34,2026-01-20,4.64
1057606690,202602,7,2026-01-20,1.59
99296251,202603,47,2026-01-20,0.98
1084679135,202602,32,2026-01-20,4.11
1079640711,202602,44,2026-01-20,2.00
1083556357,202602,43,2026-01-20,0.81
1054426916,202602,1,2026-01-20,1.66
1045089268,202602,43,2026-01-20,3.36
1027365641,202602,47,2026-01-20,1.60
1086269497,202601,1,2026-01-20,1.49
1035128832,202601,45,2026-01-20,0.67
1088414260,202601,20,2026-01-20,4.06
69737231,202601,28,2026-01-20,4.66
63563348,202601,43,2026-01-20,1.49
1038096136,202603,13,2026-01-20,3.70
1031481835,202603,28,2026-01-20,1.19
65921144,202603,34,2026-01-20,1.37
46339111,202602,18,2026-01-20,0.28
90431507,202603,8,2026-01-20,3.86
1049565194,202603,50,2026-01-20,4.03
1041730889,202603,17,2026-01-20,3.66
1011223904,202603,10,2026-01-20,1.54
1095346269,202601,41,2026-01-20,3.75
1048820854,202601,1,2026-01-20,2.26
44275067,202602,44,2026-01-20,1.84
33567434,202602,50,2026-01-20,0.80
1004501244,202601,3,2026-01-20,3.89
1031144606,202601,13,2026-01-20,4.27
95365536,202602,21,2026-01-20,2.45
31160582,202601,26,2026-01-20,2.77
1028869828,202603,29,2026-01-20,1.01
1020885890,202602,18,2026-01-20,4.71
67057033,202601,38,2026-01-20,2.50
1080213500,202602,15,2026-01-20,3.22
1078595378,202602,18,2026-01-20,0.43
1032562339,202603,26,2026-01-20,2.82
80699602,202602,42,2026-01-20,2.55
1059863994,202602,42,2026-01-20,2.06
1018293032,202603,48,2026-01-20,3.93
69705384,202602,34,2026-01-20,3.86
1031554860,202603,22,2026-01-20,4.97
92301592,202601,21,2026-01-20,3.43
1013003173,202602,1,2026-01-20,4.52
85009765,202601,7,2026-01-20,1.26
1024830205,202601,6,2026-01-20,0.56
50201838,202602,43,2026-01-20,1.61
1010034120,202603,33,2026-01-20,0.83
1092099590,202601,1,2026-01-20,0.47
1041777743,202601,29,2026-01-20,3.53
1059024065,202601,11,2026-01-20,4.71
1093834814,202601,13,2026-01-20,3.36
49912182,202602,19,2026-01-20,3.27
44482005,202602,27,2026-01-20,1.16
64962733,202602,3,2026-01-20,4.25
76246987,202602,24,2026-01-20,1.04
1093399997,202603,7,2026-01-20,1.16
46344567,202603,31,2026-01-20,2.12
1096160494,202602,17,2026-01-20,4.94
1022458891,202602,31,2026-01-20,2.74
1040120983,202603,19,2026-01-20,2.99
1076639649,202601,46,2026-01-20,3.93
1059024065,202603,21,2026-01-20,0.38
1018651579,202603,3,2026-01-20,4.73
33238292,202603,45,2026-01-20,2.97
74701667,202602,28,2026-01-20,1.04
1005865166,202601,43,2026-01-20,1.62
64047524,202603,44,2026-01-20,1.34
65919762,202602,48,2026-01-20,1.72
68245468,202601,3,2026-01-20,3.40
1090625155,202603,21,2026-01-20,0.44
1098819632,202601,31,2026-01-20,0.07
43113754,202602,17,2026-01-20,4.56
37292745,202601,41,2026-01-20,2.78
39625239,202601,12,2026-01-20,1.97
1010077500,202603,37,2026-01-20,4.57
63232628,202603,19,2026-01-20,2.65
1067061193,202602,17,2026-01-20,0.39
36522127,202601,46,2026-01-20,1.15
79525969,202601,1,2026-01-20,4.03
73761880,202603,1,2026-01-20,2.56
63205921,202602,29,2026-01-20,4.55
97395092,202601,44,2026-01-20,4.05
84581832,202603,14,2026-01-20,3.16
1071720458,202603,11,2026-01-20,1.32
1066651045,202603,22,2026-01-20,4.86
1055433595,202601,16,2026-01-20,1.31
1017213293,202603,9,2026-01-20,1.00
75175900,202601,3,2026-01-20,0.71
49795450,202603,12,2026-01-20,0.14
86530411,202601,3,2026-01-20,4.92
84147853,202603,20,2026-01-20,3.94
36905413,202603,14,2026-01-20,2.87
88562685,202603,15,2026-01-20,4.24
83356329,202602,9,2026-01-20,1.02
1079611318,202602,44,2026-01-20,4.48
75175900,202602,40,2026-01-20,3.76
65490617,202601,5,2026-01-20,0.71
97279574,202603,13,2026-01-20,2.68
92380611,202602,1,2026-01-20,2.49
41906079,202601,39,2026-01-20,4.16
69155895,202603,25,2026-01-20,3.75
94084212,202603,36,2026-01-20,1.89
57059330,202603,2,2026-01-20,4.52
1029983218,202603,17,2026-01-20,3.45
67562681,202601,49,2026-01-20,1.00
1011966095,202601,29,2026-01-20,4.78
1010260497,202601,6,2026-01-20,4.77
30964416,202602,26,2026-01-20,3.49
1082062498,202601,26,2026-01-20,3.50
65919762,202603,2,2026-01-20,0.76
1036669627,202602,39,2026-01-20,4.57
1004492918,202601,12,2026-01-20,0.64
1011082700,202601,43,2026-01-20,1.06
1048820854,202601,31,2026-01-20,2.02
1004862355,202602,23,2026-01-20,4.65
76511274,202601,32,2026-01-20,3.09
1019573416,202601,21,2026-01-20,3.46
1002120812,202601,18,2026-01-20,3.54
85103180,202601,19,2026-01-20,1.71
1036757724,202602,14,2026-01-20,2.92
1035528067,202602,14,2026-01-20,2.07
78284358,202601,10,2026-01-20,4.68
1014028751,202601,48,2026-01-20,0.49
54122670,202602,10,2026-01-20,3.75
79753693,202603,7,2026-01-20,2.81
1032220372,202603,10,2026-01-20,1.96
91776081,202601,6,2026-01-20,1.68
57690132,202601,22,2026-01-20,4.29
1026551422,202601,43,2026-01-20,2.06
1091017052,202603,33,2026-01-20,0.44
67359161,202601,28,2026-01-20,3.03
1096416754,202603,13,2026-01-20,0.77
1041825092,202603,14,2026-01-20,3.93
83519015,202602,42,2026-01-20,1.87
1091873538,202602,42,2026-01-20,2.51
77057322,202602,20,2026-01-20,2.17
63095309,202602,19,2026-01-20,3.15
1093201338,202603,7,2026-01-20,2.51
1057667898,202601,5,2026-01-20,1.75
62654607,202601,48,2026-01-20,2.56
79807561,202603,20,2026-01-20,4.22
40026364,202601,16,2026-01-20,2.17
93162395,202602,33,2026-01-20,1.15
68855730,202602,43,2026-01-20,2.39
1047411760,202601,41,2026-01-20,2.51
1074507356,202601,23,2026-01-20,1.19
61541459,202603,16,2026-01-20,4.85
1063988660,202601,26,2026-01-20,2.36
38920725,202602,37,2026-01-20,1.34
1076702939,202603,25,2026-01-20,0.62
1064363111,202603,41,2026-01-20,3.62
51369717,202603,10,2026-01-20,2.65
1089244806,202603,44,2026-01-20,4.80
69473122,202603,21,2026-01-20,3.73
1084389705,202603,33,2026-01-20,4.73
32370209,202602,3,2026-01-20,3.55
1016077382,202603,20,2026-01-20,0.63
47444667,202601,41,2026-01-20,2.18
1060341775,202601,4,2026-01-20,0.47
1070069733,202602,18,2026-01-20,3.97
48770617,202602,5,2026-01-20,2.00
69705384,202601,38,2026-01-20,2.49
43649098,202602,32,2026-01-20,1.81
60122446,202602,32,2026-01-20,4.06
71431138,202601,39,2026-01-20,2.19
1058469078,202601,47,2026-01-20,0.68
43961475,202601,46,2026-01-20,3.28
62466106,202601,24,2026-01-20,0.44
73208542,202603,49,2026-01-20,3.72
1066651045,202601,49,2026-01-20,4.37
35872771,202602,29,2026-01-20,0.79
70019013,202601,13,2026-01-20,4.06
1026817029,202603,48,2026-01-20,4.54
1035282235,202603,19,2026-01-20,2.88
1018277699,202603,25,2026-01-20,0.92
1018604773,202602,29,2026-01-20,1.73
76212741,202602,22,2026-01-20,0.31
74998489,202602,45,2026-01-20,1.98
1054060095,202603,18,2026-01-20,1.18
33155290,202602,46,2026-01-20,3.59
63758678,202601,46,2026-01-20,2.78
1006676900,202603,49,2026-01-20,1.37
35872771,202601,49,2026-01-20,1.93
1020299978,202602,2,2026-01-20,0.35
51369717,202602,32,2026-01-20,0.86
36290263,202603,26,2026-01-20,4.00
42638488,202603,41,2026-01-20,2.21
1024249633,202601,1,2026-01-20,4.90
30754217,202601,41,2026-01-20,1.93
1044578290,202601,1,2026-01-20,2.89
51940394,202601,46,2026-01-20,2.58
67210609,202602,11,2026-01-20,4.70
84464699,202601,34,2026-01-20,2.40
52979880,202603,20,2026-01-20,2.04
1033618950,202603,31,2026-01-20,4.64
52577495,202602,32,2026-01-20,1.67
1063787846,202601,41,2026-01-20,4.68
1010470165,202601,21,2026-01-20,4.98
1097747763,202603,9,2026-01-20,1.15
1071720458,202603,48,2026-01-20,3.00
99913874,202603,22,2026-01-20,2.22
72849707,202603,4,2026-01-20,3.34
1014443871,202601,11,2026-01-20,0.18
66802730,202602,46,2026-01-20,2.44
1055970216,202602,29,2026-01-20,3.45
1078372329,202603,45,2026-01-20,1.31
41497798,202603,30,2026-01-20,1.94
1036788242,202601,44,2026-01-20,2.33
83190501,202603,6,2026-01-20,3.38
59809371,202603,9,2026-01-20,2.24
83190501,202602,8,2026-01-20,4.65
48457124,202602,35,2026-01-20,2.91
43483634,202602,29,2026-01-20,0.52
1068804394,202603,7,2026-01-20,2.50
1055053246,202601,7,2026-01-20,3.02
1042441590,202601,47,2026-01-20,1.17
94611607,202601,23,2026-01-20,2.85
50577171,202602,39,2026-01-20,2.25
1018487631,202603,33,2026-01-20,0.46
1066579240,202601,45,2026-01-20,1.26
1023639213,202603,46,2026-01-20,3.09
78659497,202602,46,2026-01-20,2.33
1058643809,202603,49,2026-01-20,0.39
1031932622,202601,26,2026-01-20,3.56
1014660453,202603,49,2026-01-20,0.40
49035236,202601,37,2026-01-20,4.99
55054368,202603,6,2026-01-20,4.18
1095255522,202602,25,2026-01-20,0.49
73261056,202603,9,2026-01-20,1.90
52105900,202602,22,2026-01-20,2.10
62510204,202602,33,2026-01-20,0.02
1032220372,202603,29,2026-01-20,3.37
90580198,202602,22,2026-01-20,3.93
79447936,202601,10,2026-01-20,0.88
44733716,202603,5,2026-01-20,2.90
1031177668,202602,7,2026-01-20,1.14
1077969516,202603,31,2026-01-20,3.71
1056052788,202601,31,2026-01-20,3.50
1080213500,202602,4,2026-01-20,2.43
1093201338,202603,41,2026-01-20,2.63
1018487631,202601,24,2026-01-20,3.89
1074400019,202602,25,2026-01-20,2.92
1070515317,202601,23,2026-01-20,1.14
60766498,202602,24,2026-01-20,0.71
94611607,202603,14,2026-01-20,3.26
33155290,202602,11,2026-01-20,3.89
89854695,202603,13,2026-01-20,2.54
1000521066,202601,12,2026-01-20,2.66
1019325224,202602,34,2026-01-20,3.45
96765015,202601,7,2026-01-20,4.05
1001216343,202601,8,2026-01-20,4.13
1061592370,202602,1,2026-01-20,2.29
37354048,202602,42,2026-01-20,2.39
1046933273,202602,33,2026-01-20,1.38
1085291083,202602,4,2026-01-20,2.05
34014568,202601,30,2026-01-20,0.87
1027170642,202603,19,2026-01-20,2.06
98958958,202602,20,2026-01-20,0.61
95029802,202601,39,2026-01-20,0.06
52690425,202602,37,2026-01-20,4.96
42372493,202601,48,2026-01-20,3.59
1063075625,202602,4,2026-01-20,2.28
1073237163,202601,24,2026-01-20,2.12
1097178454,202602,46,2026-01-20,0.42
45310943,202601,25,2026-01-20,4.76
1092406382,202602,13,2026-01-20,4.47
78906363,202602,18,2026-01-20,3.71
54467032,202603,9,2026-01-20,3.47
1019573416,202601,30,2026-01-20,0.66
85171187,202603,37,2026-01-20,3.51
31872850,202603,20,2026-01-20,3.65
85816939,202603,15,2026-01-20,0.43
56078773,202602,16,2026-01-20,4.76
54278818,202602,41,2026-01-20,1.21
59684336,202603,1,2026-01-20,4.08
1039526962,202603,36,2026-01-20,4.56
1065321424,202602,23,2026-01-20,3.93
1065222609,202601,14,2026-01-20,2.24
86043649,202602,17,2026-01-20,2.80
1017634933,202601,25,2026-01-20,4.14
33238292,202602,5,2026-01-20,1.91
1000116824,202602,20,2026-01-20,1.93
48052984,202603,40,2026-01-20,3.34
30994944,202602,25,2026-01-20,2.62
88578950,202603,42,2026-01-20,2.52
73010775,202602,14,2026-01-20,0.46
1043553699,202603,37,2026-01-20,4.11
1096882349,202602,42,2026-01-20,2.62
1039529310,202601,19,2026-01-20,4.39
44548864,202602,7,2026-01-20,1.22
1064332250,202601,16,2026-01-20,4.82
34184458,202603,17,2026-01-20,2.00
36290263,202602,6,2026-01-20,1.13
77021295,202601,34,2026-01-20,1.93
1045338374,202603,36,2026-01-20,3.86
1066416180,202603,45,2026-01-20,1.37
1056122941,202601,11,2026-01-20,1.22
60705170,202602,32,2026-01-20,3.67
1016077382,202601,20,2026-01-20,2.33
1050662676,202601,8,2026-01-20,3.91
1016898250,202602,15,2026-01-20,3.95
44955754,202601,8,2026-01-20,1.05
42598546,202603,29,2026-01-20,2.52
59684336,202603,29,2026-01-20,3.11
1064990394,202602,19,2026-01-20,1.53
1057372629,202602,20,2026-01-20,3.48
1038175207,202603,42,2026-01-20,3.32
56078773,202601,28,2026-01-20,2.86
91586772,202603,10,2026-01-20,1.52
30782048,202601,27,2026-01-20,3.64
1054074612,202601,24,2026-01-20,3.15
38820929,202603,21,2026-01-20,4.79
1082752709,202602,31,2026-01-20,0.23
1073237163,202603,17,2026-01-20,0.12
1048132678,202603,7,2026-01-20,2.64
1076291251,202602,35,2026-01-20,4.38
1081333337,202603,13,2026-01-20,2.98
1001411392,202602,17,2026-01-20,2.43
1032099762,202601,27,2026-01-20,3.43
1036256627,202603,8,2026-01-20,4.56
80942083,202602,2,2026-01-20,3.58
50338562,202603,49,2026-01-20,2.89
98932982,202603,16,2026-01-20,2.94
1038942437,202603,16,2026-01-20,2.58
70580850,202601,6,2026-01-20,0.52
1093834814,202603,29,2026-01-20,2.28
87393845,202601,44,2026-01-20,3.09
34211040,202601,46,2026-01-20,2.35
1011082700,202602,8,2026-01-20,0.38
61321972,202602,13,2026-01-20,1.03
49319271,202601,29,2026-01-20,3.59
1078372329,202602,40,2026-01-20,1.39
43430711,202603,44,2026-01-20,2.00
78263689,202601,37,2026-01-20,1.23
1096819001,202603,33,2026-01-20,2.16
72082182,202603,27,2026-01-20,3.25
1050722759,202602,11,2026-01-20,2.56
1067099212,202601,24,2026-01-20,2.97
33750280,202603,7,2026-01-20,3.46
1047411760,202602,50,2026-01-20,2.83
43394296,202601,17,2026-01-20,0.58
73010775,202603,5,2026-01-20,4.38
32043948,202601,31,2026-01-20,1.85
1044218719,202603,37,2026-01-20,1.99
42323166,202602,31,2026-01-20,2.92
1039743604,202601,20,2026-01-20,3.68
43061488,202602,13,2026-01-20,0.18
57243297,202601,8,2026-01-20,1.10
72863382,202603,33,2026-01-20,2.04
1044175163,202603,34,2026-01-20,3.18
75172755,202602,23,2026-01-20,4.97
1016310381,202601,26,2026-01-20,4.55
33865679,202601,48,2026-01-20,3.94
1040810953,202603,7,2026-01-20,0.48
1051150626,202601,17,2026-01-20,3.03
1048699276,202603,9,2026-01-20,0.79
70991318,202603,39,2026-01-20,3.62
71034085,202602,33,2026-01-20,1.10
1000323430,202602,2,2026-01-20,1.51
38942861,202603,27,2026-01-20,3.00
1068339492,202602,42,2026-01-20,0.45
1081615727,202602,1,2026-01-20,4.03
33238292,202603,12,2026-01-20,0.94
90398238,202603,32,2026-01-20,2.10
1017997122,202601,31,2026-01-20,1.45
1005600775,202602,40,2026-01-20,3.35
1062494705,202601,4,2026-01-20,2.85
1046191452,202603,5,2026-01-20,4.29
1008275999,202602,9,2026-01-20,2.31
32715285,202602,19,2026-01-20,2.09
1094230091,202601,19,2026-01-20,4.99
55805499,202603,49,2026-01-20,4.33
1012888963,202601,49,2026-01-20,3.62
52975127,202602,9,2026-01-20,3.83
1057372629,202602,18,2026-01-20,3.44
1068804394,202603,26,2026-01-20,2.30
40008755,202603,16,2026-01-20,2.64
41498481,202603,19,2026-01-20,2.35
46141742,202602,39,2026-01-20,0.52
1074400019,202603,37,2026-01-20,2.75
1054824172,202602,30,2026-01-20,4.27
1046933273,202602,27,2026-01-20,4.48
1069503038,202601,18,2026-01-20,4.97
1000313422,202602,9,2026-01-20,3.42
40404723,202603,37,2026-01-20,0.22
68328569,202602,20,2026-01-20,1.64
1043299573,202603,27,2026-01-20,2.71
1066578975,202602,46,2026-01-20,2.02
1016932698,202603,12,2026-01-20,0.53
75437280,202603,31,2026-01-20,2.37
1066333102,202603,31,2026-01-20,2.79
70641925,202602,31,2026-01-20,2.06
86712566,202601,19,2026-01-20,0.24
54962751,202603,33,2026-01-20,1.22
50373844,202603,27,2026-01-20,1.08
1004019056,202603,33,2026-01-20,2.48
73107866,202601,45,2026-01-20,1.35
1027506774,202601,2,2026-01-20,0.04
1037304675,202601,49,2026-01-20,2.34
1065321424,202601,3,2026-01-20,3.37
1013368648,202603,27,2026-01-20,4.63
33728782,202602,40,2026-01-20,0.93
39540378,202603,24,2026-01-20,4.18
89746560,202601,23,2026-01-20,4.12
1063328593,202601,28,2026-01-20,0.78
42811025,202603,4,2026-01-20,2.84
86432497,202602,18,2026-01-20,3.00
1028063293,202601,45,2026-01-20,1.75
66998942,202603,48,2026-01-20,1.33
50432548,202603,23,2026-01-20,0.13
1012180694,202602,44,2026-01-20,2.53
1028869828,202601,17,2026-01-20,2.47
1015997290,202601,34,2026-01-20,4.88
65279946,202602,49,2026-01-20,4.39
1070630108,202603,28,2026-01-20,0.44
1059266650,202603,6,2026-01-20,4.48
1040453682,202601,39,2026-01-20,2.34
64128269,202603,27,2026-01-20,3.02
67348444,202601,41,2026-01-20,3.95
1052626827,202602,46,2026-01-20,0.66
1087927257,202603,13,2026-01-20,2.85
1074052982,202601,38,2026-01-20,3.85
1028640582,202601,45,2026-01-20,0.09
1077153118,202602,21,2026-01-20,3.01
1004848577,202601,39,2026-01-20,1.90
1012180694,202601,31,2026-01-20,1.78
71664164,202602,28,2026-01-20,4.45
59365214,202603,12,2026-01-20,1.27
1003989065,202602,18,2026-01-20,0.36
57059330,202603,44,2026-01-20,0.86
1015997290,202602,21,2026-01-20,4.91
1054426916,202603,18,2026-01-20,2.93
1052535326,202603,4,2026-01-20,3.01
1018431885,202603,21,2026-01-20,2.03
1077969516,202603,34,2026-01-20,2.51
73183706,202601,16,2026-01-20,4.96
85592705,202603,30,2026-01-20,3.15
73761880,202602,10,2026-01-20,1.69
41374424,202603,26,2026-01-20,0.02
63883911,202601,19,2026-01-20,3.45
1068712432,202603,1,2026-01-20,4.47
98942489,202602,17,2026-01-20,2.91
43061488,202602,17,2026-01-20,0.34
39235651,202603,44,2026-01-20,3.26
1015997290,202601,3,2026-01-20,2.85
47030622,202601,23,2026-01-20,1.87
1091627366,202602,18,2026-01-20,2.56
1080268185,202602,21,2026-01-20,1.16
91261433,202602,8,2026-01-20,0.47
52965370,202602,34,2026-01-20,1.82
1077969516,202601,46,2026-01-20,0.10
1048850780,202602,41,2026-01-20,2.96
62654607,202601,14,2026-01-20,3.77
32043948,202602,20,2026-01-20,4.20
1017711667,202602,46,2026-01-20,1.93
1076468188,202602,33,2026-01-20,4.77
1075802881,202602,17,2026-01-20,0.83
1027365641,202601,26,2026-01-20,2.68
99740279,202603,35,2026-01-20,4.89
79193240,202602,2,2026-01-20,2.05
93362860,202603,3,2026-01-20,2.08
38394009,202602,21,2026-01-20,3.61
1020381018,202603,25,2026-01-20,0.23
1004492918,202602,25,2026-01-20,4.39
1070642957,202601,19,2026-01-20,3.11
73199386,202601,44,2026-01-20,1.56
39955273,202602,49,2026-01-20,4.25
62161817,202602,11,2026-01-20,3.73
1086776477,202603,32,2026-01-20,2.77
71508012,202603,46,2026-01-20,0.02
71177170,202601,21,2026-01-20,0.84
52950199,202602,11,2026-01-20,4.36
1082752709,202602,49,2026-01-20,1.17
1048487801,202603,32,2026-01-20,2.99
56633635,202603,25,2026-01-20,4.49
68402892,202603,47,2026-01-20,4.81
66189425,202602,41,2026-01-20,1.07
37916742,202601,46,2026-01-20,1.06
1087119873,202601,26,2026-01-20,4.62
1057832302,202601,46,2026-01-20,3.90
98958958,202602,9,2026-01-20,3.88
44092597,202601,27,2026-01-20,0.74
1033112973,202603,34,2026-01-20,1.95
1069163803,202603,40,2026-01-20,4.39
32755635,202603,5,2026-01-20,0.56
91177456,202603,33,2026-01-20,1.68
1015609202,202602,31,2026-01-20,4.45
98958958,202601,46,2026-01-20,2.23
60613281,202601,35,2026-01-20,1.72
56317319,202603,37,2026-01-20,2.68
1074166810,202603,47,2026-01-20,2.64
1057109781,202601,6,2026-01-20,2.66
1011289573,202601,41,2026-01-20,2.92
73033563,202602,7,2026-01-20,2.31
1039139867,202601,12,2026-01-20,4.24
1026086335,202601,42,2026-01-20,4.89
66001675,202602,18,2026-01-20,0.58
67263675,202601,25,2026-01-20,3.99
1069163803,202602,36,2026-01-20,1.93
1020804309,202603,5,2026-01-20,1.05
1004810160,202602,12,2026-01-20,3.41
74039400,202601,42,2026-01-20,4.74
77436153,202603,35,2026-01-20,3.16
1046223183,202601,32,2026-01-20,4.98
1066368012,202603,18,2026-01-20,2.68
1027523403,202601,33,2026-01-20,4.71
46141742,202602,49,2026-01-20,0.99
1015409932,202602,7,2026-01-20,3.59
75526373,202603,2,2026-01-20,1.76
91334048,202601,28,2026-01-20,0.23
49572319,202603,24,2026-01-20,1.87
1090805711,202603,35,2026-01-20,4.58
1040637362,202602,18,2026-01-20,1.11
1040580651,202602,47,2026-01-20,2.65
64430320,202603,2,2026-01-20,3.76
1036669627,202602,15,2026-01-20,4.68
1096197568,202601,41,2026-01-20,3.27
1094029895,202603,49,2026-01-20,3.96
96449670,202603,28,2026-01-20,1.65
66189425,202603,33,2026-01-20,4.95
73150146,202601,41,2026-01-20,4.64
75310377,202603,27,2026-01-20,3.00
1038829720,202601,15,2026-01-20,2.55
73765362,202603,5,2026-01-20,4.72
1065222609,202603,22,2026-01-20,3.51
1010966782,202603,25,2026-01-20,4.93
32740014,202602,11,2026-01-20,2.43
69548947,202601,33,2026-01-20,2.03
76589706,202603,1,2026-01-20,1.34
68750997,202603,28,2026-01-20,2.10
44320241,202602,5,2026-01-20,2.13
1079611318,202602,2,2026-01-20,2.21
1012258527,202601,28,2026-01-20,4.60
1079676549,202602,41,2026-01-20,3.95
1015960966,202603,6,2026-01-20,4.81
67992873,202603,28,2026-01-20,1.94
1005252896,202601,17,2026-01-20,4.62
39540378,202602,50,2026-01-20,3.82
30613275,202603,9,2026-01-20,2.77
1035416071,202602,24,2026-01-20,2.35
1088090832,202602,47,2026-01-20,2.43
85797946,202603,7,2026-01-20,2.88
1021763469,202603,37,2026-01-20,1.73
1018487631,202601,15,2026-01-20,2.11
1063049748,202602,17,2026-01-20,3.92
52270441,202601,37,2026-01-20,2.03
55648999,202602,31,2026-01-20,0.62
59687758,202603,32,2026-01-20,0.57
1068164005,202602,9,2026-01-20,2.08
90367102,202603,44,2026-01-20,4.32
1014725119,202601,24,2026-01-20,0.59
48708594,202602,35,2026-01-20,1.20
48428936,202602,12,2026-01-20,3.62
1089308375,202601,23,2026-01-20,0.19
77612525,202602,1,2026-01-20,1.33
1046931720,202601,28,2026-01-20,3.33
1030514900,202603,24,2026-01-20,3.37
1085913988,202601,49,2026-01-20,4.31
55798556,202602,48,2026-01-20,3.48
52157550,202603,45,2026-01-20,1.71
44092597,202601,30,2026-01-20,1.10
96365176,202601,48,2026-01-20,4.25
1060204862,202601,14,2026-01-20,2.68
57520706,202601,5,2026-01-20,4.46
53999454,202602,41,2026-01-20,1.92
1095611617,202601,12,2026-01-20,0.56
46141742,202602,47,2026-01-20,3.14
57059330,202603,41,2026-01-20,0.31
60923205,202602,47,2026-01-20,2.54
1074052982,202603,37,2026-01-20,4.50
44092597,202603,14,2026-01-20,1.80
48239913,202601,39,2026-01-20,3.42
86387940,202602,9,2026-01-20,2.09
69786220,202603,4,2026-01-20,2.64
1051038340,202601,2,2026-01-20,1.35
97072496,202602,28,2026-01-20,0.08
68855730,202602,22,2026-01-20,4.73
32715285,202603,16,2026-01-20,2.36
33969978,202603,18,2026-01-20,0.68
1060859696,202602,23,2026-01-20,3.55
1097519225,202602,33,2026-01-20,0.74
41575349,202602,10,2026-01-20,2.41
1088095165,202602,37,2026-01-20,0.79
1078387503,202601,21,2026-01-20,2.95
1038473469,202603,4,2026-01-20,1.51
79447936,202601,28,2026-01-20,3.99
86277062,202601,26,2026-01-20,3.05
34488113,202602,41,2026-01-20,0.42
1014153323,202603,24,2026-01-20,1.88
84810036,202603,4,2026-01-20,1.77
88244411,202602,7,2026-01-20,2.84
36965332,202603,16,2026-01-20,4.14
91261433,202603,38,2026-01-20,0.07
1052574518,202602,27,2026-01-20,2.06
43038620,202602,7,2026-01-20,3.51
1028640582,202603,41,2026-01-20,4.93
1019738001,202602,6,2026-01-20,0.92
75670673,202603,9,2026-01-20,1.35
1011239666,202602,36,2026-01-20,1.68
1084803150,202603,13,2026-01-20,3.93
61541459,202601,4,2026-01-20,4.77
91080826,202603,17,2026-01-20,1.42
1097516509,202602,40,2026-01-20,1.39
1064878325,202603,32,2026-01-20,4.31
92119224,202603,44,2026-01-20,0.25
1033561293,202603,21,2026-01-20,0.65
51160663,202601,38,2026-01-20,3.56
56080424,202602,25,2026-01-20,1.14
1073277636,202602,25,2026-01-20,0.57
48717292,202603,36,2026-01-20,4.95
46727815,202603,40,2026-01-20,4.34
35347200,202602,15,2026-01-20,3.20
1071811292,202601,9,2026-01-20,1.35
1011225454,202602,45,2026-01-20,4.56
1048470404,202603,15,2026-01-20,1.60
1046163341,202603,8,2026-01-20,4.13
62046336,202601,1,2026-01-20,4.80
49963266,202603,25,2026-01-20,2.28
1029047003,202603,4,2026-01-20,2.88
1057606690,202602,38,2026-01-20,0.03
78294652,202603,20,2026-01-20,4.81
1065940008,202602,12,2026-01-20,0.48
1023675089,202603,48,2026-01-20,1.89
44548864,202603,28,2026-01-20,3.60
43649098,202601,3,2026-01-20,0.62
76947526,202603,37,2026-01-20,2.55
91334048,202603,10,2026-01-20,0.05
1084389705,202602,39,2026-01-20,0.41
1081333337,202602,13,2026-01-20,2.19
1013104630,202603,29,2026-01-20,4.45
47033819,202603,41,2026-01-20,1.91
44822078,202602,46,2026-01-20,4.01
80328889,202602,39,2026-01-20,1.96
1026703813,202601,45,2026-01-20,4.03
54014251,202603,1,2026-01-20,4.68
81812105,202603,50,2026-01-20,2.82
78015228,202601,46,2026-01-20,3.74
1030359093,202601,42,2026-01-20,1.67
1062130916,202602,19,2026-01-20,3.23
1081619875,202603,13,2026-01-20,3.14
61616078,202602,3,2026-01-20,0.78
44633610,202603,3,2026-01-20,1.93
35244693,202601,38,2026-01-20,3.31
1059266650,202603,5,2026-01-20,3.67
89280311,202603,18,2026-01-20,1.32
33729364,202601,35,2026-01-20,2.64
74700536,202603,21,2026-01-20,1.87
57047593,202602,15,2026-01-20,3.27
1096197568,202602,7,2026-01-20,1.22
1098413416,202603,48,2026-01-20,3.48
99208187,202601,14,2026-01-20,4.62
1012258527,202603,4,2026-01-20,0.15
1005556646,202603,48,2026-01-20,4.42
1070515317,202603,2,2026-01-20,2.81
58253163,202603,15,2026-01-20,2.40
75628971,202601,1,2026-01-20,1.36
31356488,202603,20,2026-01-20,3.24
97812410,202601,31,2026-01-20,2.69
1084116025,202601,25,2026-01-20,3.82
1022518339,202602,43,2026-01-20,3.47
1017698663,202602,5,2026-01-20,1.94
45122333,202602,27,2026-01-20,3.04
42396474,202602,28,2026-01-20,3.33
97189889,202602,12,2026-01-20,0.88
73001407,202603,18,2026-01-20,3.01
1010253962,202602,19,2026-01-20,2.37
1065278140,202601,29,2026-01-20,4.66
1046960505,202601,23,2026-01-20,4.90
97973695,202601,24,2026-01-20,1.97
56317319,202601,46,2026-01-20,3.72
1080268185,202602,49,2026-01-20,1.28
55479619,202601,41,2026-01-20,2.75
50472504,202601,29,2026-01-20,2.83
78580204,202602,35,2026-01-20,0.72
63232628,202603,44,2026-01-20,1.37
1011030457,202603,34,2026-01-20,2.10
61348750,202602,22,2026-01-20,2.35
74849970,202602,39,2026-01-20,4.68
1027501961,202601,20,2026-01-20,1.37
42800371,202601,12,2026-01-20,2.74
1033153100,202602,6,2026-01-20,2.86
1039007575,202601,28,2026-01-20,0.31
1057152830,202601,25,2026-01-20,1.06
1021054865,202602,42,2026-01-20,4.86
89280311,202601,5,2026-01-20,0.79
1000221029,202601,34,2026-01-20,4.67
1054929496,202603,24,2026-01-20,2.47
46507012,202603,9,2026-01-20,0.96
57761048,202601,29,2026-01-20,2.04
1046212857,202602,34,2026-01-20,2.06
96394944,202603,38,2026-01-20,1.99
57631307,202601,21,2026-01-20,0.19
1098834222,202603,29,2026-01-20,0.64
64648758,202603,27,2026-01-20,2.00
32196132,202601,20,2026-01-20,4.89
49572319,202602,45,2026-01-20,1.98
53053403,202601,41,2026-01-20,2.93
53980260,202603,3,2026-01-20,1.44
1094160842,202602,43,2026-01-20,0.17
1069345928,202603,9,2026-01-20,1.22
73833801,202602,2,2026-01-20,1.08
38093424,202602,1,2026-01-20,1.20
1052726492,202603,37,2026-01-20,2.01
1073587102,202601,46,2026-01-20,3.86
1036726494,202602,15,2026-01-20,0.51
1083454767,202601,33,2026-01-20,1.16
99207236,202602,13,2026-01-20,1.94
94784238,202601,25,2026-01-20,1.02
1079453366,202602,32,2026-01-20,2.46
82826845,202601,16,2026-01-20,4.34
94525935,202603,35,2026-01-20,2.46
31313386,202602,18,2026-01-20,1.32
1044011579,202603,34,2026-01-20,1.92
1071514560,202603,1,2026-01-20,3.79
1091211272,202602,3,2026-01-20,1.02
98634392,202601,50,2026-01-20,1.73
37606743,202603,48,2026-01-20,1.71
1016697844,202603,32,2026-01-20,4.92
80791961,202603,28,2026-01-20,3.77
33046098,202602,8,2026-01-20,1.93
56565356,202601,26,2026-01-20,2.89
53935382,202602,16,2026-01-20,1.19
45341097,202602,30,2026-01-20,0.59
1068715094,202601,32,2026-01-20,2.91
1012903821,202603,8,2026-01-20,2.75
69585647,202601,43,2026-01-20,1.03
65367855,202603,33,2026-01-20,3.67
1024247226,202602,25,2026-01-20,1.04
1032220372,202603,50,2026-01-20,2.21
58518142,202602,43,2026-01-20,3.03
1003824685,202602,48,2026-01-20,4.63
41240743,202601,31,2026-01-20,3.51
36135793,202601,9,2026-01-20,1.21
61773243,202603,12,2026-01-20,0.94
58328778,202602,27,2026-01-20,4.43
76828783,202601,16,2026-01-20,2.21
1005115998,202602,23,2026-01-20,2.00
95829872,202602,38,2026-01-20,0.98
1075029744,202602,13,2026-01-20,1.49
92581414,202601,37,2026-01-20,1.16
1089938929,202602,41,2026-01-20,0.87
1097519225,202601,20,2026-01-20,3.14
54298582,202603,8,2026-01-20,4.46
76460888,202603,15,2026-01-20,0.56
57047593,202601,43,2026-01-20,0.54
85642765,202603,11,2026-01-20,4.73
72843053,202603,28,2026-01-20,0.21
60328166,202602,39,2026-01-20,2.33
52786339,202603,31,2026-01-20,2.68
75670673,202602,7,2026-01-20,0.05
1062443829,202601,4,2026-01-20,1.91
52034969,202601,14,2026-01-20,2.22
68010648,202603,18,2026-01-20,4.88
42323166,202601,37,2026-01-20,0.39
1091881701,202603,7,2026-01-20,2.88
1018277699,202603,33,2026-01-20,4.96
92380611,202603,12,2026-01-20,2.80
1051543008,202602,40,2026-01-20,1.19
1086806384,202601,14,2026-01-20,0.32
1058384124,202601,22,2026-01-20,3.55
73491042,202601,23,2026-01-20,3.68
89280311,202602,20,2026-01-20,1.85
62894079,202603,39,2026-01-20,1.67
1001862108,202602,35,2026-01-20,2.45
1086457002,202603,36,2026-01-20,3.28
32579152,202603,42,2026-01-20,1.39
85592705,202603,7,2026-01-20,1.32
1006464295,202602,11,2026-01-20,3.82
40481160,202603,27,2026-01-20,3.71
55479075,202603,41,2026-01-20,0.37
30931149,202602,15,2026-01-20,3.62
63730029,202603,12,2026-01-20,1.76
30828739,202603,50,2026-01-20,4.16
1054006050,202601,21,2026-01-20,1.68
1056310592,202601,49,2026-01-20,3.64
1091935381,202601,44,2026-01-20,1.67
1071514560,202601,1,2026-01-20,0.82
1018522870,202602,21,2026-01-20,2.80
1024247226,202602,40,2026-01-20,4.85
80328889,202601,8,2026-01-20,2.01
1002635667,202601,30,2026-01-20,0.43
1022603959,202603,4,2026-01-20,3.83
43667868,202601,46,2026-01-20,4.98
1097350487,202602,1,2026-01-20,2.40
1041777743,202602,6,2026-01-20,1.63
1013003173,202602,37,2026-01-20,3.14
1042675764,202603,35,2026-01-20,2.48
1028270250,202602,3,2026-01-20,1.59
86673567,202601,3,2026-01-20,2.84
1080633471,202603,4,2026-01-20,3.78
32357149,202602,12,2026-01-20,2.29
99296251,202603,43,2026-01-20,4.33
1058533255,202601,4,2026-01-20,3.18
1027501961,202602,1,2026-01-20,1.26
84810036,202601,49,2026-01-20,3.72
1068743853,202601,36,2026-01-20,3.93
1086485437,202603,15,2026-01-20,2.83
1014725119,202602,6,2026-01-20,1.02
1095760428,202601,43,2026-01-20,4.02
1096279126,202603,15,2026-01-20,1.66
1020383363,202602,25,2026-01-20,2.76
86543940,202603,1,2026-01-20,4.49
1053787901,202602,13,2026-01-20,1.85
1073198077,202601,11,2026-01-20,3.60
1062904287,202602,7,2026-01-20,0.59
78580204,202603,44,2026-01-20,0.05
33813487,202603,11,2026-01-20,1.19
1021237999,202603,41,2026-01-20,4.85
1048608777,202603,48,2026-01-20,2.32
1079500739,202603,5,2026-01-20,1.21
1047411760,202603,17,2026-01-20,4.18
36462346,202603,35,2026-01-20,1.03
1000679234,202603,24,2026-01-20,3.14
96564448,202603,8,2026-01-20,3.96
93775117,202602,7,2026-01-20,2.92
1058533255,202603,19,2026-01-20,3.86
60693986,202601,36,2026-01-20,4.03
1004810160,202602,34,2026-01-20,0.93
1026980615,202601,7,2026-01-20,2.56
92028629,202603,24,2026-01-20,4.86
1010247391,202603,47,2026-01-20,4.18
71997287,202603,20,2026-01-20,2.91
63878754,202603,24,2026-01-20,4.12
1043627168,202601,22,2026-01-20,4.37
75207350,202601,18,2026-01-20,3.99
1041900517,202603,32,2026-01-20,1.59
57125787,202603,23,2026-01-20,1.36
1035994556,202603,45,2026-01-20,0.64
1046980959,202601,47,2026-01-20,4.56
92877401,202601,3,2026-01-20,0.99
94875060,202603,42,2026-01-20,0.68
45576366,202603,9,2026-01-20,2.79
1028179185,202603,29,2026-01-20,4.98
53137872,202603,10,2026-01-20,2.97
1084004136,202602,20,2026-01-20,0.05
1087824296,202601,41,2026-01-20,1.23
56633635,202601,33,2026-01-20,1.28
41478942,202601,24,2026-01-20,4.50
1077870472,202601,14,2026-01-20,0.01
1087522730,202602,34,2026-01-20,0.39
1035873932,202601,26,2026-01-20,4.94
58981481,202602,16,2026-01-20,1.21
1026817029,202602,32,2026-01-20,1.90
1002030373,202601,45,2026-01-20,4.55
92282202,202603,27,2026-01-20,2.86
1050214758,202603,44,2026-01-20,2.19
95256192,202601,18,2026-01-20,4.48
1069509942,202601,24,2026-01-20,0.82
80942083,202601,1,2026-01-20,3.08
1013645144,202603,11,2026-01-20,0.09
78146793,202603,29,2026-01-20,1.59
64577237,202602,4,2026-01-20,1.02
1019405648,202603,35,2026-01-20,1.06
1070551659,202601,37,2026-01-20,4.69
32774992,202602,7,2026-01-20,3.53
61357850,202602,13,2026-01-20,4.28
1022631926,202603,13,2026-01-20,4.86
50639458,202602,13,2026-01-20,0.69
67279049,202603,32,2026-01-20,1.21
1013130402,202603,7,2026-01-20,0.20
45341097,202603,16,2026-01-20,4.67
1039529310,202602,30,2026-01-20,0.42
1046557197,202603,6,2026-01-20,3.93
1051472219,202602,19,2026-01-20,4.07
58465359,202603,34,2026-01-20,3.21
93543371,202602,12,2026-01-20,3.37
1017698663,202603,44,2026-01-20,0.95
1056122941,202601,46,2026-01-20,0.47
1068712432,202602,33,2026-01-20,0.18
1027358916,202603,49,2026-01-20,0.29
93004933,202603,41,2026-01-20,0.90
96329467,202601,47,2026-01-20,2.81
82940416,202601,3,2026-01-20,3.00
1069584208,202601,27,2026-01-20,2.92
75129376,202602,6,2026-01-20,0.89
65279946,202603,47,2026-01-20,2.33
70654490,202602,13,2026-01-20,1.29
49912182,202601,26,2026-01-20,4.72
1053680053,202601,50,2026-01-20,4.17
76589706,202602,3,2026-01-20,4.72
44275067,202601,8,2026-01-20,0.09
1021196279,202603,13,2026-01-20,2.74
1093191345,202602,48,2026-01-20,0.19
1066266169,202602,29,2026-01-20,2.12
78027814,202603,27,2026-01-20,1.79
1092119995,202602,45,2026-01-20,0.47
67398206,202601,31,2026-01-20,3.70
1032051093,202601,38,2026-01-20,4.52
86945574,202601,26,2026-01-20,4.49
75677984,202603,22,2026-01-20,1.04
1058357856,202601,4,2026-01-20,1.20
1096456716,202603,29,2026-01-20,1.58
1054294619,202601,7,2026-01-20,2.86
1094230091,202602,39,2026-01-20,4.81
43160793,202603,4,2026-01-20,0.17
60537314,202601,11,2026-01-20,3.28
31828295,202601,2,2026-01-20,2.46
1046960505,202603,10,2026-01-20,0.34
67279049,202603,34,2026-01-20,2.82
1074117498,202601,25,2026-01-20,3.70
90573376,202603,44,2026-01-20,4.93
34816427,202601,5,2026-01-20,3.84
63106084,202603,15,2026-01-20,2.44
1023675089,202602,47,2026-01-20,4.08
78146793,202601,16,2026-01-20,2.71
1049836471,202602,39,2026-01-20,3.70
1046933273,202601,48,2026-01-20,1.37
51303560,202602,42,2026-01-20,1.87
90050392,202602,5,2026-01-20,3.06
1015979012,202601,33,2026-01-20,2.51
66970386,202602,31,2026-01-20,1.39
39235651,202601,48,2026-01-20,4.33
92050345,202602,24,2026-01-20,2.60
54222307,202601,39,2026-01-20,0.76
1013361942,202601,43,2026-01-20,0.88
33155290,202603,22,2026-01-20,2.71
1040637362,202603,34,2026-01-20,2.51
43095682,202603,45,2026-01-20,3.88
1036669627,202603,1,2026-01-20,3.07
51181553,202603,28,2026-01-20,3.59
38942861,202602,31,2026-01-20,3.70
69870717,202602,26,2026-01-20,1.35
35722426,202603,40,2026-01-20,3.09
94084212,202603,37,2026-01-20,3.88
71682229,202602,26,2026-01-20,1.42
38806725,202602,6,2026-01-20,0.32
68189015,202601,15,2026-01-20,4.38
1060204862,202602,40,2026-01-20,1.73
1059675877,202602,35,2026-01-20,3.84
1084449619,202601,32,2026-01-20,4.95
1085798794,202602,33,2026-01-20,0.58
1065740989,202601,50,2026-01-20,3.69
1098413416,202601,29,2026-01-20,2.68
1041125235,202602,22,2026-01-20,0.54
1054074612,202601,46,2026-01-20,2.53
60923205,202601,3,2026-01-20,4.81
1031795545,202603,43,2026-01-20,0.67
1033865029,202601,17,2026-01-20,3.87
90550515,202601,42,2026-01-20,2.09
1068296294,202603,38,2026-01-20,2.82
1011518683,202603,16,2026-01-20,4.70
50012713,202602,39,2026-01-20,1.37
1043814033,202603,10,2026-01-20,3.34
39953020,202601,45,2026-01-20,3.70
1045273800,202601,2,2026-01-20,2.72
69548947,202602,8,2026-01-20,2.69
92028629,202602,17,2026-01-20,1.68
52751278,202601,41,2026-01-20,1.52
59883054,202601,3,2026-01-20,1.60
1086485437,202602,45,2026-01-20,0.21
89746560,202602,24,2026-01-20,2.40
69870717,202603,27,2026-01-20,0.88
1027585485,202603,50,2026-01-20,1.61
73701146,202603,31,2026-01-20,1.00
1050294512,202603,14,2026-01-20,1.89
56780399,202603,49,2026-01-20,4.21
80355249,202603,13,2026-01-20,4.31
54298582,202603,44,2026-01-20,1.84
42811025,202601,41,2026-01-20,4.55
1027213465,202601,8,2026-01-20,3.61
1069345928,202601,1,2026-01-20,2.17
81050630,202602,42,2026-01-20,1.49
1067061193,202603,29,2026-01-20,1.75
45636319,202603,6,2026-01-20,4.01
1087927257,202603,27,2026-01-20,3.16
34663424,202602,1,2026-01-20,2.91
46719142,202601,4,2026-01-20,3.82
1008495420,202602,19,2026-01-20,1.35
1085023356,202603,45,2026-01-20,2.21
69920420,202603,14,2026-01-20,3.86
1051974481,202601,11,2026-01-20,0.68
52690425,202601,41,2026-01-20,3.65
70326217,202603,28,2026-01-20,2.79
1038452621,202603,31,2026-01-20,4.03
31621386,202601,44,2026-01-20,0.71
1086485437,202601,33,2026-01-20,1.75
69705384,202603,1,2026-01-20,3.81
88397680,202602,16,2026-01-20,2.48
1080011346,202603,25,2026-01-20,4.13
1098936522,202603,6,2026-01-20,3.33
1010925452,202602,20,2026-01-20,3.00
1084076632,202603,45,2026-01-20,2.56
1071720458,202603,24,2026-01-20,4.57
60592015,202603,37,2026-01-20,4.05
1020381018,202603,5,2026-01-20,1.83
1098738776,202602,9,2026-01-20,3.27
1050260879,202603,5,2026-01-20,4.33
65945448,202601,27,2026-01-20,1.08
97819652,202603,6,2026-01-20,0.69
93004933,202601,7,2026-01-20,2.57
1040956570,202603,20,2026-01-20,3.77
1069459393,202603,31,2026-01-20,3.04
76223261,202602,8,2026-01-20,4.97
1032013020,202601,36,2026-01-20,3.41
1076430980,202602,20,2026-01-20,1.79
33813487,202602,33,2026-01-20,0.40
1030413036,202602,32,2026-01-20,2.35
1098819632,202603,41,2026-01-20,4.91
90573376,202601,23,2026-01-20,0.77
1026732593,202602,40,2026-01-20,0.60
1073198077,202601,12,2026-01-20,1.26
1028634280,202603,16,2026-01-20,3.90
1006023533,202602,36,2026-01-20,1.15
1016932698,202602,18,2026-01-20,0.49
42638488,202602,20,2026-01-20,4.27
1063631276,202603,37,2026-01-20,1.04
42090061,202601,43,2026-01-20,3.45
1034529567,202601,49,2026-01-20,3.46
54641907,202602,25,2026-01-20,3.34
83985115,202601,22,2026-01-20,4.94
73480835,202603,37,2026-01-20,2.05
1084803150,202603,17,2026-01-20,0.07
92816792,202602,19,2026-01-20,3.20
62408844,202602,29,2026-01-20,1.91
1091641011,202602,42,2026-01-20,2.88
96633181,202603,16,2026-01-20,2.13
92892395,202603,32,2026-01-20,4.98
1086457002,202603,38,2026-01-20,4.67
34119738,202602,47,2026-01-20,4.17
75670673,202601,41,2026-01-20,2.49
54641907,202601,42,2026-01-20,3.05
53808479,202603,25,2026-01-20,1.38
1059839706,202601,4,2026-01-20,1.63
84581832,202602,24,2026-01-20,1.48
83088174,202603,45,2026-01-20,3.10
1001513693,202603,31,2026-01-20,2.48
1046235272,202602,47,2026-01-20,0.77
74837010,202601,37,2026-01-20,0.41
64317839,202601,25,2026-01-20,2.25
1084679135,202602,34,2026-01-20,1.48
1007463129,202602,11,2026-01-20,4.45
1060124746,202602,27,2026-01-20,3.36
54631318,202601,21,2026-01-20,2.22
68267024,202603,14,2026-01-20,2.18
1063787846,202603,8,2026-01-20,0.01
89992101,202602,4,2026-01-20,4.96
1089708873,202601,16,2026-01-20,1.63
41240743,202603,29,2026-01-20,3.02
59822375,202601,26,2026-01-20,4.69
89742393,202601,50,2026-01-20,1.00
1037625079,202603,2,2026-01-20,4.84
1085489099,202603,39,2026-01-20,4.42
1090329304,202601,33,2026-01-20,4.18
1064878325,202602,3,2026-01-20,1.16
1002775277,202602,13,2026-01-20,4.57
99096725,202601,15,2026-01-20,3.00
38303255,202601,12,2026-01-20,3.72
87629280,202602,19,2026-01-20,3.61
1081615727,202603,19,2026-01-20,1.00
35872771,202601,33,2026-01-20,3.16
83145569,202601,22,2026-01-20,4.95
1088430064,202602,20,2026-01-20,2.65
1022603959,202603,39,2026-01-20,1.28
80699602,202603,5,2026-01-20,2.64
1077823333,202601,30,2026-01-20,3.07
74837010,202602,44,2026-01-20,1.82
1085421995,202601,18,2026-01-20,4.52
34816427,202603,7,2026-01-20,0.28
88397680,202603,12,2026-01-20,0.13
1074301274,202601,32,2026-01-20,0.98
63455241,202603,5,2026-01-20,3.92
59350382,202603,47,2026-01-20,4.92
1091061607,202601,4,2026-01-20,1.52
1054283750,202603,38,2026-01-20,2.24
30828739,202602,26,2026-01-20,3.41
1040902876,202602,44,2026-01-20,1.15
1089730634,202603,45,2026-01-20,3.87
1088466980,202602,1,2026-01-20,0.99
1001539905,202603,14,2026-01-20,3.02
1026048432,202603,50,2026-01-20,3.63
1002522378,202602,29,2026-01-20,4.06
82158631,202602,30,2026-01-20,4.17
82039205,202603,23,2026-01-20,2.90
90060003,202601,28,2026-01-20,2.83
1068234835,202602,48,2026-01-20,0.01
1048850780,202602,23,2026-01-20,4.59
85592705,202602,13,2026-01-20,2.63
1057406362,202602,6,2026-01-20,1.58
1054283750,202601,47,2026-01-20,0.32
1052230315,202602,36,2026-01-20,1.05
1014462687,202601,38,2026-01-20,3.37
1016607595,202602,32,2026-01-20,3.48
1085326966,202602,17,2026-01-20,0.98
46638345,202603,33,2026-01-20,0.70
40626415,202603,37,2026-01-20,1.63
1027448668,202602,34,2026-01-20,3.44
77692950,202603,26,2026-01-20,2.51
1059675877,202602,15,2026-01-20,1.89
1030221113,202602,19,2026-01-20,0.94
1071720458,202602,47,2026-01-20,3.03
1074070086,202603,10,2026-01-20,3.62
1035528067,202601,20,2026-01-20,4.22
1046980959,202602,35,2026-01-20,4.15
1097284635,202601,18,2026-01-20,1.04
1046223183,202601,21,2026-01-20,2.51
66121763,202601,21,2026-01-20,2.90
43160793,202603,50,2026-01-20,3.48
91013727,202601,5,2026-01-20,1.04
1005284977,202601,10,2026-01-20,2.81
1069029481,202602,4,2026-01-20,2.12
36493251,202601,45,2026-01-20,4.23
1053819959,202601,22,2026-01-20,0.71
1033499696,202602,31,2026-01-20,0.29
35950098,202602,10,2026-01-20,0.87
73183706,202601,21,2026-01-20,3.44
64624630,202601,6,2026-01-20,3.72
1034195954,202602,6,2026-01-20,1.68
1010570046,202602,22,2026-01-20,1.94
71997098,202601,18,2026-01-20,1.02
65711867,202603,19,2026-01-20,4.52
86744391,202602,4,2026-01-20,3.63
32165161,202602,28,2026-01-20,3.79
60705170,202602,2,2026-01-20,4.73
71664164,202603,6,2026-01-20,1.85
1010470165,202601,43,2026-01-20,3.73
1018141766,202602,13,2026-01-20,0.27
1008012232,202601,26,2026-01-20,2.19
1085489099,202602,31,2026-01-20,0.11
1005093780,202602,15,2026-01-20,1.50
1056592112,202602,33,2026-01-20,3.55
79799171,202603,50,2026-01-20,2.93
1001252775,202603,5,2026-01-20,4.40
1079611318,202602,32,2026-01-20,1.17
1004862355,202603,39,2026-01-20,2.02
1098638615,202602,13,2026-01-20,4.44
90441489,202601,20,2026-01-20,1.79
1019405648,202601,22,2026-01-20,1.19
49272319,202601,16,2026-01-20,0.57
73199386,202601,21,2026-01-20,2.82
32594808,202601,17,2026-01-20,1.68
1018218417,202601,45,2026-01-20,1.51
86849449,202601,6,2026-01-20,2.32
1011225454,202601,29,2026-01-20,4.85
1027369144,202602,10,2026-01-20,0.16
67967683,202603,34,2026-01-20,1.07
60051248,202601,37,2026-01-20,1.95
1017557197,202603,13,2026-01-20,4.29
1026551422,202603,48,2026-01-20,3.87
98942489,202601,20,2026-01-20,4.04
57214427,202601,37,2026-01-20,1.94
88999789,202601,17,2026-01-20,1.76
1067631203,202602,41,2026-01-20,0.66
45721138,202602,5,2026-01-20,4.70
53935382,202602,2,2026-01-20,4.62
67057033,202603,16,2026-01-20,3.71
52965370,202602,23,2026-01-20,0.17
74600493,202601,37,2026-01-20,2.17
43095682,202601,26,2026-01-20,3.78
38971502,202601,8,2026-01-20,2.12
37920000,202601,19,2026-01-20,3.99
86277062,202603,43,2026-01-20,2.11
1089641061,202601,14,2026-01-20,1.01
71314054,202602,40,2026-01-20,3.01
37292745,202601,8,2026-01-20,1.14
89389413,202602,41,2026-01-20,4.31
46460549,202602,17,2026-01-20,3.33
1018522870,202601,45,2026-01-20,2.97
73656762,202601,48,2026-01-20,3.49
1000679234,202601,20,2026-01-20,3.97
43961475,202603,37,2026-01-20,1.66
1074328168,202601,19,2026-01-20,1.63
1076468188,202603,40,2026-01-20,0.71
1057497691,202603,42,2026-01-20,0.26
1012743654,202602,4,2026-01-20,4.54
61545332,202602,29,2026-01-20,4.11
30236291,202601,20,2026-01-20,4.08
1030359093,202601,15,2026-01-20,3.68
1066651045,202602,41,2026-01-20,1.43
53942964,202602,24,2026-01-20,1.90
1066333102,202602,9,2026-01-20,3.64
43329365,202603,13,2026-01-20,3.82
45721138,202602,22,2026-01-20,2.37
1002906642,202603,26,2026-01-20,4.01
1007343476,202603,23,2026-01-20,3.82
78826410,202601,4,2026-01-20,3.55
1090435808,202602,46,2026-01-20,4.09
1092341533,202601,48,2026-01-20,4.36
67279049,202602,34,2026-01-20,3.69
1018487631,202601,45,2026-01-20,4.54
1002472909,202601,32,2026-01-20,1.04
52157550,202602,50,2026-01-20,2.06
1077870472,202601,41,2026-01-20,0.73
1029525128,202601,22,2026-01-20,3.26
1074677215,202602,6,2026-01-20,1.75
1086638719,202602,37,2026-01-20,3.47
1084340507,202601,13,2026-01-20,4.42
72360101,202602,50,2026-01-20,4.63
1040724974,202603,24,2026-01-20,1.97
81050630,202602,15,2026-01-20,3.04
1027170642,202602,33,2026-01-20,4.16
59507309,202602,32,2026-01-20,0.88
59579017,202603,22,2026-01-20,0.27
1071720458,202601,7,2026-01-20,1.27
1092744830,202601,8,2026-01-20,2.99
1094877907,202601,26,2026-01-20,4.74
87735138,202601,16,2026-01-20,2.82
67967683,202601,46,2026-01-20,4.32
1033921860,202601,7,2026-01-20,4.14
1006864357,202603,11,2026-01-20,1.91
1079308768,202601,5,2026-01-20,0.27
84540515,202603,24,2026-01-20,1.05
79971673,202603,26,2026-01-20,4.27
46654053,202602,49,2026-01-20,4.43
35244693,202603,44,2026-01-20,0.98
69473122,202601,50,2026-01-20,2.42
41374424,202602,13,2026-01-20,3.12
54224338,202603,46,2026-01-20,1.22
1089244806,202602,2,2026-01-20,1.69
1001520083,202602,7,2026-01-20,0.88
50012713,202603,3,2026-01-20,3.89
73208542,202601,1,2026-01-20,3.60
58532166,202601,35,2026-01-20,4.44
63098094,202601,13,2026-01-20,0.10
42559158,202602,8,2026-01-20,0.49
33238292,202601,45,2026-01-20,2.91
56633635,202603,36,2026-01-20,0.14
1021196279,202602,23,2026-01-20,1.69
1011966095,202603,29,2026-01-20,4.51
1082062498,202601,28,2026-01-20,1.72
1059990455,202601,32,2026-01-20,1.34
37870780,202602,32,2026-01-20,3.97
1085592766,202603,35,2026-01-20,0.91
69705384,202601,31,2026-01-20,3.11
1062904287,202603,38,2026-01-20,4.49
1046204388,202601,32,2026-01-20,1.30
1092085854,202601,26,2026-01-20,0.63
1015979012,202603,31,2026-01-20,1.04
65945448,202601,47,2026-01-20,1.50
85650102,202603,31,2026-01-20,4.72
93543371,202601,36,2026-01-20,4.64
1083800935,202601,15,2026-01-20,1.98
1086485437,202601,35,2026-01-20,0.28
46719142,202602,8,2026-01-20,2.96
1078242391,202601,7,2026-01-20,0.13
87393845,202603,30,2026-01-20,1.66
1056432083,202603,32,2026-01-20,1.15
1015997290,202602,31,2026-01-20,3.88
1034303678,202602,31,2026-01-20,1.68
1074328168,202601,43,2026-01-20,2.65
1024256266,202602,4,2026-01-20,2.39
67899667,202602,39,2026-01-20,2.41
1074665827,202601,4,2026-01-20,1.23
68245468,202602,20,2026-01-20,4.48
1028568813,202601,19,2026-01-20,4.69
37097788,202603,5,2026-01-20,2.30
84297195,202601,11,2026-01-20,2.04
1096887822,202603,30,2026-01-20,4.21
1039126650,202602,30,2026-01-20,0.04
72497706,202601,38,2026-01-20,0.29
1009004987,202601,18,2026-01-20,3.11
32594808,202602,31,2026-01-20,1.71
88562685,202601,24,2026-01-20,2.28
1001609645,202602,43,2026-01-20,2.70
1007386943,202602,23,2026-01-20,1.69
1031276506,202602,47,2026-01-20,0.22
1015934812,202603,35,2026-01-20,2.56
1061725933,202603,30,2026-01-20,0.37
60872709,202601,7,2026-01-20,2.79
93756030,202603,34,2026-01-20,3.84
49350843,202603,39,2026-01-20,4.26
1086485437,202601,43,2026-01-20,4.38
89376323,202601,41,2026-01-20,0.99
1036726494,202603,5,2026-01-20,4.96
1071173355,202602,26,2026-01-20,3.18
56980985,202602,33,2026-01-20,1.31
53935382,202602,12,2026-01-20,0.75
1040724974,202603,44,2026-01-20,0.85
41453288,202601,18,2026-01-20,0.01
35872771,202602,12,2026-01-20,2.59
30540432,202603,34,2026-01-20,3.16
39285171,202601,20,2026-01-20,0.02
1031276506,202601,6,2026-01-20,3.49
36905413,202602,19,2026-01-20,4.40
1018604773,202603,35,2026-01-20,2.83
43527258,202602,40,2026-01-20,4.86
1088414260,202602,3,2026-01-20,3.68
32043948,202603,15,2026-01-20,0.19
92314981,202602,21,2026-01-20,0.25
36290993,202602,5,2026-01-20,3.78
39426001,202601,35,2026-01-20,2.01
1017935369,202601,33,2026-01-20,4.72
1093834814,202601,28,2026-01-20,1.85
1052849122,202602,14,2026-01-20,4.37
1009065913,202603,27,2026-01-20,3.73
1093768378,202602,5,2026-01-20,4.21
1023578217,202602,39,2026-01-20,4.26
1022842998,202603,12,2026-01-20,1.77
62913159,202602,39,2026-01-20,1.58
67992873,202603,1,2026-01-20,4.72
57690132,202601,9,2026-01-20,1.46
1054824172,202601,11,2026-01-20,4.56
1039934091,202602,16,2026-01-20,0.83
1071720458,202601,3,2026-01-20,4.21
45222838,202601,17,2026-01-20,0.69
58532166,202602,36,2026-01-20,4.91
1090625155,202603,7,2026-01-20,1.77
60039893,202602,44,2026-01-20,0.01
94251385,202603,9,2026-01-20,1.37
1068139231,202601,8,2026-01-20,1.52
47788560,202603,37,2026-01-20,1.88
1051543008,202601,25,2026-01-20,2.83
1009359708,202602,3,2026-01-20,1.61
1028063293,202603,22,2026-01-20,4.75
1073786461,202603,13,2026-01-20,1.04
1027213465,202602,7,2026-01-20,4.75
1046557197,202602,48,2026-01-20,2.90
1061901057,202602,42,2026-01-20,3.29
1086638719,202601,12,2026-01-20,2.68
1008816273,202601,17,2026-01-20,4.35
71631351,202601,26,2026-01-20,1.22
75172755,202601,11,2026-01-20,1.32
1035349009,202602,17,2026-01-20,4.91
73107866,202601,8,2026-01-20,3.31
1027934596,202603,9,2026-01-20,4.45
1061381983,202601,11,2026-01-20,0.98
1029019464,202601,33,2026-01-20,1.92
1066579240,202602,39,2026-01-20,0.22
39540378,202603,12,2026-01-20,2.02
80178348,202603,4,2026-01-20,1.69
77992280,202601,39,2026-01-20,2.35
1047536393,202601,14,2026-01-20,3.38
43760553,202603,38,2026-01-20,3.89
1051667662,202602,18,2026-01-20,3.56
1027585485,202603,43,2026-01-20,2.32
1009299049,202601,14,2026-01-20,0.87
48795776,202601,5,2026-01-20,2.40
57194521,202602,39,2026-01-20,3.86
1083556357,202602,6,2026-01-20,2.31
1066004956,202602,14,2026-01-20,2.10
72988843,202601,21,2026-01-20,1.80
45576366,202603,41,2026-01-20,1.45
43162644,202601,48,2026-01-20,3.18
1038175207,202602,37,2026-01-20,1.73
64323076,202601,30,2026-01-20,1.13
60872709,202602,14,2026-01-20,0.50
35942335,202602,36,2026-01-20,2.91
93826977,202602,6,2026-01-20,2.61
1053787901,202603,7,2026-01-20,3.01
90441489,202603,4,2026-01-20,1.06
1026859703,202601,25,2026-01-20,1.89
94489708,202603,20,2026-01-20,1.04
92892395,202601,25,2026-01-20,1.49
33401312,202602,10,2026-01-20,0.06
55375247,202601,14,2026-01-20,0.87
32345651,202602,29,2026-01-20,3.70
40626415,202601,11,2026-01-20,3.90
31621386,202601,20,2026-01-20,3.07
1085421995,202602,29,2026-01-20,1.84
99922283,202603,35,2026-01-20,1.86
1088920800,202602,46,2026-01-20,2.45
30251704,202601,8,2026-01-20,2.73
1021940844,202602,15,2026-01-20,3.53
1096066686,202603,46,2026-01-20,4.85
1063555759,202603,27,2026-01-20,3.02
1005284977,202601,19,2026-01-20,1.73
1087524603,202601,5,2026-01-20,4.24
74890455,202603,49,2026-01-20,0.82
30964416,202601,17,2026-01-20,4.36
1061944665,202601,18,2026-01-20,3.78
1062443829,202603,34,2026-01-20,1.13
30251704,202603,33,2026-01-20,4.30
1039982176,202602,17,2026-01-20,2.55
50639458,202601,23,2026-01-20,2.84
74590975,202602,23,2026-01-20,1.40
1064425818,202601,15,2026-01-20,1.11
96394944,202603,47,2026-01-20,1.72
1009147420,202603,35,2026-01-20,1.75
73107866,202602,49,2026-01-20,1.72
81475596,202602,29,2026-01-20,2.59
1054373038,202602,24,2026-01-20,3.01
95993950,202602,28,2026-01-20,2.79
1081290446,202602,16,2026-01-20,3.96
54222307,202602,23,2026-01-20,2.23
1042783686,202602,19,2026-01-20,0.52
1007343476,202602,4,2026-01-20,4.42
1033865029,202602,8,2026-01-20,1.49
1098738776,202603,46,2026-01-20,3.10
1051150626,202602,24,2026-01-20,2.48
1014443871,202602,38,2026-01-20,4.79
1062511209,202603,44,2026-01-20,0.03
30670412,202602,29,2026-01-20,3.07
66601181,202602,44,2026-01-20,1.50
76169277,202602,5,2026-01-20,1.09
1040580651,202603,16,2026-01-20,4.01
1036051675,202601,8,2026-01-20,3.98
1022842998,202601,2,2026-01-20,1.29
68841550,202603,1,2026-01-20,2.54
1098094214,202601,41,2026-01-20,0.95
57194521,202602,13,2026-01-20,1.52
41015803,202601,20,2026-01-20,5.00
1014561849,202603,34,2026-01-20,1.93
60073573,202603,30,2026-01-20,4.04
1087119873,202602,8,2026-01-20,1.67
36012661,202603,15,2026-01-20,0.19
31044264,202602,26,2026-01-20,0.47
56314291,202601,34,2026-01-20,3.26
42485545,202601,43,2026-01-20,3.32
58598564,202603,11,2026-01-20,0.76
1063791456,202603,41,2026-01-20,2.79
1033865029,202601,29,2026-01-20,1.18
67312238,202602,45,2026-01-20,2.87
94811347,202603,25,2026-01-20,1.10
1018293032,202601,37,2026-01-20,3.21
1066254201,202603,38,2026-01-20,1.84
46470394,202601,46,2026-01-20,2.84
35222911,202602,41,2026-01-20,2.55
1087526333,202602,2,2026-01-20,3.26
1023924860,202602,35,2026-01-20,3.14
98565600,202602,32,2026-01-20,4.06
1007386943,202602,45,2026-01-20,2.06
1021715709,202601,46,2026-01-20,0.37
52690425,202602,28,2026-01-20,0.69
97164941,202601,33,2026-01-20,0.25
1004052951,202601,50,2026-01-20,3.02
1026808848,202603,13,2026-01-20,1.29
57631307,202603,8,2026-01-20,1.29
1058508845,202601,3,2026-01-20,4.87
1072834509,202601,14,2026-01-20,0.78
1049453692,202601,5,2026-01-20,3.25
1095431662,202603,44,2026-01-20,3.90
71115249,202602,23,2026-01-20,3.81
30251704,202602,12,2026-01-20,1.62
1064425818,202602,31,2026-01-20,1.97
1080633471,202602,24,2026-01-20,2.86
1044642607,202601,27,2026-01-20,3.76
1076822960,202601,3,2026-01-20,0.21
71664164,202602,16,2026-01-20,1.67
50286559,202602,21,2026-01-20,3.65
97415215,202602,19,2026-01-20,1.85
1052038221,202601,39,2026-01-20,1.75
1057497691,202601,6,2026-01-20,3.87
1026841014,202603,43,2026-01-20,3.39
47166528,202601,48,2026-01-20,4.19
58244672,202601,43,2026-01-20,1.49
1064418970,202601,1,2026-01-20,2.64
67835197,202601,21,2026-01-20,3.91
42661472,202602,21,2026-01-20,1.50
79525969,202602,19,2026-01-20,0.17
1024984950,202601,6,2026-01-20,0.52
1085545840,202601,13,2026-01-20,2.17
1012743654,202602,50,2026-01-20,1.53
53137872,202601,20,2026-01-20,0.57
48864855,202602,41,2026-01-20,0.34
1088045613,202603,6,2026-01-20,3.25
1096935085,202603,31,2026-01-20,4.49
1018790665,202601,36,2026-01-20,1.36
55010697,202602,12,2026-01-20,4.59
71664164,202602,35,2026-01-20,3.19
43667868,202601,24,2026-01-20,3.29
56905064,202601,20,2026-01-20,1.44
59755790,202601,15,2026-01-20,4.80
1069576446,202601,40,2026-01-20,1.52
67458037,202601,50,2026-01-20,3.33
1056122941,202603,20,2026-01-20,3.07
1033409033,202602,33,2026-01-20,2.03
1058423682,202601,5,2026-01-20,2.71
1065527857,202603,35,2026-01-20,2.95
89992101,202603,17,2026-01-20,3.86
1097124806,202601,31,2026-01-20,4.60
1018223419,202603,7,2026-01-20,2.70
1021625132,202601,14,2026-01-20,3.04
1033085654,202603,25,2026-01-20,0.22
86735109,202603,23,2026-01-20,4.67
70325577,202602,12,2026-01-20,2.67
1052638417,202602,24,2026-01-20,0.42
62156729,202601,28,2026-01-20,3.27
1055423693,202602,25,2026-01-20,3.94
98045764,202601,48,2026-01-20,4.79
1078264320,202602,37,2026-01-20,3.34
76665582,202602,11,2026-01-20,1.21
74259539,202601,2,2026-01-20,2.31
1008972603,202603,3,2026-01-20,1.29
57423173,202602,22,2026-01-20,1.03
1041900517,202602,8,2026-01-20,3.15
58760630,202603,23,2026-01-20,1.02
75262049,202601,45,2026-01-20,1.43
1089708873,202602,37,2026-01-20,0.92
61538082,202603,7,2026-01-20,2.73
1059384205,202601,15,2026-01-20,1.69
35925313,202603,21,2026-01-20,0.33
76511274,202603,41,2026-01-20,0.03
1061725933,202601,5,2026-01-20,1.01
60250257,202601,6,2026-01-20,3.48
32588483,202601,7,2026-01-20,4.94
1020414570,202603,33,2026-01-20,3.74
1016029302,202601,13,2026-01-20,4.48
1050371525,202603,43,2026-01-20,1.97
1015415751,202601,41,2026-01-20,3.33
81309137,202603,30,2026-01-20,1.05
67347697,202602,9,2026-01-20,0.26
1066414079,202602,28,2026-01-20,4.66
82402628,202602,17,2026-01-20,0.32
86387940,202601,19,2026-01-20,1.89
63798600,202601,5,2026-01-20,1.70
59883054,202601,22,2026-01-20,4.25
97453136,202603,31,2026-01-20,3.03
71822799,202601,11,2026-01-20,3.13
54785101,202601,35,2026-01-20,4.04
72497706,202603,21,2026-01-20,1.95
1000339858,202602,3,2026-01-20,1.79
1098137859,202602,16,2026-01-20,1.37
59339570,202601,5,2026-01-20,0.86
49912182,202603,46,2026-01-20,4.54
1060551250,202603,1,2026-01-20,2.66
1067172956,202602,18,2026-01-20,1.74
48428936,202601,50,2026-01-20,3.37
1027562166,202603,15,2026-01-20,4.97
82940416,202602,31,2026-01-20,4.34
1061559891,202603,8,2026-01-20,3.11
84474702,202603,7,2026-01-20,0.95
46344567,202601,5,2026-01-20,2.66
1079282932,202603,16,2026-01-20,3.38
1010325669,202603,29,2026-01-20,2.68
52751278,202603,33,2026-01-20,3.15
58938226,202602,3,2026-01-20,0.46
1026841014,202603,1,2026-01-20,0.73
65030125,202603,33,2026-01-20,2.57
81922007,202602,46,2026-01-20,2.35
78977320,202603,3,2026-01-20,1.49
98941737,202601,32,2026-01-20,0.75
1038473469,202601,5,2026-01-20,2.93
