78383157,Andres,Rodriguez,andres.rodriguez78383157@estudiante.edu.co,2003-09-19,Bucaramanga
86827045,Alejandro,Silva,alejandro.silva86827045@estudiante.edu.co,1997-02-14,Manizales
72426783,Camila,Silva,camila.silva72426783@estudiante.edu.co,2003-07-12,Cali
51160663,Mateo,Gonzalez,mateo.gonzalez51160663@estudiante.edu.co,2006-04-01,Medellin
1032123638,Mariana,Muñoz,mariana.muñoz1032123638@estudiante.edu.co,1995-01-14,Cali
83000278,Mateo,Rodriguez,mateo.rodriguez83000278@estudiante.edu.co,1998-08-20,Bucaramanga
1096967921,Gabriela,Ramirez,gabriela.ramirez1096967921@estudiante.edu.co,2005-03-02,Bucaramanga
1042415187,Sofia,Lopez,sofia.lopez1042415187@estudiante.edu.co,1997-05-17,Pereira
1008495420,Juan,Gomez,juan.gomez1008495420@estudiante.edu.co,2004-08-28,Cartagena
1083143613,Juan,Sanchez,juan.sanchez1083143613@estudiante.edu.co,2007-04-06,Bogota
35325797,Alejandro,Ramirez,alejandro.ramirez35325797@estudiante.edu.co,2004-10-29,Cali
1013001711,Paula,Rodriguez,paula.rodriguez1013001711@estudiante.edu.co,2002-03-20,Bucaramanga
40969337,Sofia,Sanchez,sofia.sanchez40969337@estudiante.edu.co,2005-07-13,Manizales
1035349009,Santiago,Sanchez,santiago.sanchez1035349009@estudiante.edu.co,2002-05-24,Ibague
42518407,Carlos,Sanchez,carlos.sanchez42518407@estudiante.edu.co,2006-12-01,Cali
1050107527,Andres,Perez,andres.perez1050107527@estudiante.edu.co,1999-12-23,Cucuta
61321972,Juan,Lopez,juan.lopez61321972@estudiante.edu.co,1996-10-10,Cali
33519894,Mateo,Ramirez,mateo.ramirez33519894@estudiante.edu.co,2002-12-19,Barranquilla
30754217,Paula,Gonzalez,paula.gonzalez30754217@estudiante.edu.co,2004-09-22,Bogota
1040258541,Valentina,Lopez,valentina.lopez1040258541@estudiante.edu.co,2004-07-11,Medellin
1013308658,Paula,Ramirez,paula.ramirez1013308658@estudiante.edu.co,1999-12-29,Bogota
49337821,Juan,Torres,juan.torres49337821@estudiante.edu.co,2007-09-07,Cucuta
1012751005,Santiago,Sanchez,santiago.sanchez1012751005@estudiante.edu.co,1995-11-29,Cucuta
1057707906,Laura,Martinez,laura.martinez1057707906@estudiante.edu.co,1996-09-17,Manizales
44822078,Laura,Rojas,laura.rojas44822078@estudiante.edu.co,2006-09-16,Bucaramanga
1029641959,Laura,Velasquez,laura.velasquez1029641959@estudiante.edu.co,2001-09-26,Medellin
1070642957,Paula,Sanchez,paula.sanchez1070642957@estudiante.edu.co,1997-03-29,Barranquilla
1017979744,Carlos,Gomez,carlos.gomez1017979744@estudiante.edu.co,2002-08-28,Cucuta
1035067288,Laura,Gomez,laura.gomez1035067288@estudiante.edu.co,1999-12-20,Cucuta
1050214758,Mariana,Rojas,mariana.rojas1050214758@estudiante.edu.co,2000-11-29,Cali
71631351,Sofia,Perez,sofia.perez71631351@estudiante.edu.co,1998-06-13,Medellin
1019334513,Paula,Ramirez,paula.ramirez1019334513@estudiante.edu.co,2003-01-21,Ibague
46470394,Mateo,Rojas,mateo.rojas46470394@estudiante.edu.co,2007-02-11,Bogota
1067661792,Isabella,Muñoz,isabella.muñoz1067661792@estudiante.edu.co,2005-12-29,Medellin
81110469,Gabriela,Perez,gabriela.perez81110469@estudiante.edu.co,1997-12-22,Barranquilla
1043627168,Paula,Sanchez,paula.sanchez1043627168@estudiante.edu.co,2007-07-12,Pereira
56269126,Paula,Velasquez,paula.velasquez56269126@estudiante.edu.co,2004-10-06,Pereira
1074815344,Mariana,Rodriguez,mariana.rodriguez1074815344@estudiante.edu.co,2000-06-15,Ibague
63455241,Isabella,Silva,isabella.silva63455241@estudiante.edu.co,2004-03-19,Pereira
71997098,Sofia,Gomez,sofia.gomez71997098@estudiante.edu.co,2007-02-06,Bucaramanga
1059384205,Laura,Gonzalez,laura.gonzalez1059384205@estudiante.edu.co,2003-01-08,Cucuta
72849707,Santiago,Rodriguez,santiago.rodriguez72849707@estudiante.edu.co,2005-01-03,Bucaramanga
52577495,Mateo,Velasquez,mateo.velasquez52577495@estudiante.edu.co,2000-01-07,Cucuta
30540432,Isabella,Torres,isabella.torres30540432@estudiante.edu.co,1996-07-07,Cali
1004510521,Mateo,Sanchez,mateo.sanchez1004510521@estudiante.edu.co,2006-02-26,Cartagena
1044134363,Carlos,Lopez,carlos.lopez1044134363@estudiante.edu.co,2005-10-08,Cartagena
1084283579,Santiago,Velasquez,santiago.velasquez1084283579@estudiante.edu.co,2001-09-28,Cali
1043772907,Isabella,Velasquez,isabella.velasquez1043772907@estudiante.edu.co,1996-02-25,Ibague
1039440026,Alejandro,Perez,alejandro.perez1039440026@estudiante.edu.co,2000-07-02,Ibague
85816939,Mateo,Martinez,mateo.martinez85816939@estudiante.edu.co,2006-09-06,Barranquilla
1077295382,Paula,Garcia,paula.garcia1077295382@estudiante.edu.co,2000-10-30,Manizales
1032013020,Mateo,Perez,mateo.perez1032013020@estudiante.edu.co,1996-02-03,Medellin
97427352,Daniel,Velasquez,daniel.velasquez97427352@estudiante.edu.co,1998-08-05,Cucuta
1009359708,Carlos,Lopez,carlos.lopez1009359708@estudiante.edu.co,1995-01-19,Cucuta
1098345343,Mateo,Rojas,mateo.rojas1098345343@estudiante.edu.co,2001-02-17,Barranquilla
79909290,Sofia,Martinez,sofia.martinez79909290@estudiante.edu.co,1998-05-03,Barranquilla
89931821,Alejandro,Rojas,alejandro.rojas89931821@estudiante.edu.co,2002-06-02,Ibague
49035236,Gabriela,Gomez,gabriela.gomez49035236@estudiante.edu.co,2004-11-27,Ibague
49235216,Mariana,Silva,mariana.silva49235216@estudiante.edu.co,2006-06-06,Cucuta
1063075625,Santiago,Ramirez,santiago.ramirez1063075625@estudiante.edu.co,2003-12-14,Ibague
1021730302,Laura,Garcia,laura.garcia1021730302@estudiante.edu.co,1995-09-12,Ibague
99019697,Andres,Gomez,andres.gomez99019697@estudiante.edu.co,1996-01-15,Cucuta
1048957030,Valentina,Garcia,valentina.garcia1048957030@estudiante.edu.co,2005-07-27,Manizales
53067488,Santiago,Gomez,santiago.gomez53067488@estudiante.edu.co,2002-05-02,Manizales
87635988,Mateo,Velasquez,mateo.velasquez87635988@estudiante.edu.co,2002-03-07,Bucaramanga
1069218990,Laura,Rojas,laura.rojas1069218990@estudiante.edu.co,2007-04-23,Cali
82826845,Mateo,Martinez,mateo.martinez82826845@estudiante.edu.co,1997-01-04,Cucuta
1080309212,Alejandro,Silva,alejandro.silva1080309212@estudiante.edu.co,2002-08-10,Pereira
1098163197,Gabriela,Torres,gabriela.torres1098163197@estudiante.edu.co,1997-09-12,Medellin
90077507,Paula,Gomez,paula.gomez90077507@estudiante.edu.co,2000-01-20,Ibague
1087119873,Gabriela,Ramirez,gabriela.ramirez1087119873@estudiante.edu.co,2007-03-12,Bogota
63112736,Paula,Gonzalez,paula.gonzalez63112736@estudiante.edu.co,2004-08-06,Bogota
1000515916,Isabella,Torres,isabella.torres1000515916@estudiante.edu.co,2001-10-03,Cucuta
1093085257,Santiago,Rodriguez,santiago.rodriguez1093085257@estudiante.edu.co,2002-09-05,Medellin
1054026847,Valentina,Sanchez,valentina.sanchez1054026847@estudiante.edu.co,1999-04-09,Barranquilla
80919837,Daniel,Rodriguez,daniel.rodriguez80919837@estudiante.edu.co,2006-08-03,Barranquilla
82423046,Mariana,Garcia,mariana.garcia82423046@estudiante.edu.co,2002-06-23,Barranquilla
36588466,Carlos,Sanchez,carlos.sanchez36588466@estudiante.edu.co,2007-04-19,Ibague
1091946881,Juan,Gomez,juan.gomez1091946881@estudiante.edu.co,2003-11-08,Manizales
65084601,Camila,Rodriguez,camila.rodriguez65084601@estudiante.edu.co,2007-02-23,Cucuta
1040187595,Juan,Garcia,juan.garcia1040187595@estudiante.edu.co,2003-09-20,Ibague
1083728775,Valentina,Lopez,valentina.lopez1083728775@estudiante.edu.co,1995-07-11,Cucuta
1053724209,Santiago,Torres,santiago.torres1053724209@estudiante.edu.co,2002-08-04,Ibague
1039958147,Laura,Perez,laura.perez1039958147@estudiante.edu.co,2002-05-21,Bogota
32804296,Paula,Martinez,paula.martinez32804296@estudiante.edu.co,1998-01-31,Cucuta
1057372629,Laura,Ramirez,laura.ramirez1057372629@estudiante.edu.co,2006-04-18,Ibague
73656762,Gabriela,Muñoz,gabriela.muñoz73656762@estudiante.edu.co,1995-11-08,Manizales
1088045613,Carlos,Martinez,carlos.martinez1088045613@estudiante.edu.co,1997-03-13,Barranquilla
1093650566,Gabriela,Silva,gabriela.silva1093650566@estudiante.edu.co,2000-02-20,Pereira
1001013682,Valentina,Silva,valentina.silva1001013682@estudiante.edu.co,2002-11-04,Cartagena
1046707660,Mariana,Torres,mariana.torres1046707660@estudiante.edu.co,2004-02-16,Bogota
1084004136,Gabriela,Garcia,gabriela.garcia1084004136@estudiante.edu.co,1995-10-07,Pereira
63878754,Laura,Muñoz,laura.muñoz63878754@estudiante.edu.co,2002-08-26,Ibague
98958958,Isabella,Rojas,isabella.rojas98958958@estudiante.edu.co,2004-11-12,Cucuta
53812026,Sofia,Torres,sofia.torres53812026@estudiante.edu.co,2006-12-04,Bogota
1086852058,Paula,Silva,paula.silva1086852058@estudiante.edu.co,2003-09-20,Bucaramanga
1061074521,Gabriela,Muñoz,gabriela.muñoz1061074521@estudiante.edu.co,1998-11-17,Pereira
1020804309,Laura,Ramirez,laura.ramirez1020804309@estudiante.edu.co,2005-04-03,Bucaramanga
1002047778,Sofia,Ramirez,sofia.ramirez1002047778@estudiante.edu.co,1997-01-01,Ibague
84464699,Alejandro,Gonzalez,alejandro.gonzalez84464699@estudiante.edu.co,2003-07-30,Medellin
50412415,Camila,Muñoz,camila.muñoz50412415@estudiante.edu.co,2000-12-19,Cartagena
98987809,Mariana,Garcia,mariana.garcia98987809@estudiante.edu.co,2001-06-13,Ibague
41304808,Isabella,Martinez,isabella.martinez41304808@estudiante.edu.co,2006-06-21,Barranquilla
59755790,Santiago,Silva,santiago.silva59755790@estudiante.edu.co,1997-09-09,Pereira
95351628,Mateo,Sanchez,mateo.sanchez95351628@estudiante.edu.co,1997-06-13,Cartagena
1034303678,Daniel,Ramirez,daniel.ramirez1034303678@estudiante.edu.co,2005-08-23,Pereira
48088095,Santiago,Ramirez,santiago.ramirez48088095@estudiante.edu.co,2001-12-03,Cali
1072267196,Gabriela,Perez,gabriela.perez1072267196@estudiante.edu.co,2004-03-07,Barranquilla
41995668,Camila,Velasquez,camila.velasquez41995668@estudiante.edu.co,1999-01-29,Ibague
56421173,Mariana,Rodriguez,mariana.rodriguez56421173@estudiante.edu.co,2007-09-22,Cali
1070761861,Isabella,Lopez,isabella.lopez1070761861@estudiante.edu.co,2007-03-20,Barranquilla
1010513867,Carlos,Rojas,carlos.rojas1010513867@estudiante.edu.co,2003-08-20,Bogota
46765905,Alejandro,Garcia,alejandro.garcia46765905@estudiante.edu.co,2000-03-07,Ibague
1032926267,Mateo,Lopez,mateo.lopez1032926267@estudiante.edu.co,2006-12-04,Cucuta
1056191849,Mariana,Muñoz,mariana.muñoz1056191849@estudiante.edu.co,2002-07-26,Pereira
1044085115,Carlos,Gonzalez,carlos.gonzalez1044085115@estudiante.edu.co,1996-08-03,Manizales
1067478622,Santiago,Gonzalez,santiago.gonzalez1067478622@estudiante.edu.co,2006-08-12,Ibague
74259539,Juan,Ramirez,juan.ramirez74259539@estudiante.edu.co,2002-04-26,Cucuta
93362860,Laura,Perez,laura.perez93362860@estudiante.edu.co,2004-06-14,Bogota
73345986,Daniel,Sanchez,daniel.sanchez73345986@estudiante.edu.co,1995-01-01,Cali
89376323,Andres,Gonzalez,andres.gonzalez89376323@estudiante.edu.co,2002-02-09,Ibague
53999454,Laura,Gomez,laura.gomez53999454@estudiante.edu.co,2004-06-12,Cartagena
88806881,Isabella,Rojas,isabella.rojas88806881@estudiante.edu.co,1998-01-03,Pereira
90398238,Andres,Perez,andres.perez90398238@estudiante.edu.co,1999-08-17,Manizales
57709800,Laura,Sanchez,laura.sanchez57709800@estudiante.edu.co,2007-12-21,Cartagena
39615299,Gabriela,Velasquez,gabriela.velasquez39615299@estudiante.edu.co,2007-11-07,Bucaramanga
93987346,Juan,Rojas,juan.rojas93987346@estudiante.edu.co,1996-12-26,Medellin
1098966937,Sofia,Lopez,sofia.lopez1098966937@estudiante.edu.co,1995-11-27,Bucaramanga
44304488,Alejandro,Perez,alejandro.perez44304488@estudiante.edu.co,2006-04-03,Cucuta
70429370,Carlos,Lopez,carlos.lopez70429370@estudiante.edu.co,1999-04-04,Cartagena
1046980959,Carlos,Torres,carlos.torres1046980959@estudiante.edu.co,1995-04-26,Pereira
1057406362,Paula,Gomez,paula.gomez1057406362@estudiante.edu.co,1999-11-14,Cucuta
71035797,Gabriela,Martinez,gabriela.martinez71035797@estudiante.edu.co,2000-03-06,Pereira
30994944,Alejandro,Gomez,alejandro.gomez30994944@estudiante.edu.co,2004-04-30,Ibague
40654840,Andres,Gonzalez,andres.gonzalez40654840@estudiante.edu.co,2000-02-16,Cucuta
1083800935,Mateo,Torres,mateo.torres1083800935@estudiante.edu.co,2000-08-23,Manizales
93756030,Camila,Muñoz,camila.muñoz93756030@estudiante.edu.co,2004-05-19,Bogota
1065222609,Santiago,Torres,santiago.torres1065222609@estudiante.edu.co,2002-06-24,Cali
66108221,Mariana,Perez,mariana.perez66108221@estudiante.edu.co,2005-12-10,Cali
1085693696,Santiago,Muñoz,santiago.muñoz1085693696@estudiante.edu.co,1996-05-26,Medellin
85716687,Daniel,Ramirez,daniel.ramirez85716687@estudiante.edu.co,2006-04-14,Cali
30468493,Paula,Ramirez,paula.ramirez30468493@estudiante.edu.co,1998-11-13,Cali
96394944,Santiago,Rodriguez,santiago.rodriguez96394944@estudiante.edu.co,2003-11-19,Cali
1048547187,Mariana,Lopez,mariana.lopez1048547187@estudiante.edu.co,2004-08-14,Pereira
1090811995,Paula,Gomez,paula.gomez1090811995@estudiante.edu.co,2004-04-27,Cucuta
51544527,Juan,Garcia,juan.garcia51544527@estudiante.edu.co,2006-05-30,Barranquilla
64323076,Mariana,Gomez,mariana.gomez64323076@estudiante.edu.co,2007-09-06,Bogota
88397680,Carlos,Muñoz,carlos.muñoz88397680@estudiante.edu.co,1999-06-16,Ibague
98229758,Gabriela,Rojas,gabriela.rojas98229758@estudiante.edu.co,2004-01-23,Medellin
52385917,Isabella,Velasquez,isabella.velasquez52385917@estudiante.edu.co,1998-10-07,Cali
43483634,Juan,Gonzalez,juan.gonzalez43483634@estudiante.edu.co,1999-08-19,Cali
65367855,Paula,Sanchez,paula.sanchez65367855@estudiante.edu.co,2002-12-22,Manizales
54996836,Paula,Ramirez,paula.ramirez54996836@estudiante.edu.co,1999-12-12,Barranquilla
80031278,Isabella,Sanchez,isabella.sanchez80031278@estudiante.edu.co,2001-08-18,Cartagena
1016029302,Juan,Perez,juan.perez1016029302@estudiante.edu.co,2000-02-21,Ibague
1053680053,Laura,Gomez,laura.gomez1053680053@estudiante.edu.co,2006-06-22,Barranquilla
1079455975,Gabriela,Martinez,gabriela.martinez1079455975@estudiante.edu.co,2003-11-18,Cartagena
63798600,Gabriela,Gonzalez,gabriela.gonzalez63798600@estudiante.edu.co,2006-06-23,Bucaramanga
1092217316,Daniel,Perez,daniel.perez1092217316@estudiante.edu.co,2002-08-01,Barranquilla
72922474,Andres,Perez,andres.perez72922474@estudiante.edu.co,2004-09-13,Manizales
37354048,Mateo,Gonzalez,mateo.gonzalez37354048@estudiante.edu.co,1999-11-04,Bucaramanga
1075230692,Valentina,Lopez,valentina.lopez1075230692@estudiante.edu.co,1998-04-08,Barranquilla
1027381382,Andres,Muñoz,andres.muñoz1027381382@estudiante.edu.co,2004-08-01,Bucaramanga
84581832,Laura,Sanchez,laura.sanchez84581832@estudiante.edu.co,1997-05-10,Pereira
1029047003,Santiago,Sanchez,santiago.sanchez1029047003@estudiante.edu.co,1997-01-29,Ibague
55123142,Laura,Sanchez,laura.sanchez55123142@estudiante.edu.co,1997-06-18,Bogota
43329365,Gabriela,Ramirez,gabriela.ramirez43329365@estudiante.edu.co,2004-05-11,Cali
59154632,Isabella,Ramirez,isabella.ramirez59154632@estudiante.edu.co,2001-10-29,Manizales
34684181,Juan,Ramirez,juan.ramirez34684181@estudiante.edu.co,2003-06-01,Bucaramanga
34816427,Isabella,Gonzalez,isabella.gonzalez34816427@estudiante.edu.co,1997-02-25,Medellin
1033498238,Andres,Muñoz,andres.muñoz1033498238@estudiante.edu.co,2003-06-30,Bucaramanga
1048421953,Santiago,Rojas,santiago.rojas1048421953@estudiante.edu.co,2005-03-07,Cali
80699602,Mateo,Muñoz,mateo.muñoz80699602@estudiante.edu.co,2005-04-30,Cucuta
1010913086,Camila,Torres,camila.torres1010913086@estudiante.edu.co,2007-03-22,Ibague
90877908,Valentina,Rojas,valentina.rojas90877908@estudiante.edu.co,2003-01-14,Cartagena
88999789,Carlos,Sanchez,carlos.sanchez88999789@estudiante.edu.co,2007-11-16,Cali
37870780,Laura,Rojas,laura.rojas37870780@estudiante.edu.co,2003-01-21,Cucuta
1040491430,Paula,Garcia,paula.garcia1040491430@estudiante.edu.co,1996-07-29,Barranquilla
54298582,Valentina,Velasquez,valentina.velasquez54298582@estudiante.edu.co,1995-01-06,Bucaramanga
1032361673,Sofia,Gonzalez,sofia.gonzalez1032361673@estudiante.edu.co,2007-04-05,Pereira
1011773913,Juan,Martinez,juan.martinez1011773913@estudiante.edu.co,2002-05-30,Bucaramanga
52778943,Mariana,Torres,mariana.torres52778943@estudiante.edu.co,1996-06-19,Medellin
1083939734,Mateo,Velasquez,mateo.velasquez1083939734@estudiante.edu.co,2000-07-10,Cucuta
99361815,Paula,Sanchez,paula.sanchez99361815@estudiante.edu.co,2007-05-09,Ibague
61091396,Santiago,Muñoz,santiago.muñoz61091396@estudiante.edu.co,1998-07-10,Cali
62206948,Laura,Perez,laura.perez62206948@estudiante.edu.co,2004-06-27,Cali
40121993,Santiago,Lopez,santiago.lopez40121993@estudiante.edu.co,1999-03-17,Cartagena
1004848577,Valentina,Gomez,valentina.gomez1004848577@estudiante.edu.co,2007-07-07,Cucuta
81058060,Alejandro,Sanchez,alejandro.sanchez81058060@estudiante.edu.co,1997-05-21,Medellin
1091881701,Andres,Silva,andres.silva1091881701@estudiante.edu.co,2007-07-13,Medellin
35131374,Daniel,Martinez,daniel.martinez35131374@estudiante.edu.co,2005-09-08,Ibague
1015309191,Andres,Gonzalez,andres.gonzalez1015309191@estudiante.edu.co,1998-03-13,Cucuta
92380611,Alejandro,Perez,alejandro.perez92380611@estudiante.edu.co,2002-03-03,Barranquilla
52034969,Mateo,Silva,mateo.silva52034969@estudiante.edu.co,2007-11-03,Pereira
1040902876,Juan,Sanchez,juan.sanchez1040902876@estudiante.edu.co,2007-09-11,Bogota
81363480,Juan,Rodriguez,juan.rodriguez81363480@estudiante.edu.co,2007-06-03,Pereira
74685449,Laura,Ramirez,laura.ramirez74685449@estudiante.edu.co,1998-08-19,Pereira
1085913988,Mateo,Ramirez,mateo.ramirez1085913988@estudiante.edu.co,2001-12-19,Pereira
50012713,Mateo,Gomez,mateo.gomez50012713@estudiante.edu.co,1997-12-05,Manizales
49658313,Carlos,Muñoz,carlos.muñoz49658313@estudiante.edu.co,1995-09-18,Bogota
1073587102,Carlos,Martinez,carlos.martinez1073587102@estudiante.edu.co,2001-12-21,Medellin
31621386,Andres,Perez,andres.perez31621386@estudiante.edu.co,1999-06-22,Bogota
1097546783,Santiago,Gonzalez,santiago.gonzalez1097546783@estudiante.edu.co,2005-04-23,Pereira
55768895,Carlos,Martinez,carlos.martinez55768895@estudiante.edu.co,2001-04-28,Pereira
76246987,Isabella,Rojas,isabella.rojas76246987@estudiante.edu.co,2007-11-29,Pereira
42323166,Andres,Lopez,andres.lopez42323166@estudiante.edu.co,2001-03-09,Cali
75628971,Isabella,Lopez,isabella.lopez75628971@estudiante.edu.co,1998-10-01,Cucuta
1066414079,Mateo,Lopez,mateo.lopez1066414079@estudiante.edu.co,2006-05-15,Bogota
1057667898,Santiago,Torres,santiago.torres1057667898@estudiante.edu.co,2001-01-29,Barranquilla
1098834222,Sofia,Velasquez,sofia.velasquez1098834222@estudiante.edu.co,2007-09-02,Cali
1097036630,Isabella,Ramirez,isabella.ramirez1097036630@estudiante.edu.co,1995-01-21,Manizales
1015578600,Daniel,Silva,daniel.silva1015578600@estudiante.edu.co,2002-07-06,Barranquilla
1075452110,Andres,Gonzalez,andres.gonzalez1075452110@estudiante.edu.co,2003-02-28,Bogota
1028270250,Sofia,Velasquez,sofia.velasquez1028270250@estudiante.edu.co,1996-08-18,Bogota
1011085344,Valentina,Silva,valentina.silva1011085344@estudiante.edu.co,2001-10-18,Cali
81174416,Paula,Torres,paula.torres81174416@estudiante.edu.co,1996-01-12,Pereira
44703443,Carlos,Torres,carlos.torres44703443@estudiante.edu.co,2003-06-13,Barranquilla
1015609202,Mariana,Silva,mariana.silva1015609202@estudiante.edu.co,2002-07-17,Bogota
82104971,Laura,Muñoz,laura.muñoz82104971@estudiante.edu.co,1996-12-27,Barranquilla
85002747,Juan,Martinez,juan.martinez85002747@estudiante.edu.co,2002-08-13,Cartagena
1051326221,Santiago,Rojas,santiago.rojas1051326221@estudiante.edu.co,2003-06-17,Ibague
61153119,Andres,Sanchez,andres.sanchez61153119@estudiante.edu.co,2002-12-09,Ibague
1013104630,Camila,Rojas,camila.rojas1013104630@estudiante.edu.co,1998-04-14,Cali
1094023671,Gabriela,Sanchez,gabriela.sanchez1094023671@estudiante.edu.co,2001-11-03,Cartagena
1044642607,Alejandro,Torres,alejandro.torres1044642607@estudiante.edu.co,2001-09-21,Cali
1021229417,Isabella,Rodriguez,isabella.rodriguez1021229417@estudiante.edu.co,2000-09-25,Medellin
49532258,Alejandro,Torres,alejandro.torres49532258@estudiante.edu.co,1995-07-10,Cucuta
1079497428,Valentina,Rojas,valentina.rojas1079497428@estudiante.edu.co,1996-05-18,Cali
82877226,Mariana,Silva,mariana.silva82877226@estudiante.edu.co,2006-04-21,Bucaramanga
49912182,Alejandro,Silva,alejandro.silva49912182@estudiante.edu.co,1997-02-12,Ibague
1046078740,Isabella,Silva,isabella.silva1046078740@estudiante.edu.co,2004-02-23,Medellin
1014725119,Alejandro,Perez,alejandro.perez1014725119@estudiante.edu.co,1999-12-26,Pereira
1066578975,Paula,Muñoz,paula.muñoz1066578975@estudiante.edu.co,1999-11-17,Bucaramanga
1085409859,Camila,Garcia,camila.garcia1085409859@estudiante.edu.co,2001-10-02,Medellin
1098254550,Isabella,Gonzalez,isabella.gonzalez1098254550@estudiante.edu.co,1996-04-19,Manizales
1070857598,Alejandro,Lopez,alejandro.lopez1070857598@estudiante.edu.co,2007-04-16,Cartagena
1011130867,Alejandro,Garcia,alejandro.garcia1011130867@estudiante.edu.co,2000-06-02,Bucaramanga
1070551659,Valentina,Silva,valentina.silva1070551659@estudiante.edu.co,1996-02-17,Bucaramanga
55798556,Paula,Lopez,paula.lopez55798556@estudiante.edu.co,2003-07-06,Bogota
1056765063,Juan,Muñoz,juan.muñoz1056765063@estudiante.edu.co,2005-11-20,Cucuta
92461949,Mariana,Rojas,mariana.rojas92461949@estudiante.edu.co,2007-03-25,Barranquilla
1030618836,Paula,Rodriguez,paula.rodriguez1030618836@estudiante.edu.co,1995-10-08,Barranquilla
1078264320,Isabella,Muñoz,isabella.muñoz1078264320@estudiante.edu.co,2007-03-08,Pereira
42396474,Carlos,Gomez,carlos.gomez42396474@estudiante.edu.co,1996-12-06,Barranquilla
41906079,Mateo,Perez,mateo.perez41906079@estudiante.edu.co,2006-10-03,Bogota
45877626,Mateo,Silva,mateo.silva45877626@estudiante.edu.co,2006-05-17,Bucaramanga
1016888363,Sofia,Rodriguez,sofia.rodriguez1016888363@estudiante.edu.co,1997-05-19,Cucuta
1024934590,Carlos,Rojas,carlos.rojas1024934590@estudiante.edu.co,2004-01-14,Cucuta
66896239,Daniel,Ramirez,daniel.ramirez66896239@estudiante.edu.co,2001-09-20,Cartagena
33729364,Paula,Velasquez,paula.velasquez33729364@estudiante.edu.co,1997-06-09,Medellin
40992656,Alejandro,Torres,alejandro.torres40992656@estudiante.edu.co,1996-09-13,Pereira
1059990455,Isabella,Silva,isabella.silva1059990455@estudiante.edu.co,2001-09-22,Bucaramanga
67032401,Mariana,Garcia,mariana.garcia67032401@estudiante.edu.co,2000-09-22,Cali
77626532,Alejandro,Perez,alejandro.perez77626532@estudiante.edu.co,2001-03-01,Ibague
1097178454,Isabella,Gonzalez,isabella.gonzalez1097178454@estudiante.edu.co,2001-01-30,Bucaramanga
1018604773,Carlos,Torres,carlos.torres1018604773@estudiante.edu.co,1999-01-15,Manizales
1074665827,Mateo,Rojas,mateo.rojas1074665827@estudiante.edu.co,2000-09-18,Cartagena
93162395,Camila,Torres,camila.torres93162395@estudiante.edu.co,1999-01-15,Bogota
51244434,Gabriela,Ramirez,gabriela.ramirez51244434@estudiante.edu.co,2003-10-23,Cali
90841881,Mariana,Torres,mariana.torres90841881@estudiante.edu.co,2004-10-13,Cartagena
1018686873,Mariana,Silva,mariana.silva1018686873@estudiante.edu.co,1997-09-23,Bucaramanga
1067172956,Andres,Lopez,andres.lopez1067172956@estudiante.edu.co,2005-12-28,Bucaramanga
1047607426,Andres,Muñoz,andres.muñoz1047607426@estudiante.edu.co,1998-03-09,Barranquilla
1050613474,Sofia,Garcia,sofia.garcia1050613474@estudiante.edu.co,2003-10-21,Cucuta
99976655,Paula,Velasquez,paula.velasquez99976655@estudiante.edu.co,2002-04-25,Cali
93523443,Carlos,Sanchez,carlos.sanchez93523443@estudiante.edu.co,2006-03-23,Barranquilla
96765015,Mateo,Rojas,mateo.rojas96765015@estudiante.edu.co,2000-07-18,Medellin
1007791337,Mateo,Martinez,mateo.martinez1007791337@estudiante.edu.co,1996-10-29,Pereira
1012105202,Daniel,Perez,daniel.perez1012105202@estudiante.edu.co,2003-04-14,Pereira
35380072,Laura,Sanchez,laura.sanchez35380072@estudiante.edu.co,1995-02-09,Manizales
45501204,Alejandro,Torres,alejandro.torres45501204@estudiante.edu.co,1999-07-29,Barranquilla
77992280,Gabriela,Gonzalez,gabriela.gonzalez77992280@estudiante.edu.co,2000-12-14,Cali
1017997122,Daniel,Lopez,daniel.lopez1017997122@estudiante.edu.co,2005-04-30,Manizales
53980260,Juan,Silva,juan.silva53980260@estudiante.edu.co,1995-01-29,Pereira
50201838,Camila,Gonzalez,camila.gonzalez50201838@estudiante.edu.co,2000-03-28,Ibague
97862826,Valentina,Perez,valentina.perez97862826@estudiante.edu.co,2000-12-17,Pereira
75225951,Alejandro,Sanchez,alejandro.sanchez75225951@estudiante.edu.co,2006-03-26,Manizales
1008974896,Sofia,Martinez,sofia.martinez1008974896@estudiante.edu.co,2007-01-21,Cucuta
44966494,Mateo,Martinez,mateo.martinez44966494@estudiante.edu.co,2006-06-09,Cartagena
42427991,Valentina,Martinez,valentina.martinez42427991@estudiante.edu.co,2006-05-16,Cartagena
92618776,Camila,Silva,camila.silva92618776@estudiante.edu.co,1997-12-21,Cucuta
1011303448,Juan,Muñoz,juan.muñoz1011303448@estudiante.edu.co,1999-03-10,Cucuta
92773944,Santiago,Velasquez,santiago.velasquez92773944@estudiante.edu.co,1998-12-17,Pereira
1048608777,Santiago,Perez,santiago.perez1048608777@estudiante.edu.co,2002-08-01,Pereira
1021054865,Mateo,Gomez,mateo.gomez1021054865@estudiante.edu.co,1996-10-23,Cucuta
65734320,Paula,Rojas,paula.rojas65734320@estudiante.edu.co,2003-02-17,Pereira
1081162539,Valentina,Sanchez,valentina.sanchez1081162539@estudiante.edu.co,2007-09-24,Manizales
92314981,Daniel,Ramirez,daniel.ramirez92314981@estudiante.edu.co,2006-09-20,Bogota
61545332,Isabella,Ramirez,isabella.ramirez61545332@estudiante.edu.co,2001-06-07,Cartagena
1081548416,Mateo,Gonzalez,mateo.gonzalez1081548416@estudiante.edu.co,1998-04-23,Bogota
41575349,Mariana,Rodriguez,mariana.rodriguez41575349@estudiante.edu.co,1999-02-13,Bogota
1069550747,Valentina,Perez,valentina.perez1069550747@estudiante.edu.co,1997-05-25,Ibague
45798099,Alejandro,Rodriguez,alejandro.rodriguez45798099@estudiante.edu.co,2002-03-14,Bucaramanga
93826977,Mateo,Garcia,mateo.garcia93826977@estudiante.edu.co,2002-12-04,Pereira
1015464663,Carlos,Velasquez,carlos.velasquez1015464663@estudiante.edu.co,2000-02-10,Manizales
1002472909,Laura,Torres,laura.torres1002472909@estudiante.edu.co,2000-07-09,Medellin
1030287042,Mariana,Martinez,mariana.martinez1030287042@estudiante.edu.co,1995-04-17,Cartagena
73208542,Alejandro,Ramirez,alejandro.ramirez73208542@estudiante.edu.co,1995-08-18,Bogota
59336974,Mariana,Rodriguez,mariana.rodriguez59336974@estudiante.edu.co,1998-12-21,Cartagena
80021352,Daniel,Rodriguez,daniel.rodriguez80021352@estudiante.edu.co,2000-07-15,Cartagena
83462612,Gabriela,Sanchez,gabriela.sanchez83462612@estudiante.edu.co,1999-04-04,Cartagena
57047593,Andres,Rojas,andres.rojas57047593@estudiante.edu.co,1996-11-07,Bucaramanga
78659497,Camila,Ramirez,camila.ramirez78659497@estudiante.edu.co,2007-09-19,Bogota
65513005,Mateo,Perez,mateo.perez65513005@estudiante.edu.co,1997-04-23,Bogota
48947693,Valentina,Sanchez,valentina.sanchez48947693@estudiante.edu.co,2001-11-08,Medellin
36533343,Gabriela,Ramirez,gabriela.ramirez36533343@estudiante.edu.co,2005-11-08,Medellin
70241017,Mariana,Gonzalez,mariana.gonzalez70241017@estudiante.edu.co,2000-01-03,Pereira
1014028751,Alejandro,Gonzalez,alejandro.gonzalez1014028751@estudiante.edu.co,2006-05-30,Bucaramanga
56080424,Carlos,Velasquez,carlos.velasquez56080424@estudiante.edu.co,2000-04-26,Barranquilla
1069428899,Mariana,Martinez,mariana.martinez1069428899@estudiante.edu.co,1999-05-10,Bucaramanga
1079983931,Mariana,Garcia,mariana.garcia1079983931@estudiante.edu.co,2005-03-11,Cucuta
1086485437,Andres,Sanchez,andres.sanchez1086485437@estudiante.edu.co,2007-08-03,Barranquilla
1058382121,Gabriela,Muñoz,gabriela.muñoz1058382121@estudiante.edu.co,1998-11-18,Barranquilla
45430373,Andres,Velasquez,andres.velasquez45430373@estudiante.edu.co,1995-01-29,Manizales
1082651440,Alejandro,Gonzalez,alejandro.gonzalez1082651440@estudiante.edu.co,2003-05-20,Cartagena
1037305254,Isabella,Rodriguez,isabella.rodriguez1037305254@estudiante.edu.co,1998-04-10,Medellin
1000184696,Carlos,Torres,carlos.torres1000184696@estudiante.edu.co,1996-04-05,Bogota
1079581876,Santiago,Rojas,santiago.rojas1079581876@estudiante.edu.co,2004-06-05,Bucaramanga
1003952163,Carlos,Martinez,carlos.martinez1003952163@estudiante.edu.co,1995-10-01,Medellin
68304668,Isabella,Lopez,isabella.lopez68304668@estudiante.edu.co,1997-06-14,Pereira
1031782359,Mariana,Rojas,mariana.rojas1031782359@estudiante.edu.co,1998-08-27,Cali
73918384,Andres,Martinez,andres.martinez73918384@estudiante.edu.co,2001-10-29,Bucaramanga
1043264662,Daniel,Martinez,daniel.martinez1043264662@estudiante.edu.co,2002-02-08,Manizales
82434584,Paula,Rojas,paula.rojas82434584@estudiante.edu.co,2000-07-31,Cali
38169601,Isabella,Lopez,isabella.lopez38169601@estudiante.edu.co,2002-04-28,Cartagena
53053403,Santiago,Muñoz,santiago.muñoz53053403@estudiante.edu.co,1995-05-22,Ibague
1067849932,Mateo,Rojas,mateo.rojas1067849932@estudiante.edu.co,1996-04-29,Medellin
1067926618,Mariana,Ramirez,mariana.ramirez1067926618@estudiante.edu.co,2003-08-14,Ibague
1060514179,Carlos,Torres,carlos.torres1060514179@estudiante.edu.co,2002-05-30,Cali
40990348,Santiago,Ramirez,santiago.ramirez40990348@estudiante.edu.co,2003-06-25,Bogota
1001184112,Isabella,Lopez,isabella.lopez1001184112@estudiante.edu.co,2007-12-29,Pereira
1098915116,Isabella,Lopez,isabella.lopez1098915116@estudiante.edu.co,1998-04-20,Cali
85171187,Valentina,Sanchez,valentina.sanchez85171187@estudiante.edu.co,2001-06-11,Cali
1030306496,Santiago,Gonzalez,santiago.gonzalez1030306496@estudiante.edu.co,2003-06-24,Cucuta
52786339,Mariana,Lopez,mariana.lopez52786339@estudiante.edu.co,1998-01-15,Cali
1060917828,Juan,Rojas,juan.rojas1060917828@estudiante.edu.co,2003-03-23,Cartagena
69474510,Daniel,Rodriguez,daniel.rodriguez69474510@estudiante.edu.co,2000-01-02,Bogota
34823692,Isabella,Lopez,isabella.lopez34823692@estudiante.edu.co,2005-05-26,Cali
1046204388,Valentina,Torres,valentina.torres1046204388@estudiante.edu.co,2000-05-08,Cartagena
75504325,Laura,Torres,laura.torres75504325@estudiante.edu.co,1997-07-31,Barranquilla
63999790,Carlos,Silva,carlos.silva63999790@estudiante.edu.co,2000-11-12,Cali
1029983218,Mariana,Garcia,mariana.garcia1029983218@estudiante.edu.co,1996-02-28,Bogota
1092478936,Camila,Perez,camila.perez1092478936@estudiante.edu.co,2002-12-19,Cali
32370209,Mariana,Muñoz,mariana.muñoz32370209@estudiante.edu.co,2007-08-08,Bogota
86849449,Andres,Silva,andres.silva86849449@estudiante.edu.co,2007-01-15,Barranquilla
32579152,Sofia,Torres,sofia.torres32579152@estudiante.edu.co,1998-11-19,Manizales
1064990394,Isabella,Torres,isabella.torres1064990394@estudiante.edu.co,1995-04-02,Barranquilla
1039052893,Andres,Gomez,andres.gomez1039052893@estudiante.edu.co,2004-04-08,Ibague
32013509,Alejandro,Rodriguez,alejandro.rodriguez32013509@estudiante.edu.co,1998-12-16,Cucuta
1036695023,Paula,Torres,paula.torres1036695023@estudiante.edu.co,2003-12-24,Barranquilla
1029278748,Alejandro,Lopez,alejandro.lopez1029278748@estudiante.edu.co,1997-01-28,Ibague
1055595952,Santiago,Gomez,santiago.gomez1055595952@estudiante.edu.co,2003-06-04,Manizales
91326360,Mateo,Ramirez,mateo.ramirez91326360@estudiante.edu.co,2004-03-18,Cartagena
58374463,Isabella,Ramirez,isabella.ramirez58374463@estudiante.edu.co,2006-09-09,Manizales
63671964,Andres,Rodriguez,andres.rodriguez63671964@estudiante.edu.co,1999-05-19,Barranquilla
1081620104,Juan,Rojas,juan.rojas1081620104@estudiante.edu.co,1997-08-26,Cucuta
1039902781,Mariana,Sanchez,mariana.sanchez1039902781@estudiante.edu.co,2006-04-01,Medellin
1041013532,Paula,Perez,paula.perez1041013532@estudiante.edu.co,2007-08-02,Medellin
33792355,Mariana,Gomez,mariana.gomez33792355@estudiante.edu.co,1999-10-13,Cucuta
58253163,Gabriela,Lopez,gabriela.lopez58253163@estudiante.edu.co,2000-08-11,Cucuta
86432497,Mariana,Gomez,mariana.gomez86432497@estudiante.edu.co,2007-07-16,Manizales
40871756,Paula,Ramirez,paula.ramirez40871756@estudiante.edu.co,2005-08-07,Cali
1098638615,Daniel,Garcia,daniel.garcia1098638615@estudiante.edu.co,1998-09-06,Cartagena
42559158,Camila,Rojas,camila.rojas42559158@estudiante.edu.co,2005-06-27,Cucuta
1079992972,Alejandro,Torres,alejandro.torres1079992972@estudiante.edu.co,2004-08-01,Manizales
1054769288,Mariana,Muñoz,mariana.muñoz1054769288@estudiante.edu.co,1999-03-06,Bogota
1065718177,Daniel,Silva,daniel.silva1065718177@estudiante.edu.co,2004-10-27,Bucaramanga
1020324358,Isabella,Silva,isabella.silva1020324358@estudiante.edu.co,2003-12-23,Cali
43038620,Alejandro,Rodriguez,alejandro.rodriguez43038620@estudiante.edu.co,2007-05-11,Cartagena
59741236,Mariana,Gomez,mariana.gomez59741236@estudiante.edu.co,2002-07-10,Medellin
1023086168,Mateo,Garcia,mateo.garcia1023086168@estudiante.edu.co,1997-09-26,Bogota
44320241,Mariana,Velasquez,mariana.velasquez44320241@estudiante.edu.co,1998-10-31,Bucaramanga
95558748,Daniel,Sanchez,daniel.sanchez95558748@estudiante.edu.co,2004-09-21,Bucaramanga
1095431662,Andres,Silva,andres.silva1095431662@estudiante.edu.co,1996-08-16,Barranquilla
1069149773,Santiago,Velasquez,santiago.velasquez1069149773@estudiante.edu.co,1995-09-08,Medellin
1042026671,Andres,Rodriguez,andres.rodriguez1042026671@estudiante.edu.co,2000-02-28,Cartagena
1039057234,Andres,Gonzalez,andres.gonzalez1039057234@estudiante.edu.co,2006-02-06,Pereira
1087778110,Valentina,Gonzalez,valentina.gonzalez1087778110@estudiante.edu.co,2002-11-16,Bucaramanga
73765362,Mateo,Gomez,mateo.gomez73765362@estudiante.edu.co,1998-12-21,Cucuta
76935515,Andres,Ramirez,andres.ramirez76935515@estudiante.edu.co,2000-01-05,Barranquilla
72944327,Mateo,Lopez,mateo.lopez72944327@estudiante.edu.co,2001-02-28,Cali
46460549,Alejandro,Lopez,alejandro.lopez46460549@estudiante.edu.co,2004-05-17,Barranquilla
56905064,Mateo,Torres,mateo.torres56905064@estudiante.edu.co,2002-06-07,Bucaramanga
95566876,Camila,Garcia,camila.garcia95566876@estudiante.edu.co,1999-10-21,Barranquilla
1078242391,Carlos,Sanchez,carlos.sanchez1078242391@estudiante.edu.co,2007-07-29,Medellin
1088808302,Juan,Martinez,juan.martinez1088808302@estudiante.edu.co,2000-01-19,Pereira
1027349081,Camila,Muñoz,camila.muñoz1027349081@estudiante.edu.co,1995-11-01,Medellin
1002999232,Juan,Rojas,juan.rojas1002999232@estudiante.edu.co,1998-05-11,Barranquilla
1060551250,Mateo,Garcia,mateo.garcia1060551250@estudiante.edu.co,2007-02-07,Cali
86735109,Valentina,Ramirez,valentina.ramirez86735109@estudiante.edu.co,2000-11-21,Medellin
99559472,Isabella,Rodriguez,isabella.rodriguez99559472@estudiante.edu.co,2006-11-29,Medellin
1030087054,Mateo,Martinez,mateo.martinez1030087054@estudiante.edu.co,1996-01-22,Bucaramanga
47513114,Isabella,Sanchez,isabella.sanchez47513114@estudiante.edu.co,2005-01-28,Pereira
77736792,Daniel,Ramirez,daniel.ramirez77736792@estudiante.edu.co,2002-03-19,Cucuta
1006243113,Carlos,Torres,carlos.torres1006243113@estudiante.edu.co,1999-01-07,Cucuta
68568066,Paula,Sanchez,paula.sanchez68568066@estudiante.edu.co,2007-11-06,Bucaramanga
58083218,Laura,Velasquez,laura.velasquez58083218@estudiante.edu.co,2005-03-15,Pereira
1027365641,Paula,Gonzalez,paula.gonzalez1027365641@estudiante.edu.co,1997-06-28,Bucaramanga
91776081,Andres,Torres,andres.torres91776081@estudiante.edu.co,2005-04-24,Cartagena
42372493,Paula,Silva,paula.silva42372493@estudiante.edu.co,1995-09-17,Pereira
1036845648,Santiago,Ramirez,santiago.ramirez1036845648@estudiante.edu.co,1996-04-08,Bogota
61541459,Mariana,Muñoz,mariana.muñoz61541459@estudiante.edu.co,2002-08-06,Cali
1052888393,Mariana,Gomez,mariana.gomez1052888393@estudiante.edu.co,2002-03-13,Bucaramanga
59687758,Sofia,Torres,sofia.torres59687758@estudiante.edu.co,2005-06-01,Ibague
76169277,Isabella,Muñoz,isabella.muñoz76169277@estudiante.edu.co,1998-03-12,Cucuta
95695927,Camila,Velasquez,camila.velasquez95695927@estudiante.edu.co,1999-11-08,Pereira
1034229900,Laura,Rodriguez,laura.rodriguez1034229900@estudiante.edu.co,2006-04-08,Cartagena
1080914649,Sofia,Silva,sofia.silva1080914649@estudiante.edu.co,2001-06-11,Cartagena
1002906642,Isabella,Garcia,isabella.garcia1002906642@estudiante.edu.co,2003-06-05,Barranquilla
1000086015,Laura,Torres,laura.torres1000086015@estudiante.edu.co,1997-05-05,Pereira
1069211066,Paula,Muñoz,paula.muñoz1069211066@estudiante.edu.co,2004-05-15,Cartagena
1079982935,Laura,Garcia,laura.garcia1079982935@estudiante.edu.co,2005-10-05,Bucaramanga
76511274,Isabella,Sanchez,isabella.sanchez76511274@estudiante.edu.co,2004-04-29,Bucaramanga
98946655,Daniel,Gomez,daniel.gomez98946655@estudiante.edu.co,2003-12-22,Barranquilla
91282504,Valentina,Rodriguez,valentina.rodriguez91282504@estudiante.edu.co,1998-11-29,Manizales
40481160,Camila,Gomez,camila.gomez40481160@estudiante.edu.co,2002-12-22,Manizales
32378262,Camila,Lopez,camila.lopez32378262@estudiante.edu.co,1995-12-22,Bogota
1041670295,Carlos,Velasquez,carlos.velasquez1041670295@estudiante.edu.co,2002-02-11,Cali
94806348,Camila,Torres,camila.torres94806348@estudiante.edu.co,2003-04-22,Bucaramanga
1014531020,Mariana,Rojas,mariana.rojas1014531020@estudiante.edu.co,2007-10-07,Ibague
1002630896,Carlos,Perez,carlos.perez1002630896@estudiante.edu.co,1995-03-19,Pereira
1076560650,Alejandro,Perez,alejandro.perez1076560650@estudiante.edu.co,1996-02-24,Bucaramanga
62161817,Alejandro,Gomez,alejandro.gomez62161817@estudiante.edu.co,1996-11-07,Pereira
1053427793,Sofia,Silva,sofia.silva1053427793@estudiante.edu.co,1996-12-27,Bucaramanga
1051229965,Alejandro,Ramirez,alejandro.ramirez1051229965@estudiante.edu.co,2005-08-03,Pereira
98593535,Andres,Velasquez,andres.velasquez98593535@estudiante.edu.co,2004-03-20,Pereira
58908923,Mateo,Lopez,mateo.lopez58908923@estudiante.edu.co,2005-09-18,Cartagena
51940394,Isabella,Torres,isabella.torres51940394@estudiante.edu.co,1998-05-10,Cali
1092099004,Valentina,Muñoz,valentina.muñoz1092099004@estudiante.edu.co,1997-07-28,Pereira
1077870472,Daniel,Sanchez,daniel.sanchez1077870472@estudiante.edu.co,2004-02-10,Bucaramanga
1060366477,Valentina,Velasquez,valentina.velasquez1060366477@estudiante.edu.co,2005-09-16,Barranquilla
92754237,Mateo,Martinez,mateo.martinez92754237@estudiante.edu.co,2007-01-05,Bucaramanga
44275067,Laura,Silva,laura.silva44275067@estudiante.edu.co,2003-04-02,Bogota
75703422,Sofia,Gonzalez,sofia.gonzalez75703422@estudiante.edu.co,2002-09-22,Barranquilla
69155895,Santiago,Perez,santiago.perez69155895@estudiante.edu.co,1996-05-11,Ibague
74061209,Gabriela,Silva,gabriela.silva74061209@estudiante.edu.co,1999-12-08,Cucuta
96990394,Gabriela,Velasquez,gabriela.velasquez96990394@estudiante.edu.co,2001-10-17,Cartagena
1043344423,Carlos,Sanchez,carlos.sanchez1043344423@estudiante.edu.co,2002-01-01,Manizales
30342339,Carlos,Silva,carlos.silva30342339@estudiante.edu.co,1998-06-04,Bogota
69639430,Juan,Gomez,juan.gomez69639430@estudiante.edu.co,2006-06-27,Bucaramanga
34135447,Carlos,Gomez,carlos.gomez34135447@estudiante.edu.co,2001-01-03,Bucaramanga
1097136726,Santiago,Muñoz,santiago.muñoz1097136726@estudiante.edu.co,1995-02-17,Pereira
1065996048,Mateo,Rodriguez,mateo.rodriguez1065996048@estudiante.edu.co,1996-06-26,Ibague
1081558869,Carlos,Rodriguez,carlos.rodriguez1081558869@estudiante.edu.co,2002-07-14,Pereira
1027281838,Santiago,Rodriguez,santiago.rodriguez1027281838@estudiante.edu.co,2004-10-04,Bogota
1001216343,Santiago,Sanchez,santiago.sanchez1001216343@estudiante.edu.co,2005-02-02,Bogota
70858674,Camila,Perez,camila.perez70858674@estudiante.edu.co,2007-08-30,Ibague
69473122,Andres,Gonzalez,andres.gonzalez69473122@estudiante.edu.co,2000-12-06,Pereira
1075120994,Juan,Sanchez,juan.sanchez1075120994@estudiante.edu.co,1997-01-04,Bucaramanga
66756166,Daniel,Rojas,daniel.rojas66756166@estudiante.edu.co,2001-01-31,Bogota
46507012,Camila,Martinez,camila.martinez46507012@estudiante.edu.co,1999-12-15,Ibague
1016932698,Sofia,Torres,sofia.torres1016932698@estudiante.edu.co,2001-03-11,Bogota
1087430593,Mariana,Silva,mariana.silva1087430593@estudiante.edu.co,2006-11-08,Barranquilla
77021295,Sofia,Velasquez,sofia.velasquez77021295@estudiante.edu.co,2004-01-03,Cali
1034855584,Sofia,Martinez,sofia.martinez1034855584@estudiante.edu.co,2000-11-11,Barranquilla
1002522378,Laura,Sanchez,laura.sanchez1002522378@estudiante.edu.co,2007-02-27,Cali
1058643809,Valentina,Muñoz,valentina.muñoz1058643809@estudiante.edu.co,2004-08-05,Pereira
61587776,Laura,Garcia,laura.garcia61587776@estudiante.edu.co,1997-02-19,Medellin
41241184,Gabriela,Martinez,gabriela.martinez41241184@estudiante.edu.co,1996-10-18,Ibague
67992873,Santiago,Martinez,santiago.martinez67992873@estudiante.edu.co,2007-03-06,Manizales
97164941,Carlos,Torres,carlos.torres97164941@estudiante.edu.co,1999-02-22,Manizales
1097316225,Santiago,Martinez,santiago.martinez1097316225@estudiante.edu.co,1995-09-11,Bogota
1063791456,Carlos,Silva,carlos.silva1063791456@estudiante.edu.co,1998-09-06,Pereira
76212741,Carlos,Torres,carlos.torres76212741@estudiante.edu.co,2004-03-25,Cartagena
1051543008,Daniel,Garcia,daniel.garcia1051543008@estudiante.edu.co,2003-11-20,Manizales
1079282932,Mariana,Silva,mariana.silva1079282932@estudiante.edu.co,2001-06-30,Bogota
1020969234,Valentina,Torres,valentina.torres1020969234@estudiante.edu.co,2007-12-16,Barranquilla
47428466,Sofia,Lopez,sofia.lopez47428466@estudiante.edu.co,1998-07-01,Bogota
47942054,Carlos,Perez,carlos.perez47942054@estudiante.edu.co,2005-08-09,Manizales
85650102,Laura,Velasquez,laura.velasquez85650102@estudiante.edu.co,1997-01-22,Cartagena
1019405648,Andres,Rodriguez,andres.rodriguez1019405648@estudiante.edu.co,2003-01-09,Cartagena
32740014,Laura,Rojas,laura.rojas32740014@estudiante.edu.co,1999-03-05,Cucuta
50130513,Daniel,Martinez,daniel.martinez50130513@estudiante.edu.co,2003-11-07,Bucaramanga
1001459690,Andres,Velasquez,andres.velasquez1001459690@estudiante.edu.co,2005-10-31,Cucuta
39955273,Valentina,Torres,valentina.torres39955273@estudiante.edu.co,2002-10-08,Medellin
83317638,Camila,Gomez,camila.gomez83317638@estudiante.edu.co,2000-06-18,Bucaramanga
42080030,Daniel,Rodriguez,daniel.rodriguez42080030@estudiante.edu.co,2000-04-11,Pereira
1002120812,Isabella,Ramirez,isabella.ramirez1002120812@estudiante.edu.co,2005-02-18,Cali
1080338792,Paula,Silva,paula.silva1080338792@estudiante.edu.co,2005-06-30,Cali
74837010,Carlos,Martinez,carlos.martinez74837010@estudiante.edu.co,2004-10-09,Cartagena
1033865029,Alejandro,Rojas,alejandro.rojas1033865029@estudiante.edu.co,2002-08-08,Ibague
54278818,Camila,Muñoz,camila.muñoz54278818@estudiante.edu.co,2006-11-06,Cartagena
43629730,Andres,Gonzalez,andres.gonzalez43629730@estudiante.edu.co,2001-02-25,Manizales
1016339611,Isabella,Garcia,isabella.garcia1016339611@estudiante.edu.co,1995-04-27,Manizales
66823257,Camila,Silva,camila.silva66823257@estudiante.edu.co,1999-09-21,Manizales
1021237999,Alejandro,Sanchez,alejandro.sanchez1021237999@estudiante.edu.co,2005-10-30,Cartagena
1086889567,Juan,Perez,juan.perez1086889567@estudiante.edu.co,2004-01-11,Barranquilla
1027448668,Mateo,Muñoz,mateo.muñoz1027448668@estudiante.edu.co,2006-06-23,Manizales
1080246206,Mateo,Rodriguez,mateo.rodriguez1080246206@estudiante.edu.co,2004-04-30,Barranquilla
1091524807,Daniel,Sanchez,daniel.sanchez1091524807@estudiante.edu.co,1995-02-04,Ibague
30553536,Santiago,Garcia,santiago.garcia30553536@estudiante.edu.co,1999-06-28,Bogota
30528867,Andres,Torres,andres.torres30528867@estudiante.edu.co,2002-05-16,Bogota
1070549705,Valentina,Sanchez,valentina.sanchez1070549705@estudiante.edu.co,1999-03-29,Barranquilla
90275419,Gabriela,Torres,gabriela.torres90275419@estudiante.edu.co,1999-07-14,Cali
67278608,Carlos,Martinez,carlos.martinez67278608@estudiante.edu.co,2007-01-10,Ibague
41144018,Alejandro,Velasquez,alejandro.velasquez41144018@estudiante.edu.co,2002-08-24,Manizales
54853938,Camila,Muñoz,camila.muñoz54853938@estudiante.edu.co,1995-04-10,Bogota
60266928,Sofia,Rojas,sofia.rojas60266928@estudiante.edu.co,2003-08-26,Cali
1004649926,Juan,Gonzalez,juan.gonzalez1004649926@estudiante.edu.co,2003-04-06,Cali
78284358,Laura,Rojas,laura.rojas78284358@estudiante.edu.co,2005-06-08,Cali
36431924,Alejandro,Silva,alejandro.silva36431924@estudiante.edu.co,2004-08-27,Cucuta
1074492944,Juan,Silva,juan.silva1074492944@estudiante.edu.co,1996-12-28,Cali
43675319,Mateo,Ramirez,mateo.ramirez43675319@estudiante.edu.co,1999-10-03,Medellin
1069845779,Santiago,Sanchez,santiago.sanchez1069845779@estudiante.edu.co,2003-04-20,Manizales
1010276295,Laura,Rojas,laura.rojas1010276295@estudiante.edu.co,2003-03-05,Pereira
63346971,Paula,Torres,paula.torres63346971@estudiante.edu.co,2004-07-08,Barranquilla
1081333337,Alejandro,Perez,alejandro.perez1081333337@estudiante.edu.co,2004-08-14,Cucuta
82603561,Juan,Gonzalez,juan.gonzalez82603561@estudiante.edu.co,2000-04-27,Cucuta
1010081523,Juan,Perez,juan.perez1010081523@estudiante.edu.co,2000-07-29,Cartagena
41015803,Daniel,Rodriguez,daniel.rodriguez41015803@estudiante.edu.co,2007-04-11,Cali
1036256627,Sofia,Martinez,sofia.martinez1036256627@estudiante.edu.co,2007-03-05,Medellin
1023431254,Carlos,Rodriguez,carlos.rodriguez1023431254@estudiante.edu.co,1995-01-24,Manizales
92037653,Alejandro,Muñoz,alejandro.muñoz92037653@estudiante.edu.co,1996-05-03,Manizales
1082224499,Valentina,Sanchez,valentina.sanchez1082224499@estudiante.edu.co,1998-12-09,Ibague
63289825,Andres,Rojas,andres.rojas63289825@estudiante.edu.co,1995-12-22,Bogota
1062511209,Gabriela,Muñoz,gabriela.muñoz1062511209@estudiante.edu.co,1998-09-10,Bogota
1038327151,Alejandro,Gonzalez,alejandro.gonzalez1038327151@estudiante.edu.co,2004-05-02,Cartagena
59019219,Daniel,Gonzalez,daniel.gonzalez59019219@estudiante.edu.co,1999-04-02,Ibague
32588483,Gabriela,Garcia,gabriela.garcia32588483@estudiante.edu.co,2003-09-26,Bogota
54222307,Juan,Muñoz,juan.muñoz54222307@estudiante.edu.co,2000-07-23,Medellin
1045338374,Andres,Perez,andres.perez1045338374@estudiante.edu.co,2001-10-26,Medellin
1017136658,Mariana,Ramirez,mariana.ramirez1017136658@estudiante.edu.co,1996-06-10,Bogota
79548545,Andres,Ramirez,andres.ramirez79548545@estudiante.edu.co,2005-01-26,Cali
1041641748,Camila,Rojas,camila.rojas1041641748@estudiante.edu.co,1998-07-25,Medellin
64577237,Mariana,Martinez,mariana.martinez64577237@estudiante.edu.co,1997-11-26,Cucuta
65921144,Laura,Velasquez,laura.velasquez65921144@estudiante.edu.co,2002-10-17,Cucuta
78342857,Paula,Gomez,paula.gomez78342857@estudiante.edu.co,2001-10-26,Pereira
64452514,Mariana,Martinez,mariana.martinez64452514@estudiante.edu.co,2000-06-01,Medellin
42355421,Mateo,Velasquez,mateo.velasquez42355421@estudiante.edu.co,2007-08-29,Manizales
86945574,Alejandro,Velasquez,alejandro.velasquez86945574@estudiante.edu.co,1997-11-29,Cucuta
86543940,Valentina,Velasquez,valentina.velasquez86543940@estudiante.edu.co,2007-08-07,Cali
1008476974,Sofia,Torres,sofia.torres1008476974@estudiante.edu.co,2003-03-19,Cucuta
1010925452,Mariana,Sanchez,mariana.sanchez1010925452@estudiante.edu.co,2004-10-25,Cartagena
1022603959,Isabella,Ramirez,isabella.ramirez1022603959@estudiante.edu.co,2002-01-26,Manizales
1020383363,Mateo,Rodriguez,mateo.rodriguez1020383363@estudiante.edu.co,1998-03-22,Medellin
84273332,Andres,Ramirez,andres.ramirez84273332@estudiante.edu.co,1999-03-10,Medellin
1031932622,Paula,Gomez,paula.gomez1031932622@estudiante.edu.co,2000-02-27,Bogota
1014870267,Juan,Sanchez,juan.sanchez1014870267@estudiante.edu.co,2001-02-07,Barranquilla
1036531208,Valentina,Ramirez,valentina.ramirez1036531208@estudiante.edu.co,2004-12-02,Bogota
44548864,Daniel,Rodriguez,daniel.rodriguez44548864@estudiante.edu.co,2003-04-05,Ibague
64647131,Mateo,Rodriguez,mateo.rodriguez64647131@estudiante.edu.co,2004-09-26,Barranquilla
94611607,Andres,Gonzalez,andres.gonzalez94611607@estudiante.edu.co,2004-06-17,Manizales
81922007,Camila,Martinez,camila.martinez81922007@estudiante.edu.co,1998-06-29,Bucaramanga
40626415,Carlos,Muñoz,carlos.muñoz40626415@estudiante.edu.co,1999-05-20,Pereira
1061592370,Juan,Velasquez,juan.velasquez1061592370@estudiante.edu.co,2005-07-09,Cucuta
84889325,Paula,Garcia,paula.garcia84889325@estudiante.edu.co,2007-03-09,Manizales
1063328593,Alejandro,Martinez,alejandro.martinez1063328593@estudiante.edu.co,1997-09-30,Pereira
75129376,Mariana,Gomez,mariana.gomez75129376@estudiante.edu.co,2003-08-04,Bogota
1085726034,Gabriela,Muñoz,gabriela.muñoz1085726034@estudiante.edu.co,2005-09-24,Bucaramanga
1027106362,Daniel,Gonzalez,daniel.gonzalez1027106362@estudiante.edu.co,1996-07-08,Cartagena
83985115,Camila,Velasquez,camila.velasquez83985115@estudiante.edu.co,2005-10-04,Bucaramanga
1093339887,Daniel,Torres,daniel.torres1093339887@estudiante.edu.co,2002-02-01,Bucaramanga
90962093,Mariana,Perez,mariana.perez90962093@estudiante.edu.co,1996-08-24,Barranquilla
39426001,Mariana,Silva,mariana.silva39426001@estudiante.edu.co,2002-03-17,Pereira
60328166,Mateo,Perez,mateo.perez60328166@estudiante.edu.co,1998-08-03,Manizales
1069677282,Santiago,Gonzalez,santiago.gonzalez1069677282@estudiante.edu.co,2007-05-08,Bogota
81410689,Daniel,Silva,daniel.silva81410689@estudiante.edu.co,2001-06-07,Bogota
59822375,Santiago,Muñoz,santiago.muñoz59822375@estudiante.edu.co,1995-06-22,Manizales
1055970216,Laura,Gomez,laura.gomez1055970216@estudiante.edu.co,2000-12-11,Medellin
1093834814,Mariana,Gomez,mariana.gomez1093834814@estudiante.edu.co,1999-09-11,Cali
1027369144,Camila,Perez,camila.perez1027369144@estudiante.edu.co,2005-11-20,Cartagena
1079453366,Santiago,Velasquez,santiago.velasquez1079453366@estudiante.edu.co,2006-03-03,Cartagena
59339570,Alejandro,Martinez,alejandro.martinez59339570@estudiante.edu.co,2004-03-22,Cartagena
65490617,Mateo,Torres,mateo.torres65490617@estudiante.edu.co,1998-03-24,Cucuta
1074174161,Mariana,Silva,mariana.silva1074174161@estudiante.edu.co,2004-03-13,Pereira
1031991676,Laura,Rojas,laura.rojas1031991676@estudiante.edu.co,2007-01-17,Bucaramanga
1058508845,Paula,Lopez,paula.lopez1058508845@estudiante.edu.co,1999-07-26,Manizales
58328778,Valentina,Gonzalez,valentina.gonzalez58328778@estudiante.edu.co,2006-10-08,Cucuta
98817235,Gabriela,Gomez,gabriela.gomez98817235@estudiante.edu.co,2004-10-11,Barranquilla
1063787846,Isabella,Gomez,isabella.gomez1063787846@estudiante.edu.co,2003-05-21,Barranquilla
54631318,Isabella,Silva,isabella.silva54631318@estudiante.edu.co,2005-02-20,Manizales
1058732174,Sofia,Rodriguez,sofia.rodriguez1058732174@estudiante.edu.co,2006-04-25,Barranquilla
94525935,Camila,Sanchez,camila.sanchez94525935@estudiante.edu.co,1999-05-28,Barranquilla
1077148274,Carlos,Ramirez,carlos.ramirez1077148274@estudiante.edu.co,2004-04-02,Cartagena
38887883,Gabriela,Perez,gabriela.perez38887883@estudiante.edu.co,1998-04-25,Pereira
75262049,Sofia,Gomez,sofia.gomez75262049@estudiante.edu.co,2002-11-30,Bogota
80497388,Isabella,Silva,isabella.silva80497388@estudiante.edu.co,1995-11-03,Medellin
30521549,Alejandro,Garcia,alejandro.garcia30521549@estudiante.edu.co,1997-10-31,Cartagena
1088962926,Juan,Perez,juan.perez1088962926@estudiante.edu.co,2001-03-30,Bucaramanga
1022518339,Gabriela,Martinez,gabriela.martinez1022518339@estudiante.edu.co,1998-04-03,Cucuta
1077823333,Daniel,Torres,daniel.torres1077823333@estudiante.edu.co,1997-06-10,Barranquilla
39353726,Juan,Gonzalez,juan.gonzalez39353726@estudiante.edu.co,1997-11-14,Medellin
64430320,Isabella,Lopez,isabella.lopez64430320@estudiante.edu.co,2007-05-15,Cartagena
37660676,Valentina,Ramirez,valentina.ramirez37660676@estudiante.edu.co,2004-08-07,Medellin
54027117,Santiago,Martinez,santiago.martinez54027117@estudiante.edu.co,2006-09-06,Cucuta
71682229,Isabella,Velasquez,isabella.velasquez71682229@estudiante.edu.co,1998-06-17,Bogota
42800371,Daniel,Silva,daniel.silva42800371@estudiante.edu.co,1995-07-29,Manizales
99207236,Laura,Velasquez,laura.velasquez99207236@estudiante.edu.co,2002-07-22,Cartagena
80212972,Laura,Sanchez,laura.sanchez80212972@estudiante.edu.co,2007-08-13,Manizales
1090099972,Isabella,Gomez,isabella.gomez1090099972@estudiante.edu.co,1998-10-18,Cucuta
61973056,Laura,Silva,laura.silva61973056@estudiante.edu.co,1995-03-29,Manizales
92282202,Mateo,Martinez,mateo.martinez92282202@estudiante.edu.co,1999-02-28,Bogota
1019835942,Santiago,Perez,santiago.perez1019835942@estudiante.edu.co,2002-01-10,Barranquilla
97279574,Isabella,Garcia,isabella.garcia97279574@estudiante.edu.co,2002-11-14,Bogota
65041172,Mateo,Martinez,mateo.martinez65041172@estudiante.edu.co,2000-12-04,Cali
1006676900,Santiago,Gonzalez,santiago.gonzalez1006676900@estudiante.edu.co,1995-06-30,Ibague
73644377,Daniel,Torres,daniel.torres73644377@estudiante.edu.co,2006-02-17,Pereira
1038452621,Mateo,Sanchez,mateo.sanchez1038452621@estudiante.edu.co,1998-09-10,Pereira
97437464,Andres,Garcia,andres.garcia97437464@estudiante.edu.co,2007-11-21,Manizales
69585647,Laura,Garcia,laura.garcia69585647@estudiante.edu.co,1998-10-21,Cucuta
54873600,Juan,Torres,juan.torres54873600@estudiante.edu.co,2001-03-03,Bucaramanga
30251704,Juan,Lopez,juan.lopez30251704@estudiante.edu.co,1996-07-28,Manizales
30879147,Andres,Ramirez,andres.ramirez30879147@estudiante.edu.co,2004-12-03,Medellin
35773949,Isabella,Garcia,isabella.garcia35773949@estudiante.edu.co,2000-04-18,Pereira
1041139961,Camila,Garcia,camila.garcia1041139961@estudiante.edu.co,1999-11-16,Manizales
43141106,Valentina,Garcia,valentina.garcia43141106@estudiante.edu.co,1995-10-26,Ibague
1084379707,Carlos,Muñoz,carlos.muñoz1084379707@estudiante.edu.co,2004-06-21,Cali
74039400,Alejandro,Muñoz,alejandro.muñoz74039400@estudiante.edu.co,2003-05-23,Ibague
62941780,Gabriela,Lopez,gabriela.lopez62941780@estudiante.edu.co,2007-07-09,Bucaramanga
98045764,Andres,Silva,andres.silva98045764@estudiante.edu.co,1997-06-28,Manizales
44488173,Paula,Gonzalez,paula.gonzalez44488173@estudiante.edu.co,2007-08-23,Ibague
1089243968,Isabella,Gomez,isabella.gomez1089243968@estudiante.edu.co,1995-01-09,Barranquilla
98601766,Mariana,Ramirez,mariana.ramirez98601766@estudiante.edu.co,1998-07-30,Pereira
1058034874,Mateo,Torres,mateo.torres1058034874@estudiante.edu.co,1998-09-16,Cucuta
1066651045,Santiago,Martinez,santiago.martinez1066651045@estudiante.edu.co,1995-01-22,Barranquilla
47657401,Isabella,Garcia,isabella.garcia47657401@estudiante.edu.co,1997-10-04,Pereira
98941737,Sofia,Ramirez,sofia.ramirez98941737@estudiante.edu.co,1998-06-01,Medellin
1011682107,Gabriela,Muñoz,gabriela.muñoz1011682107@estudiante.edu.co,2001-06-15,Bogota
60890646,Valentina,Sanchez,valentina.sanchez60890646@estudiante.edu.co,1995-06-26,Bogota
92994039,Camila,Rojas,camila.rojas92994039@estudiante.edu.co,2002-11-26,Medellin
1031276506,Sofia,Rojas,sofia.rojas1031276506@estudiante.edu.co,1997-11-22,Cartagena
1047289672,Andres,Gonzalez,andres.gonzalez1047289672@estudiante.edu.co,2007-06-07,Cali
1074445391,Andres,Muñoz,andres.muñoz1074445391@estudiante.edu.co,2004-08-22,Bogota
1054060095,Isabella,Garcia,isabella.garcia1054060095@estudiante.edu.co,2001-11-26,Cucuta
73639450,Daniel,Silva,daniel.silva73639450@estudiante.edu.co,2006-09-28,Bogota
1005252896,Carlos,Velasquez,carlos.velasquez1005252896@estudiante.edu.co,2000-05-13,Cucuta
1043464237,Santiago,Torres,santiago.torres1043464237@estudiante.edu.co,1999-03-18,Bogota
1028142032,Mariana,Gonzalez,mariana.gonzalez1028142032@estudiante.edu.co,1995-06-15,Manizales
34014568,Santiago,Garcia,santiago.garcia34014568@estudiante.edu.co,1998-03-10,Manizales
40026364,Laura,Sanchez,laura.sanchez40026364@estudiante.edu.co,2004-07-20,Bucaramanga
92877401,Valentina,Gomez,valentina.gomez92877401@estudiante.edu.co,2007-07-15,Cucuta
71664164,Gabriela,Rodriguez,gabriela.rodriguez71664164@estudiante.edu.co,2004-09-17,Bucaramanga
1038829720,Sofia,Torres,sofia.torres1038829720@estudiante.edu.co,2006-11-17,Cali
1005253816,Gabriela,Perez,gabriela.perez1005253816@estudiante.edu.co,1997-10-16,Cucuta
1026850773,Juan,Lopez,juan.lopez1026850773@estudiante.edu.co,2002-07-11,Medellin
56532874,Carlos,Garcia,carlos.garcia56532874@estudiante.edu.co,2004-04-12,Barranquilla
72082182,Daniel,Muñoz,daniel.muñoz72082182@estudiante.edu.co,1995-10-09,Pereira
1092119995,Juan,Martinez,juan.martinez1092119995@estudiante.edu.co,2004-07-09,Manizales
81050630,Juan,Martinez,juan.martinez81050630@estudiante.edu.co,2002-08-18,Cucuta
58743392,Camila,Gomez,camila.gomez58743392@estudiante.edu.co,1995-03-25,Manizales
53376426,Paula,Ramirez,paula.ramirez53376426@estudiante.edu.co,2007-02-14,Cucuta
89088584,Juan,Velasquez,juan.velasquez89088584@estudiante.edu.co,1995-08-06,Cali
1061231308,Santiago,Martinez,santiago.martinez1061231308@estudiante.edu.co,2006-10-22,Cartagena
1075807469,Sofia,Silva,sofia.silva1075807469@estudiante.edu.co,2000-02-23,Cartagena
44633610,Paula,Garcia,paula.garcia44633610@estudiante.edu.co,2005-08-05,Cali
1068439075,Mariana,Muñoz,mariana.muñoz1068439075@estudiante.edu.co,2001-08-05,Manizales
1073290315,Mariana,Rodriguez,mariana.rodriguez1073290315@estudiante.edu.co,2002-05-02,Bogota
1055431005,Santiago,Silva,santiago.silva1055431005@estudiante.edu.co,2007-07-07,Cucuta
51961734,Santiago,Sanchez,santiago.sanchez51961734@estudiante.edu.co,2005-04-19,Cartagena
1015934812,Santiago,Velasquez,santiago.velasquez1015934812@estudiante.edu.co,2000-09-14,Cartagena
1086199306,Valentina,Gonzalez,valentina.gonzalez1086199306@estudiante.edu.co,1995-11-04,Medellin
44815062,Alejandro,Perez,alejandro.perez44815062@estudiante.edu.co,1998-04-02,Pereira
1088342612,Isabella,Rojas,isabella.rojas1088342612@estudiante.edu.co,1996-04-11,Medellin
1096034104,Carlos,Garcia,carlos.garcia1096034104@estudiante.edu.co,2006-06-05,Bogota
1004647477,Mariana,Rojas,mariana.rojas1004647477@estudiante.edu.co,2002-07-05,Cali
1054736697,Alejandro,Silva,alejandro.silva1054736697@estudiante.edu.co,1998-06-19,Cartagena
87558600,Paula,Muñoz,paula.muñoz87558600@estudiante.edu.co,2004-06-21,Barranquilla
67835197,Isabella,Garcia,isabella.garcia67835197@estudiante.edu.co,1996-07-27,Pereira
1075802881,Daniel,Gomez,daniel.gomez1075802881@estudiante.edu.co,1995-08-20,Bogota
40008755,Sofia,Martinez,sofia.martinez40008755@estudiante.edu.co,2002-02-04,Barranquilla
73920335,Daniel,Torres,daniel.torres73920335@estudiante.edu.co,2000-06-03,Medellin
1025230429,Valentina,Muñoz,valentina.muñoz1025230429@estudiante.edu.co,2007-12-23,Medellin
1084304491,Camila,Sanchez,camila.sanchez1084304491@estudiante.edu.co,2004-07-19,Bucaramanga
57059330,Santiago,Rodriguez,santiago.rodriguez57059330@estudiante.edu.co,2001-01-10,Barranquilla
1002569081,Carlos,Rojas,carlos.rojas1002569081@estudiante.edu.co,1999-02-08,Cucuta
35964218,Juan,Gomez,juan.gomez35964218@estudiante.edu.co,2003-12-31,Cali
32357149,Alejandro,Silva,alejandro.silva32357149@estudiante.edu.co,1997-01-08,Bogota
99716740,Sofia,Muñoz,sofia.muñoz99716740@estudiante.edu.co,2002-09-14,Bogota
1076822960,Camila,Rodriguez,camila.rodriguez1076822960@estudiante.edu.co,2000-11-17,Bucaramanga
1069680920,Valentina,Silva,valentina.silva1069680920@estudiante.edu.co,1997-07-10,Barranquilla
72843053,Carlos,Gomez,carlos.gomez72843053@estudiante.edu.co,2003-10-12,Cali
54762361,Daniel,Rodriguez,daniel.rodriguez54762361@estudiante.edu.co,1995-04-23,Cali
1067061193,Gabriela,Rojas,gabriela.rojas1067061193@estudiante.edu.co,2000-06-21,Bogota
80735074,Andres,Garcia,andres.garcia80735074@estudiante.edu.co,2005-05-10,Manizales
1051038340,Andres,Ramirez,andres.ramirez1051038340@estudiante.edu.co,2004-12-23,Medellin
1020381018,Juan,Martinez,juan.martinez1020381018@estudiante.edu.co,2004-03-30,Cucuta
56078773,Gabriela,Muñoz,gabriela.muñoz56078773@estudiante.edu.co,1996-09-23,Bucaramanga
1024688851,Santiago,Sanchez,santiago.sanchez1024688851@estudiante.edu.co,2004-01-20,Barranquilla
1011684510,Mariana,Garcia,mariana.garcia1011684510@estudiante.edu.co,2006-02-11,Manizales
91918871,Mariana,Rodriguez,mariana.rodriguez91918871@estudiante.edu.co,1996-08-27,Cartagena
1093191345,Mateo,Rojas,mateo.rojas1093191345@estudiante.edu.co,2004-12-08,Manizales
1013764389,Mateo,Velasquez,mateo.velasquez1013764389@estudiante.edu.co,2006-10-31,Cartagena
96200203,Andres,Sanchez,andres.sanchez96200203@estudiante.edu.co,2003-11-25,Pereira
46719142,Gabriela,Gonzalez,gabriela.gonzalez46719142@estudiante.edu.co,1996-09-27,Bogota
1096887822,Juan,Rodriguez,juan.rodriguez1096887822@estudiante.edu.co,1999-12-18,Bucaramanga
1022631926,Isabella,Rodriguez,isabella.rodriguez1022631926@estudiante.edu.co,2004-12-06,Manizales
1008125253,Daniel,Torres,daniel.torres1008125253@estudiante.edu.co,2006-03-24,Bucaramanga
1084679135,Isabella,Ramirez,isabella.ramirez1084679135@estudiante.edu.co,1995-07-09,Bogota
1026366483,Daniel,Lopez,daniel.lopez1026366483@estudiante.edu.co,2002-12-04,Barranquilla
49795450,Juan,Silva,juan.silva49795450@estudiante.edu.co,2003-04-14,Bucaramanga
82705109,Laura,Sanchez,laura.sanchez82705109@estudiante.edu.co,2004-11-17,Bucaramanga
97189889,Isabella,Martinez,isabella.martinez97189889@estudiante.edu.co,2002-09-06,Cartagena
1015587628,Sofia,Gomez,sofia.gomez1015587628@estudiante.edu.co,1995-12-11,Manizales
61281561,Santiago,Silva,santiago.silva61281561@estudiante.edu.co,1999-04-23,Cartagena
1098553705,Isabella,Velasquez,isabella.velasquez1098553705@estudiante.edu.co,2003-05-15,Bogota
1055488599,Mariana,Muñoz,mariana.muñoz1055488599@estudiante.edu.co,2000-04-06,Barranquilla
71973506,Santiago,Gonzalez,santiago.gonzalez71973506@estudiante.edu.co,2005-04-13,Bogota
62046336,Gabriela,Martinez,gabriela.martinez62046336@estudiante.edu.co,2002-03-14,Manizales
1026481235,Valentina,Rodriguez,valentina.rodriguez1026481235@estudiante.edu.co,2000-10-30,Barranquilla
81154638,Daniel,Garcia,daniel.garcia81154638@estudiante.edu.co,2005-04-25,Ibague
1018935310,Sofia,Rojas,sofia.rojas1018935310@estudiante.edu.co,1995-08-30,Bucaramanga
88562685,Mateo,Perez,mateo.perez88562685@estudiante.edu.co,2006-05-28,Ibague
72097380,Gabriela,Torres,gabriela.torres72097380@estudiante.edu.co,1997-03-24,Barranquilla
34211040,Mateo,Gomez,mateo.gomez34211040@estudiante.edu.co,1996-04-22,Cucuta
46110335,Mateo,Silva,mateo.silva46110335@estudiante.edu.co,2007-10-18,Pereira
57423173,Santiago,Perez,santiago.perez57423173@estudiante.edu.co,2004-03-29,Ibague
97318818,Daniel,Garcia,daniel.garcia97318818@estudiante.edu.co,2001-09-30,Bucaramanga
1006408812,Mariana,Rodriguez,mariana.rodriguez1006408812@estudiante.edu.co,2004-03-20,Bucaramanga
35925313,Alejandro,Rojas,alejandro.rojas35925313@estudiante.edu.co,1998-08-05,Medellin
34951508,Laura,Torres,laura.torres34951508@estudiante.edu.co,2006-10-04,Ibague
1013536421,Mateo,Torres,mateo.torres1013536421@estudiante.edu.co,2004-11-16,Bucaramanga
1027095780,Mateo,Muñoz,mateo.muñoz1027095780@estudiante.edu.co,2001-02-15,Cali
1032741102,Valentina,Garcia,valentina.garcia1032741102@estudiante.edu.co,2004-08-15,Ibague
1078657328,Valentina,Perez,valentina.perez1078657328@estudiante.edu.co,2000-09-15,Pereira
1028473744,Gabriela,Perez,gabriela.perez1028473744@estudiante.edu.co,1996-12-24,Ibague
97489250,Mariana,Lopez,mariana.lopez97489250@estudiante.edu.co,1995-04-14,Cartagena
1042401809,Santiago,Muñoz,santiago.muñoz1042401809@estudiante.edu.co,1999-12-30,Medellin
1065450762,Valentina,Ramirez,valentina.ramirez1065450762@estudiante.edu.co,1999-05-31,Cucuta
68049579,Valentina,Silva,valentina.silva68049579@estudiante.edu.co,2003-06-08,Cali
1082178263,Daniel,Ramirez,daniel.ramirez1082178263@estudiante.edu.co,1995-01-07,Barranquilla
51051734,Mateo,Ramirez,mateo.ramirez51051734@estudiante.edu.co,1995-07-29,Cucuta
1051111617,Mateo,Velasquez,mateo.velasquez1051111617@estudiante.edu.co,2000-08-15,Bogota
90614302,Mateo,Rojas,mateo.rojas90614302@estudiante.edu.co,1996-04-29,Cali
73601441,Mateo,Torres,mateo.torres73601441@estudiante.edu.co,2006-11-29,Ibague
40335502,Juan,Perez,juan.perez40335502@estudiante.edu.co,2002-10-21,Bucaramanga
1026817029,Juan,Ramirez,juan.ramirez1026817029@estudiante.edu.co,2002-10-09,Cucuta
79668873,Alejandro,Muñoz,alejandro.muñoz79668873@estudiante.edu.co,1999-05-09,Ibague
1014561849,Mariana,Muñoz,mariana.muñoz1014561849@estudiante.edu.co,1999-10-18,Bucaramanga
31526175,Mariana,Muñoz,mariana.muñoz31526175@estudiante.edu.co,2003-04-02,Cartagena
96872405,Mariana,Rojas,mariana.rojas96872405@estudiante.edu.co,2004-04-27,Medellin
1063421439,Valentina,Sanchez,valentina.sanchez1063421439@estudiante.edu.co,2006-12-06,Ibague
1041124038,Valentina,Gonzalez,valentina.gonzalez1041124038@estudiante.edu.co,1995-10-24,Barranquilla
1033409033,Mateo,Rojas,mateo.rojas1033409033@estudiante.edu.co,2003-12-31,Medellin
35148325,Laura,Martinez,laura.martinez35148325@estudiante.edu.co,2002-10-19,Cali
58506081,Valentina,Gomez,valentina.gomez58506081@estudiante.edu.co,2003-08-25,Bucaramanga
34359633,Laura,Rojas,laura.rojas34359633@estudiante.edu.co,1999-08-15,Bogota
1080641363,Paula,Ramirez,paula.ramirez1080641363@estudiante.edu.co,2002-06-29,Bogota
1061381983,Valentina,Garcia,valentina.garcia1061381983@estudiante.edu.co,1996-03-05,Barranquilla
1075620440,Isabella,Muñoz,isabella.muñoz1075620440@estudiante.edu.co,1999-03-18,Cali
1055279062,Camila,Ramirez,camila.ramirez1055279062@estudiante.edu.co,1997-10-02,Ibague
69545877,Sofia,Muñoz,sofia.muñoz69545877@estudiante.edu.co,2006-01-31,Cartagena
97819652,Santiago,Muñoz,santiago.muñoz97819652@estudiante.edu.co,1997-12-13,Cucuta
62654827,Carlos,Muñoz,carlos.muñoz62654827@estudiante.edu.co,2004-01-16,Bogota
1054597235,Andres,Muñoz,andres.muñoz1054597235@estudiante.edu.co,2001-01-08,Ibague
95365536,Paula,Torres,paula.torres95365536@estudiante.edu.co,1997-10-27,Manizales
91177456,Laura,Rodriguez,laura.rodriguez91177456@estudiante.edu.co,2004-07-22,Cartagena
72894975,Paula,Perez,paula.perez72894975@estudiante.edu.co,1995-07-31,Ibague
1055047615,Paula,Rodriguez,paula.rodriguez1055047615@estudiante.edu.co,2004-03-12,Bucaramanga
1029019464,Sofia,Rojas,sofia.rojas1029019464@estudiante.edu.co,1999-05-09,Bucaramanga
56391543,Carlos,Perez,carlos.perez56391543@estudiante.edu.co,1996-10-19,Barranquilla
73707501,Andres,Gonzalez,andres.gonzalez73707501@estudiante.edu.co,2005-05-12,Bucaramanga
50106554,Sofia,Garcia,sofia.garcia50106554@estudiante.edu.co,2003-08-28,Manizales
31872850,Paula,Sanchez,paula.sanchez31872850@estudiante.edu.co,1995-03-05,Bogota
1086110255,Mateo,Rodriguez,mateo.rodriguez1086110255@estudiante.edu.co,1997-02-24,Cucuta
1008207166,Santiago,Lopez,santiago.lopez1008207166@estudiante.edu.co,2002-03-26,Medellin
1018190109,Juan,Rodriguez,juan.rodriguez1018190109@estudiante.edu.co,2004-10-01,Cali
1046960505,Andres,Martinez,andres.martinez1046960505@estudiante.edu.co,1995-03-05,Ibague
78900683,Laura,Rojas,laura.rojas78900683@estudiante.edu.co,2003-03-22,Cali
64017154,Alejandro,Sanchez,alejandro.sanchez64017154@estudiante.edu.co,2001-02-04,Manizales
84474702,Camila,Garcia,camila.garcia84474702@estudiante.edu.co,2000-05-27,Cartagena
1051906138,Juan,Lopez,juan.lopez1051906138@estudiante.edu.co,1995-11-15,Cali
97116961,Andres,Gomez,andres.gomez97116961@estudiante.edu.co,1997-02-09,Cali
1056259919,Camila,Sanchez,camila.sanchez1056259919@estudiante.edu.co,1999-11-16,Manizales
90703282,Carlos,Ramirez,carlos.ramirez90703282@estudiante.edu.co,1999-03-06,Medellin
85592705,Gabriela,Torres,gabriela.torres85592705@estudiante.edu.co,2004-02-17,Bogota
1081709001,Santiago,Rodriguez,santiago.rodriguez1081709001@estudiante.edu.co,1998-08-29,Bucaramanga
70991318,Sofia,Ramirez,sofia.ramirez70991318@estudiante.edu.co,1995-11-11,Bogota
86673567,Carlos,Ramirez,carlos.ramirez86673567@estudiante.edu.co,2005-05-08,Pereira
57631307,Camila,Rodriguez,camila.rodriguez57631307@estudiante.edu.co,2005-09-06,Cali
1051150626,Santiago,Gomez,santiago.gomez1051150626@estudiante.edu.co,1995-04-24,Pereira
50286559,Camila,Gomez,camila.gomez50286559@estudiante.edu.co,2006-10-27,Cali
63730029,Mariana,Garcia,mariana.garcia63730029@estudiante.edu.co,2001-11-05,Cali
1009833083,Camila,Velasquez,camila.velasquez1009833083@estudiante.edu.co,2001-11-24,Medellin
1078595378,Santiago,Silva,santiago.silva1078595378@estudiante.edu.co,1995-06-25,Bucaramanga
75526373,Santiago,Gonzalez,santiago.gonzalez75526373@estudiante.edu.co,2005-05-14,Cucuta
31044264,Laura,Perez,laura.perez31044264@estudiante.edu.co,1999-04-30,Ibague
1059839706,Alejandro,Garcia,alejandro.garcia1059839706@estudiante.edu.co,2002-01-30,Manizales
1071769033,Mateo,Lopez,mateo.lopez1071769033@estudiante.edu.co,2006-10-28,Medellin
1094029895,Daniel,Velasquez,daniel.velasquez1094029895@estudiante.edu.co,2004-08-28,Bogota
95920333,Paula,Rojas,paula.rojas95920333@estudiante.edu.co,1996-05-19,Ibague
1097366764,Camila,Martinez,camila.martinez1097366764@estudiante.edu.co,2006-07-27,Bucaramanga
78975518,Mateo,Ramirez,mateo.ramirez78975518@estudiante.edu.co,2001-07-31,Pereira
1082062498,Carlos,Martinez,carlos.martinez1082062498@estudiante.edu.co,2002-12-17,Bucaramanga
1050260879,Sofia,Rodriguez,sofia.rodriguez1050260879@estudiante.edu.co,1996-05-23,Manizales
91234350,Camila,Gomez,camila.gomez91234350@estudiante.edu.co,2005-08-25,Bucaramanga
80920316,Daniel,Lopez,daniel.lopez80920316@estudiante.edu.co,2002-10-08,Pereira
1033618950,Sofia,Torres,sofia.torres1033618950@estudiante.edu.co,2001-11-17,Cartagena
1098353906,Carlos,Perez,carlos.perez1098353906@estudiante.edu.co,1999-06-15,Cali
1096819001,Sofia,Muñoz,sofia.muñoz1096819001@estudiante.edu.co,1995-04-20,Cucuta
74937970,Valentina,Rodriguez,valentina.rodriguez74937970@estudiante.edu.co,2005-05-04,Pereira
31840117,Santiago,Perez,santiago.perez31840117@estudiante.edu.co,2001-04-28,Pereira
51938996,Juan,Martinez,juan.martinez51938996@estudiante.edu.co,1995-04-21,Cali
1047641302,Paula,Rojas,paula.rojas1047641302@estudiante.edu.co,2000-03-26,Cucuta
1058431345,Camila,Gomez,camila.gomez1058431345@estudiante.edu.co,2000-07-12,Bucaramanga
79193240,Carlos,Velasquez,carlos.velasquez79193240@estudiante.edu.co,2006-07-20,Bucaramanga
1095177360,Mariana,Muñoz,mariana.muñoz1095177360@estudiante.edu.co,2005-11-29,Manizales
49319271,Sofia,Rodriguez,sofia.rodriguez49319271@estudiante.edu.co,2005-03-01,Bogota
1088090832,Gabriela,Martinez,gabriela.martinez1088090832@estudiante.edu.co,2003-03-19,Barranquilla
1087634470,Paula,Ramirez,paula.ramirez1087634470@estudiante.edu.co,1998-08-29,Cucuta
96365176,Daniel,Martinez,daniel.martinez96365176@estudiante.edu.co,2001-02-06,Medellin
44482005,Camila,Torres,camila.torres44482005@estudiante.edu.co,1995-07-25,Cali
99135707,Laura,Muñoz,laura.muñoz99135707@estudiante.edu.co,1998-04-05,Cucuta
97812410,Sofia,Martinez,sofia.martinez97812410@estudiante.edu.co,2007-10-12,Barranquilla
1031917009,Sofia,Rojas,sofia.rojas1031917009@estudiante.edu.co,1998-03-04,Barranquilla
1066416180,Juan,Garcia,juan.garcia1066416180@estudiante.edu.co,2001-12-10,Ibague
1012180694,Laura,Velasquez,laura.velasquez1012180694@estudiante.edu.co,2006-07-02,Cartagena
1044149811,Mariana,Velasquez,mariana.velasquez1044149811@estudiante.edu.co,2001-10-31,Manizales
61318067,Valentina,Ramirez,valentina.ramirez61318067@estudiante.edu.co,1996-07-10,Pereira
76589706,Daniel,Rojas,daniel.rojas76589706@estudiante.edu.co,2001-09-27,Medellin
1046548656,Santiago,Velasquez,santiago.velasquez1046548656@estudiante.edu.co,2004-12-13,Cali
69737231,Isabella,Lopez,isabella.lopez69737231@estudiante.edu.co,2000-11-02,Pereira
1096169576,Laura,Ramirez,laura.ramirez1096169576@estudiante.edu.co,2004-05-16,Manizales
1034304829,Valentina,Ramirez,valentina.ramirez1034304829@estudiante.edu.co,2002-02-05,Ibague
72988843,Carlos,Muñoz,carlos.muñoz72988843@estudiante.edu.co,2007-12-25,Manizales
1037625079,Mateo,Rodriguez,mateo.rodriguez1037625079@estudiante.edu.co,2001-10-01,Manizales
82190728,Daniel,Perez,daniel.perez82190728@estudiante.edu.co,1995-01-15,Barranquilla
1003803393,Daniel,Velasquez,daniel.velasquez1003803393@estudiante.edu.co,1996-05-18,Ibague
1081826544,Camila,Garcia,camila.garcia1081826544@estudiante.edu.co,2002-02-08,Cali
42661472,Andres,Lopez,andres.lopez42661472@estudiante.edu.co,2003-09-21,Ibague
1082762593,Mariana,Gonzalez,mariana.gonzalez1082762593@estudiante.edu.co,2005-06-15,Bogota
43113754,Carlos,Martinez,carlos.martinez43113754@estudiante.edu.co,2003-11-06,Barranquilla
1064187981,Alejandro,Lopez,alejandro.lopez1064187981@estudiante.edu.co,2007-04-13,Pereira
42071246,Gabriela,Sanchez,gabriela.sanchez42071246@estudiante.edu.co,2004-04-09,Manizales
75653548,Daniel,Ramirez,daniel.ramirez75653548@estudiante.edu.co,2001-05-17,Manizales
1043439501,Isabella,Martinez,isabella.martinez1043439501@estudiante.edu.co,1999-10-12,Ibague
65598875,Santiago,Gomez,santiago.gomez65598875@estudiante.edu.co,2002-03-14,Ibague
1087522730,Sofia,Garcia,sofia.garcia1087522730@estudiante.edu.co,2004-07-11,Bucaramanga
66970386,Paula,Martinez,paula.martinez66970386@estudiante.edu.co,2006-02-05,Bogota
1055286234,Alejandro,Velasquez,alejandro.velasquez1055286234@estudiante.edu.co,1999-09-24,Barranquilla
73010775,Carlos,Perez,carlos.perez73010775@estudiante.edu.co,1997-08-31,Medellin
1046368073,Valentina,Gonzalez,valentina.gonzalez1046368073@estudiante.edu.co,1999-03-09,Bucaramanga
1019412716,Camila,Martinez,camila.martinez1019412716@estudiante.edu.co,2003-11-30,Cartagena
60872709,Santiago,Muñoz,santiago.muñoz60872709@estudiante.edu.co,2007-03-22,Cucuta
98634392,Daniel,Lopez,daniel.lopez98634392@estudiante.edu.co,2006-01-23,Manizales
1014277295,Mateo,Sanchez,mateo.sanchez1014277295@estudiante.edu.co,1998-09-01,Bogota
1089789896,Laura,Gonzalez,laura.gonzalez1089789896@estudiante.edu.co,2002-10-01,Cartagena
1073684088,Mateo,Gonzalez,mateo.gonzalez1073684088@estudiante.edu.co,2005-07-08,Cartagena
1038070401,Laura,Garcia,laura.garcia1038070401@estudiante.edu.co,2006-12-30,Cucuta
1063631276,Mateo,Rodriguez,mateo.rodriguez1063631276@estudiante.edu.co,1998-06-11,Cali
1093207323,Alejandro,Perez,alejandro.perez1093207323@estudiante.edu.co,1999-08-30,Cali
97395092,Santiago,Rodriguez,santiago.rodriguez97395092@estudiante.edu.co,2007-08-07,Cucuta
1080633471,Carlos,Rodriguez,carlos.rodriguez1080633471@estudiante.edu.co,1996-10-30,Pereira
68736525,Isabella,Rodriguez,isabella.rodriguez68736525@estudiante.edu.co,1996-05-15,Barranquilla
95020967,Isabella,Torres,isabella.torres95020967@estudiante.edu.co,1996-05-30,Bogota
1069509942,Mariana,Ramirez,mariana.ramirez1069509942@estudiante.edu.co,1996-12-30,Manizales
44914939,Gabriela,Ramirez,gabriela.ramirez44914939@estudiante.edu.co,2006-07-29,Medellin
43394296,Daniel,Gomez,daniel.gomez43394296@estudiante.edu.co,1997-07-30,Bogota
1006294447,Alejandro,Rodriguez,alejandro.rodriguez1006294447@estudiante.edu.co,2001-04-19,Barranquilla
1054929496,Carlos,Rodriguez,carlos.rodriguez1054929496@estudiante.edu.co,1996-12-01,Medellin
93895176,Mateo,Sanchez,mateo.sanchez93895176@estudiante.edu.co,1997-02-04,Ibague
71120450,Mateo,Martinez,mateo.martinez71120450@estudiante.edu.co,1997-03-04,Cucuta
32043948,Laura,Garcia,laura.garcia32043948@estudiante.edu.co,1995-07-27,Pereira
50318275,Mariana,Sanchez,mariana.sanchez50318275@estudiante.edu.co,2000-05-10,Barranquilla
61538082,Carlos,Torres,carlos.torres61538082@estudiante.edu.co,2005-11-08,Cali
62516781,Valentina,Rodriguez,valentina.rodriguez62516781@estudiante.edu.co,1995-08-22,Cartagena
68866462,Gabriela,Gonzalez,gabriela.gonzalez68866462@estudiante.edu.co,1995-06-07,Cali
1031865104,Sofia,Torres,sofia.torres1031865104@estudiante.edu.co,2005-08-16,Cucuta
1020705807,Isabella,Rodriguez,isabella.rodriguez1020705807@estudiante.edu.co,2006-07-14,Cucuta
83775743,Valentina,Gomez,valentina.gomez83775743@estudiante.edu.co,1996-05-15,Bogota
1053787901,Valentina,Muñoz,valentina.muñoz1053787901@estudiante.edu.co,2004-10-27,Cali
1048271703,Daniel,Gomez,daniel.gomez1048271703@estudiante.edu.co,2003-04-18,Manizales
1055456806,Carlos,Silva,carlos.silva1055456806@estudiante.edu.co,2005-03-20,Medellin
1010077500,Daniel,Sanchez,daniel.sanchez1010077500@estudiante.edu.co,2004-02-18,Manizales
1039934091,Camila,Sanchez,camila.sanchez1039934091@estudiante.edu.co,2003-08-05,Bogota
1011030457,Juan,Martinez,juan.martinez1011030457@estudiante.edu.co,1997-06-27,Manizales
83400748,Carlos,Gonzalez,carlos.gonzalez83400748@estudiante.edu.co,2003-03-26,Ibague
1068043652,Sofia,Velasquez,sofia.velasquez1068043652@estudiante.edu.co,1996-03-19,Cartagena
33657479,Paula,Lopez,paula.lopez33657479@estudiante.edu.co,2002-04-26,Manizales
59579017,Isabella,Velasquez,isabella.velasquez59579017@estudiante.edu.co,1999-12-25,Bucaramanga
41332181,Andres,Sanchez,andres.sanchez41332181@estudiante.edu.co,2007-11-15,Ibague
56317319,Laura,Garcia,laura.garcia56317319@estudiante.edu.co,1999-02-09,Cartagena
1009983488,Paula,Martinez,paula.martinez1009983488@estudiante.edu.co,1996-04-24,Bogota
82397142,Valentina,Velasquez,valentina.velasquez82397142@estudiante.edu.co,1999-08-30,Cucuta
62665644,Laura,Muñoz,laura.muñoz62665644@estudiante.edu.co,1998-08-24,Pereira
1038487718,Daniel,Gomez,daniel.gomez1038487718@estudiante.edu.co,2003-03-25,Barranquilla
1079500739,Sofia,Muñoz,sofia.muñoz1079500739@estudiante.edu.co,1995-08-25,Bucaramanga
1089303445,Valentina,Martinez,valentina.martinez1089303445@estudiante.edu.co,2006-08-30,Bogota
1080011346,Santiago,Sanchez,santiago.sanchez1080011346@estudiante.edu.co,1999-03-19,Manizales
50432548,Daniel,Rojas,daniel.rojas50432548@estudiante.edu.co,2006-07-06,Ibague
1091641011,Sofia,Rojas,sofia.rojas1091641011@estudiante.edu.co,2003-01-16,Pereira
1058090666,Mariana,Perez,mariana.perez1058090666@estudiante.edu.co,2006-06-12,Pereira
1046191452,Andres,Gomez,andres.gomez1046191452@estudiante.edu.co,1995-01-15,Ibague
1081161290,Mariana,Garcia,mariana.garcia1081161290@estudiante.edu.co,2003-12-03,Manizales
1043299573,Daniel,Velasquez,daniel.velasquez1043299573@estudiante.edu.co,2001-05-13,Cucuta
1038053909,Paula,Garcia,paula.garcia1038053909@estudiante.edu.co,2006-01-17,Cartagena
1073833500,Mateo,Muñoz,mateo.muñoz1073833500@estudiante.edu.co,1997-07-23,Bucaramanga
1031569625,Gabriela,Gonzalez,gabriela.gonzalez1031569625@estudiante.edu.co,1995-02-15,Cucuta
1041825092,Daniel,Rodriguez,daniel.rodriguez1041825092@estudiante.edu.co,1998-09-08,Pereira
1021939834,Gabriela,Perez,gabriela.perez1021939834@estudiante.edu.co,1997-06-27,Bogota
1028299198,Isabella,Torres,isabella.torres1028299198@estudiante.edu.co,2006-08-24,Ibague
1055747304,Paula,Garcia,paula.garcia1055747304@estudiante.edu.co,2005-09-29,Cali
1026100199,Alejandro,Silva,alejandro.silva1026100199@estudiante.edu.co,1999-04-06,Manizales
1028415369,Mariana,Ramirez,mariana.ramirez1028415369@estudiante.edu.co,2005-02-24,Cucuta
1052038221,Gabriela,Sanchez,gabriela.sanchez1052038221@estudiante.edu.co,2001-05-10,Ibague
49202206,Alejandro,Torres,alejandro.torres49202206@estudiante.edu.co,2002-11-08,Manizales
1073198077,Mariana,Velasquez,mariana.velasquez1073198077@estudiante.edu.co,1999-02-05,Cucuta
1017557197,Gabriela,Rojas,gabriela.rojas1017557197@estudiante.edu.co,2000-06-16,Bogota
1022135825,Carlos,Rodriguez,carlos.rodriguez1022135825@estudiante.edu.co,2001-04-07,Cali
47657291,Valentina,Martinez,valentina.martinez47657291@estudiante.edu.co,2001-05-19,Cucuta
76955634,Santiago,Silva,santiago.silva76955634@estudiante.edu.co,2001-08-26,Manizales
1040808977,Gabriela,Muñoz,gabriela.muñoz1040808977@estudiante.edu.co,2003-10-31,Cucuta
97933143,Laura,Torres,laura.torres97933143@estudiante.edu.co,1999-01-13,Cartagena
1062432288,Juan,Lopez,juan.lopez1062432288@estudiante.edu.co,1999-07-03,Medellin
35398672,Mariana,Perez,mariana.perez35398672@estudiante.edu.co,2001-09-02,Cali
99519021,Laura,Lopez,laura.lopez99519021@estudiante.edu.co,1995-06-18,Barranquilla
33728782,Isabella,Gonzalez,isabella.gonzalez33728782@estudiante.edu.co,2005-01-01,Cartagena
1094168205,Isabella,Sanchez,isabella.sanchez1094168205@estudiante.edu.co,2004-02-20,Ibague
99185781,Gabriela,Gomez,gabriela.gomez99185781@estudiante.edu.co,2002-09-28,Manizales
1063555759,Isabella,Rojas,isabella.rojas1063555759@estudiante.edu.co,1996-12-03,Cartagena
1003989065,Sofia,Garcia,sofia.garcia1003989065@estudiante.edu.co,1996-01-27,Cucuta
34119738,Isabella,Torres,isabella.torres34119738@estudiante.edu.co,2000-07-12,Cartagena
1092341533,Alejandro,Muñoz,alejandro.muñoz1092341533@estudiante.edu.co,2006-12-02,Bucaramanga
1040230117,Valentina,Rojas,valentina.rojas1040230117@estudiante.edu.co,2001-03-27,Medellin
60073573,Laura,Muñoz,laura.muñoz60073573@estudiante.edu.co,2004-06-09,Cartagena
1022443997,Isabella,Muñoz,isabella.muñoz1022443997@estudiante.edu.co,1995-08-18,Barranquilla
1048373275,Isabella,Martinez,isabella.martinez1048373275@estudiante.edu.co,1997-02-08,Bucaramanga
1019386440,Mateo,Ramirez,mateo.ramirez1019386440@estudiante.edu.co,1998-02-08,Medellin
33750280,Daniel,Torres,daniel.torres33750280@estudiante.edu.co,1996-03-01,Pereira
1092593211,Mariana,Gomez,mariana.gomez1092593211@estudiante.edu.co,2007-07-04,Barranquilla
92050345,Carlos,Gomez,carlos.gomez92050345@estudiante.edu.co,1999-11-22,Cali
30236291,Santiago,Martinez,santiago.martinez30236291@estudiante.edu.co,2005-03-21,Cucuta
83074371,Andres,Rodriguez,andres.rodriguez83074371@estudiante.edu.co,2003-04-01,Manizales
96329467,Valentina,Gomez,valentina.gomez96329467@estudiante.edu.co,1998-07-22,Cartagena
76460888,Sofia,Velasquez,sofia.velasquez76460888@estudiante.edu.co,1999-09-12,Ibague
63618849,Andres,Rodriguez,andres.rodriguez63618849@estudiante.edu.co,1996-11-24,Bogota
53493397,Isabella,Torres,isabella.torres53493397@estudiante.edu.co,2007-06-21,Barranquilla
1009747428,Valentina,Rodriguez,valentina.rodriguez1009747428@estudiante.edu.co,2007-01-03,Cucuta
1001252775,Carlos,Gonzalez,carlos.gonzalez1001252775@estudiante.edu.co,1997-01-01,Cali
1039783829,Santiago,Torres,santiago.torres1039783829@estudiante.edu.co,2002-12-06,Bogota
89800718,Juan,Gomez,juan.gomez89800718@estudiante.edu.co,2006-03-27,Medellin
74700536,Carlos,Martinez,carlos.martinez74700536@estudiante.edu.co,2004-01-21,Ibague
1021940844,Juan,Rojas,juan.rojas1021940844@estudiante.edu.co,2006-05-27,Cucuta
69785379,Andres,Torres,andres.torres69785379@estudiante.edu.co,1998-07-05,Barranquilla
1041410701,Sofia,Rojas,sofia.rojas1041410701@estudiante.edu.co,2001-08-23,Bucaramanga
80243240,Laura,Gomez,laura.gomez80243240@estudiante.edu.co,2003-05-09,Cali
62944946,Laura,Sanchez,laura.sanchez62944946@estudiante.edu.co,2007-06-01,Barranquilla
1047636461,Carlos,Rojas,carlos.rojas1047636461@estudiante.edu.co,1998-06-09,Cartagena
41240743,Alejandro,Lopez,alejandro.lopez41240743@estudiante.edu.co,1998-06-14,Cartagena
1025669880,Santiago,Lopez,santiago.lopez1025669880@estudiante.edu.co,2004-05-28,Bogota
49572319,Camila,Silva,camila.silva49572319@estudiante.edu.co,1999-11-15,Bogota
98942489,Sofia,Velasquez,sofia.velasquez98942489@estudiante.edu.co,2007-01-27,Ibague
1092007908,Camila,Ramirez,camila.ramirez1092007908@estudiante.edu.co,1996-07-06,Manizales
63380141,Isabella,Martinez,isabella.martinez63380141@estudiante.edu.co,2006-12-29,Cartagena
1060341775,Mariana,Perez,mariana.perez1060341775@estudiante.edu.co,2003-12-21,Pereira
1092085854,Paula,Garcia,paula.garcia1092085854@estudiante.edu.co,2001-03-13,Ibague
1043967142,Juan,Martinez,juan.martinez1043967142@estudiante.edu.co,2003-08-08,Bucaramanga
1042925168,Camila,Gonzalez,camila.gonzalez1042925168@estudiante.edu.co,1995-07-14,Barranquilla
1090625155,Alejandro,Muñoz,alejandro.muñoz1090625155@estudiante.edu.co,1999-08-04,Bucaramanga
1003416558,Gabriela,Torres,gabriela.torres1003416558@estudiante.edu.co,2004-09-25,Cartagena
1065940008,Alejandro,Velasquez,alejandro.velasquez1065940008@estudiante.edu.co,1996-07-28,Cali
96942407,Camila,Sanchez,camila.sanchez96942407@estudiante.edu.co,1999-11-15,Ibague
1098819632,Isabella,Gomez,isabella.gomez1098819632@estudiante.edu.co,1998-01-30,Ibague
1026551422,Isabella,Ramirez,isabella.ramirez1026551422@estudiante.edu.co,1998-03-13,Cali
1044587105,Juan,Sanchez,juan.sanchez1044587105@estudiante.edu.co,1998-12-29,Pereira
97828906,Paula,Rodriguez,paula.rodriguez97828906@estudiante.edu.co,1995-02-02,Cucuta
35830314,Alejandro,Perez,alejandro.perez35830314@estudiante.edu.co,2004-06-04,Bucaramanga
48601507,Laura,Lopez,laura.lopez48601507@estudiante.edu.co,2002-05-13,Cucuta
84810036,Juan,Rodriguez,juan.rodriguez84810036@estudiante.edu.co,2000-09-03,Bucaramanga
38953715,Andres,Rojas,andres.rojas38953715@estudiante.edu.co,2000-04-25,Cartagena
81744096,Camila,Rodriguez,camila.rodriguez81744096@estudiante.edu.co,1997-03-01,Bucaramanga
47033819,Valentina,Muñoz,valentina.muñoz47033819@estudiante.edu.co,2007-05-21,Medellin
45122333,Mateo,Gonzalez,mateo.gonzalez45122333@estudiante.edu.co,1998-08-20,Cucuta
1008527570,Juan,Silva,juan.silva1008527570@estudiante.edu.co,1996-03-27,Cali
39285171,Camila,Rojas,camila.rojas39285171@estudiante.edu.co,1997-10-19,Bucaramanga
1064425818,Daniel,Perez,daniel.perez1064425818@estudiante.edu.co,2001-05-04,Bucaramanga
1077496104,Carlos,Ramirez,carlos.ramirez1077496104@estudiante.edu.co,2003-05-23,Medellin
1078063649,Mariana,Perez,mariana.perez1078063649@estudiante.edu.co,2001-07-17,Medellin
1018277699,Laura,Torres,laura.torres1018277699@estudiante.edu.co,2005-11-23,Cali
55375247,Andres,Perez,andres.perez55375247@estudiante.edu.co,2003-01-31,Cartagena
1081495107,Sofia,Lopez,sofia.lopez1081495107@estudiante.edu.co,1998-06-01,Barranquilla
1023728611,Isabella,Rodriguez,isabella.rodriguez1023728611@estudiante.edu.co,1998-11-06,Bogota
1050426980,Mariana,Garcia,mariana.garcia1050426980@estudiante.edu.co,2007-08-30,Manizales
54224338,Santiago,Perez,santiago.perez54224338@estudiante.edu.co,1999-02-11,Cali
76971260,Camila,Martinez,camila.martinez76971260@estudiante.edu.co,2000-04-21,Bogota
36180722,Andres,Garcia,andres.garcia36180722@estudiante.edu.co,2002-03-17,Cucuta
51303560,Isabella,Garcia,isabella.garcia51303560@estudiante.edu.co,1997-12-04,Manizales
92396331,Santiago,Gonzalez,santiago.gonzalez92396331@estudiante.edu.co,1996-03-20,Bucaramanga
36493251,Laura,Rojas,laura.rojas36493251@estudiante.edu.co,1996-09-30,Bucaramanga
70004049,Gabriela,Martinez,gabriela.martinez70004049@estudiante.edu.co,2007-12-08,Ibague
1031998411,Daniel,Perez,daniel.perez1031998411@estudiante.edu.co,1995-06-10,Barranquilla
32672433,Daniel,Torres,daniel.torres32672433@estudiante.edu.co,2002-01-10,Barranquilla
1043553699,Camila,Gonzalez,camila.gonzalez1043553699@estudiante.edu.co,2001-03-08,Cali
1037980757,Alejandro,Velasquez,alejandro.velasquez1037980757@estudiante.edu.co,2001-09-15,Medellin
91044600,Valentina,Muñoz,valentina.muñoz91044600@estudiante.edu.co,2004-04-14,Medellin
85077292,Andres,Sanchez,andres.sanchez85077292@estudiante.edu.co,2006-01-04,Manizales
95609088,Camila,Gonzalez,camila.gonzalez95609088@estudiante.edu.co,1998-04-04,Bucaramanga
32755635,Alejandro,Gonzalez,alejandro.gonzalez32755635@estudiante.edu.co,1998-03-04,Cartagena
1094877907,Camila,Martinez,camila.martinez1094877907@estudiante.edu.co,2006-12-26,Cucuta
68402892,Andres,Gonzalez,andres.gonzalez68402892@estudiante.edu.co,2000-07-12,Ibague
49523823,Sofia,Ramirez,sofia.ramirez49523823@estudiante.edu.co,1997-10-01,Bogota
95300092,Valentina,Velasquez,valentina.velasquez95300092@estudiante.edu.co,2007-07-30,Pereira
1067664062,Valentina,Sanchez,valentina.sanchez1067664062@estudiante.edu.co,2000-06-07,Medellin
92278822,Valentina,Garcia,valentina.garcia92278822@estudiante.edu.co,2007-04-01,Manizales
1035416071,Isabella,Perez,isabella.perez1035416071@estudiante.edu.co,1996-01-07,Bucaramanga
1060859696,Alejandro,Torres,alejandro.torres1060859696@estudiante.edu.co,1995-02-17,Ibague
1046816850,Alejandro,Torres,alejandro.torres1046816850@estudiante.edu.co,1999-02-26,Bogota
1012605743,Laura,Velasquez,laura.velasquez1012605743@estudiante.edu.co,2003-11-14,Cartagena
1017545591,Paula,Sanchez,paula.sanchez1017545591@estudiante.edu.co,2002-12-23,Manizales
1068804394,Sofia,Torres,sofia.torres1068804394@estudiante.edu.co,1995-12-29,Bucaramanga
32335786,Daniel,Ramirez,daniel.ramirez32335786@estudiante.edu.co,2001-11-20,Pereira
1010034120,Sofia,Gomez,sofia.gomez1010034120@estudiante.edu.co,1998-11-20,Manizales
1044175163,Valentina,Martinez,valentina.martinez1044175163@estudiante.edu.co,2005-07-17,Cali
47464773,Carlos,Gomez,carlos.gomez47464773@estudiante.edu.co,2006-05-17,Pereira
1034529567,Laura,Rodriguez,laura.rodriguez1034529567@estudiante.edu.co,2006-06-10,Cali
1030217074,Gabriela,Gonzalez,gabriela.gonzalez1030217074@estudiante.edu.co,2000-08-19,Manizales
1096160494,Camila,Garcia,camila.garcia1096160494@estudiante.edu.co,1999-02-18,Barranquilla
1066086632,Gabriela,Velasquez,gabriela.velasquez1066086632@estudiante.edu.co,2006-09-22,Manizales
74849970,Juan,Torres,juan.torres74849970@estudiante.edu.co,2005-06-23,Cartagena
1011225454,Paula,Velasquez,paula.velasquez1011225454@estudiante.edu.co,1995-12-27,Bucaramanga
55805499,Gabriela,Gonzalez,gabriela.gonzalez55805499@estudiante.edu.co,2001-06-17,Barranquilla
40404723,Santiago,Rodriguez,santiago.rodriguez40404723@estudiante.edu.co,1997-11-02,Ibague
58532166,Laura,Rojas,laura.rojas58532166@estudiante.edu.co,1996-01-10,Pereira
90947377,Valentina,Silva,valentina.silva90947377@estudiante.edu.co,2005-04-28,Manizales
1065527857,Laura,Ramirez,laura.ramirez1065527857@estudiante.edu.co,2006-07-28,Cartagena
62469443,Sofia,Lopez,sofia.lopez62469443@estudiante.edu.co,2001-12-05,Pereira
1082541961,Sofia,Sanchez,sofia.sanchez1082541961@estudiante.edu.co,1995-08-27,Cali
1034818949,Carlos,Sanchez,carlos.sanchez1034818949@estudiante.edu.co,2001-05-31,Cali
1029056818,Isabella,Gonzalez,isabella.gonzalez1029056818@estudiante.edu.co,2001-05-31,Cucuta
1050858656,Sofia,Velasquez,sofia.velasquez1050858656@estudiante.edu.co,1997-11-01,Pereira
1075029744,Valentina,Ramirez,valentina.ramirez1075029744@estudiante.edu.co,2007-09-07,Medellin
93868284,Camila,Muñoz,camila.muñoz93868284@estudiante.edu.co,2003-07-30,Cali
1091328520,Daniel,Martinez,daniel.martinez1091328520@estudiante.edu.co,2000-04-12,Cucuta
86744391,Andres,Velasquez,andres.velasquez86744391@estudiante.edu.co,2000-10-02,Cali
1068730203,Mariana,Perez,mariana.perez1068730203@estudiante.edu.co,2004-09-22,Cartagena
1090435407,Paula,Martinez,paula.martinez1090435407@estudiante.edu.co,1999-09-02,Cucuta
58994005,Juan,Torres,juan.torres58994005@estudiante.edu.co,1999-10-06,Cali
60705170,Mariana,Gomez,mariana.gomez60705170@estudiante.edu.co,1995-01-13,Medellin
64592731,Alejandro,Torres,alejandro.torres64592731@estudiante.edu.co,2002-10-08,Bucaramanga
41207315,Laura,Torres,laura.torres41207315@estudiante.edu.co,2000-07-19,Medellin
46654053,Camila,Rodriguez,camila.rodriguez46654053@estudiante.edu.co,2003-07-26,Bogota
83190501,Juan,Gomez,juan.gomez83190501@estudiante.edu.co,2007-10-03,Bucaramanga
97855621,Alejandro,Gonzalez,alejandro.gonzalez97855621@estudiante.edu.co,1996-04-08,Cucuta
1024247226,Santiago,Gonzalez,santiago.gonzalez1024247226@estudiante.edu.co,2004-11-28,Manizales
1021013230,Alejandro,Rojas,alejandro.rojas1021013230@estudiante.edu.co,2000-11-04,Cucuta
1093399997,Isabella,Gomez,isabella.gomez1093399997@estudiante.edu.co,2004-08-23,Cartagena
1026859703,Sofia,Silva,sofia.silva1026859703@estudiante.edu.co,1998-09-26,Ibague
1035315892,Paula,Rodriguez,paula.rodriguez1035315892@estudiante.edu.co,2002-01-01,Cartagena
73094486,Daniel,Velasquez,daniel.velasquez73094486@estudiante.edu.co,1998-08-21,Ibague
1096178582,Carlos,Lopez,carlos.lopez1096178582@estudiante.edu.co,2001-12-24,Bogota
97453136,Paula,Muñoz,paula.muñoz97453136@estudiante.edu.co,1997-12-03,Cali
1082063460,Carlos,Muñoz,carlos.muñoz1082063460@estudiante.edu.co,2002-12-19,Ibague
91334048,Daniel,Gomez,daniel.gomez91334048@estudiante.edu.co,2006-06-10,Bucaramanga
1062443829,Laura,Rodriguez,laura.rodriguez1062443829@estudiante.edu.co,2001-04-03,Bogota
91013727,Carlos,Silva,carlos.silva91013727@estudiante.edu.co,1998-01-03,Manizales
1000323430,Sofia,Muñoz,sofia.muñoz1000323430@estudiante.edu.co,2000-09-11,Ibague
38422839,Carlos,Rodriguez,carlos.rodriguez38422839@estudiante.edu.co,2005-10-22,Bogota
84775036,Carlos,Silva,carlos.silva84775036@estudiante.edu.co,2005-06-06,Bogota
1091873538,Carlos,Ramirez,carlos.ramirez1091873538@estudiante.edu.co,2001-01-19,Cucuta
1097747763,Daniel,Martinez,daniel.martinez1097747763@estudiante.edu.co,2005-03-25,Manizales
36042779,Santiago,Gonzalez,santiago.gonzalez36042779@estudiante.edu.co,2003-05-29,Ibague
38109517,Laura,Muñoz,laura.muñoz38109517@estudiante.edu.co,1997-02-10,Barranquilla
1001905345,Andres,Rodriguez,andres.rodriguez1001905345@estudiante.edu.co,1996-08-10,Medellin
76581391,Camila,Sanchez,camila.sanchez76581391@estudiante.edu.co,1997-08-14,Ibague
32798289,Isabella,Ramirez,isabella.ramirez32798289@estudiante.edu.co,1999-08-21,Bucaramanga
38785034,Mariana,Gonzalez,mariana.gonzalez38785034@estudiante.edu.co,2002-09-15,Medellin
1015960966,Mateo,Torres,mateo.torres1015960966@estudiante.edu.co,2001-01-20,Bucaramanga
1013330523,Alejandro,Gonzalez,alejandro.gonzalez1013330523@estudiante.edu.co,2005-09-25,Bogota
83356329,Paula,Garcia,paula.garcia83356329@estudiante.edu.co,2004-04-18,Barranquilla
49350843,Santiago,Martinez,santiago.martinez49350843@estudiante.edu.co,1997-04-06,Medellin
1096470457,Carlos,Ramirez,carlos.ramirez1096470457@estudiante.edu.co,2000-02-29,Medellin
1027585485,Laura,Silva,laura.silva1027585485@estudiante.edu.co,2004-07-23,Cartagena
1020332904,Gabriela,Gomez,gabriela.gomez1020332904@estudiante.edu.co,2001-11-24,Bogota
1002829644,Juan,Lopez,juan.lopez1002829644@estudiante.edu.co,1997-11-16,Bucaramanga
63936632,Carlos,Torres,carlos.torres63936632@estudiante.edu.co,2004-11-11,Manizales
67048442,Camila,Gomez,camila.gomez67048442@estudiante.edu.co,2001-04-27,Ibague
1031795545,Sofia,Rodriguez,sofia.rodriguez1031795545@estudiante.edu.co,1997-04-29,Pereira
1064499049,Paula,Torres,paula.torres1064499049@estudiante.edu.co,2003-04-20,Manizales
1013876318,Mateo,Rodriguez,mateo.rodriguez1013876318@estudiante.edu.co,2004-06-23,Medellin
1050680214,Alejandro,Velasquez,alejandro.velasquez1050680214@estudiante.edu.co,2003-06-29,Bucaramanga
54641907,Juan,Silva,juan.silva54641907@estudiante.edu.co,2006-11-13,Cucuta
91261433,Valentina,Garcia,valentina.garcia91261433@estudiante.edu.co,2000-02-13,Cucuta
1028634280,Juan,Torres,juan.torres1028634280@estudiante.edu.co,2004-12-15,Medellin
1008745347,Gabriela,Gomez,gabriela.gomez1008745347@estudiante.edu.co,1996-02-21,Medellin
78220843,Isabella,Gomez,isabella.gomez78220843@estudiante.edu.co,2001-07-18,Bucaramanga
1066432471,Camila,Garcia,camila.garcia1066432471@estudiante.edu.co,1998-10-28,Pereira
68328569,Valentina,Ramirez,valentina.ramirez68328569@estudiante.edu.co,2004-09-13,Cucuta
1071845264,Mariana,Gomez,mariana.gomez1071845264@estudiante.edu.co,2006-04-21,Barranquilla
56565356,Daniel,Rodriguez,daniel.rodriguez56565356@estudiante.edu.co,2000-05-08,Bogota
85100098,Carlos,Torres,carlos.torres85100098@estudiante.edu.co,2003-03-21,Cucuta
99026751,Carlos,Gomez,carlos.gomez99026751@estudiante.edu.co,1999-02-07,Barranquilla
1049532112,Camila,Torres,camila.torres1049532112@estudiante.edu.co,1998-05-15,Manizales
1054074612,Mariana,Rodriguez,mariana.rodriguez1054074612@estudiante.edu.co,2007-06-18,Medellin
1068139231,Mateo,Lopez,mateo.lopez1068139231@estudiante.edu.co,1999-12-06,Bucaramanga
67816443,Isabella,Sanchez,isabella.sanchez67816443@estudiante.edu.co,1995-08-09,Medellin
46638345,Juan,Garcia,juan.garcia46638345@estudiante.edu.co,1995-06-09,Manizales
1065278140,Daniel,Lopez,daniel.lopez1065278140@estudiante.edu.co,2001-07-22,Cali
1013326293,Andres,Perez,andres.perez1013326293@estudiante.edu.co,2005-04-19,Bogota
39707763,Isabella,Velasquez,isabella.velasquez39707763@estudiante.edu.co,2007-01-21,Cartagena
60429658,Santiago,Gonzalez,santiago.gonzalez60429658@estudiante.edu.co,1997-02-25,Ibague
67994227,Alejandro,Rojas,alejandro.rojas67994227@estudiante.edu.co,2006-10-17,Pereira
1050722759,Juan,Rojas,juan.rojas1050722759@estudiante.edu.co,2001-10-04,Bogota
1020885890,Gabriela,Rojas,gabriela.rojas1020885890@estudiante.edu.co,1999-06-18,Cartagena
1059831750,Laura,Torres,laura.torres1059831750@estudiante.edu.co,2003-02-20,Cucuta
65546278,Isabella,Muñoz,isabella.muñoz65546278@estudiante.edu.co,2007-02-03,Bucaramanga
1021688299,Paula,Lopez,paula.lopez1021688299@estudiante.edu.co,2007-09-16,Ibague
1041777743,Mateo,Ramirez,mateo.ramirez1041777743@estudiante.edu.co,2004-12-30,Cali
62050847,Santiago,Velasquez,santiago.velasquez62050847@estudiante.edu.co,1997-07-01,Cartagena
30964416,Daniel,Rodriguez,daniel.rodriguez30964416@estudiante.edu.co,2007-04-13,Medellin
45911048,Laura,Perez,laura.perez45911048@estudiante.edu.co,2004-05-09,Barranquilla
1053237849,Carlos,Martinez,carlos.martinez1053237849@estudiante.edu.co,1995-01-02,Manizales
1044222991,Carlos,Gonzalez,carlos.gonzalez1044222991@estudiante.edu.co,1999-05-16,Cucuta
1076509674,Santiago,Rojas,santiago.rojas1076509674@estudiante.edu.co,1999-07-10,Medellin
85642765,Daniel,Ramirez,daniel.ramirez85642765@estudiante.edu.co,1995-08-14,Barranquilla
95001004,Carlos,Martinez,carlos.martinez95001004@estudiante.edu.co,2005-11-01,Cali
30607680,Paula,Ramirez,paula.ramirez30607680@estudiante.edu.co,2000-06-09,Pereira
88303183,Sofia,Silva,sofia.silva88303183@estudiante.edu.co,2003-01-08,Cali
1060260300,Carlos,Garcia,carlos.garcia1060260300@estudiante.edu.co,2006-01-15,Cali
99205436,Sofia,Sanchez,sofia.sanchez99205436@estudiante.edu.co,1997-04-25,Bucaramanga
1005611126,Mariana,Torres,mariana.torres1005611126@estudiante.edu.co,2005-06-14,Cartagena
1092723936,Alejandro,Gonzalez,alejandro.gonzalez1092723936@estudiante.edu.co,2005-06-22,Manizales
90829058,Gabriela,Velasquez,gabriela.velasquez90829058@estudiante.edu.co,2000-08-12,Ibague
1031144606,Juan,Gonzalez,juan.gonzalez1031144606@estudiante.edu.co,2007-01-20,Ibague
73126661,Sofia,Silva,sofia.silva73126661@estudiante.edu.co,1998-04-24,Cucuta
1035969383,Laura,Gomez,laura.gomez1035969383@estudiante.edu.co,2003-01-25,Cucuta
1018218417,Alejandro,Gonzalez,alejandro.gonzalez1018218417@estudiante.edu.co,1996-02-19,Cali
1059125341,Camila,Garcia,camila.garcia1059125341@estudiante.edu.co,2000-02-17,Manizales
1018522870,Alejandro,Garcia,alejandro.garcia1018522870@estudiante.edu.co,2005-09-24,Ibague
42811025,Santiago,Silva,santiago.silva42811025@estudiante.edu.co,1998-05-27,Bogota
1011082700,Camila,Perez,camila.perez1011082700@estudiante.edu.co,2003-03-07,Cali
1046557197,Sofia,Perez,sofia.perez1046557197@estudiante.edu.co,2002-03-02,Barranquilla
1039966927,Sofia,Velasquez,sofia.velasquez1039966927@estudiante.edu.co,2005-06-27,Manizales
1061944665,Carlos,Muñoz,carlos.muñoz1061944665@estudiante.edu.co,2000-01-19,Bogota
1013368648,Daniel,Perez,daniel.perez1013368648@estudiante.edu.co,2001-03-25,Cucuta
1078535485,Laura,Silva,laura.silva1078535485@estudiante.edu.co,1996-01-01,Cucuta
78826410,Mateo,Lopez,mateo.lopez78826410@estudiante.edu.co,1996-09-29,Pereira
78580204,Mariana,Perez,mariana.perez78580204@estudiante.edu.co,2007-11-14,Cartagena
81309137,Valentina,Garcia,valentina.garcia81309137@estudiante.edu.co,2003-06-16,Pereira
33865679,Daniel,Velasquez,daniel.velasquez33865679@estudiante.edu.co,2006-03-18,Cartagena
1044218719,Mariana,Torres,mariana.torres1044218719@estudiante.edu.co,2005-08-02,Cali
39953020,Isabella,Martinez,isabella.martinez39953020@estudiante.edu.co,2003-10-09,Barranquilla
80217363,Camila,Rodriguez,camila.rodriguez80217363@estudiante.edu.co,2004-10-16,Pereira
1066874682,Gabriela,Gonzalez,gabriela.gonzalez1066874682@estudiante.edu.co,2007-03-27,Cucuta
1060313103,Camila,Garcia,camila.garcia1060313103@estudiante.edu.co,2000-05-16,Medellin
1004052951,Sofia,Muñoz,sofia.muñoz1004052951@estudiante.edu.co,2005-08-29,Cucuta
1031481835,Juan,Ramirez,juan.ramirez1031481835@estudiante.edu.co,2005-03-01,Cucuta
43760553,Paula,Gomez,paula.gomez43760553@estudiante.edu.co,1999-07-25,Medellin
33046098,Gabriela,Torres,gabriela.torres33046098@estudiante.edu.co,2006-09-18,Manizales
1041233250,Daniel,Torres,daniel.torres1041233250@estudiante.edu.co,2003-11-07,Cartagena
99755591,Mariana,Silva,mariana.silva99755591@estudiante.edu.co,2006-10-16,Cucuta
73001407,Sofia,Torres,sofia.torres73001407@estudiante.edu.co,1996-09-16,Bucaramanga
84984556,Paula,Rojas,paula.rojas84984556@estudiante.edu.co,1996-07-18,Ibague
62654607,Sofia,Gomez,sofia.gomez62654607@estudiante.edu.co,2001-05-02,Cali
77729303,Santiago,Ramirez,santiago.ramirez77729303@estudiante.edu.co,2002-08-24,Barranquilla
1062128987,Mateo,Gomez,mateo.gomez1062128987@estudiante.edu.co,2005-02-20,Bogota
1067068049,Alejandro,Rojas,alejandro.rojas1067068049@estudiante.edu.co,1998-03-20,Cucuta
1033112973,Isabella,Rodriguez,isabella.rodriguez1033112973@estudiante.edu.co,2000-03-09,Ibague
61168503,Laura,Garcia,laura.garcia61168503@estudiante.edu.co,2002-06-13,Pereira
41497798,Isabella,Perez,isabella.perez41497798@estudiante.edu.co,1995-08-13,Pereira
1001609645,Mateo,Velasquez,mateo.velasquez1001609645@estudiante.edu.co,2002-03-27,Bucaramanga
97973695,Juan,Velasquez,juan.velasquez97973695@estudiante.edu.co,2005-04-10,Barranquilla
98831315,Andres,Silva,andres.silva98831315@estudiante.edu.co,2005-01-03,Barranquilla
1071811292,Mateo,Sanchez,mateo.sanchez1071811292@estudiante.edu.co,1998-08-13,Medellin
52157550,Carlos,Silva,carlos.silva52157550@estudiante.edu.co,1997-01-23,Manizales
1034861979,Daniel,Martinez,daniel.martinez1034861979@estudiante.edu.co,1998-09-23,Medellin
1042905031,Mariana,Gomez,mariana.gomez1042905031@estudiante.edu.co,2000-11-19,Cali
64730487,Paula,Silva,paula.silva64730487@estudiante.edu.co,2005-09-16,Cucuta
1040580651,Andres,Muñoz,andres.muñoz1040580651@estudiante.edu.co,1998-06-19,Cartagena
46727815,Sofia,Muñoz,sofia.muñoz46727815@estudiante.edu.co,2003-08-24,Bogota
71822799,Camila,Ramirez,camila.ramirez71822799@estudiante.edu.co,1998-10-29,Bucaramanga
1015175601,Daniel,Gomez,daniel.gomez1015175601@estudiante.edu.co,2001-10-04,Bucaramanga
98814841,Sofia,Silva,sofia.silva98814841@estudiante.edu.co,1997-10-08,Cartagena
1059675877,Santiago,Sanchez,santiago.sanchez1059675877@estudiante.edu.co,2000-02-19,Bogota
1040956570,Daniel,Martinez,daniel.martinez1040956570@estudiante.edu.co,1995-09-05,Cali
84262896,Mariana,Velasquez,mariana.velasquez84262896@estudiante.edu.co,1998-12-05,Cartagena
1028838304,Laura,Rodriguez,laura.rodriguez1028838304@estudiante.edu.co,1997-07-12,Medellin
1076232666,Santiago,Lopez,santiago.lopez1076232666@estudiante.edu.co,1997-11-19,Bucaramanga
1091729927,Valentina,Ramirez,valentina.ramirez1091729927@estudiante.edu.co,1995-10-24,Barranquilla
1095760428,Isabella,Garcia,isabella.garcia1095760428@estudiante.edu.co,2001-01-06,Cucuta
45037555,Paula,Lopez,paula.lopez45037555@estudiante.edu.co,2004-12-21,Medellin
1002397436,Juan,Muñoz,juan.muñoz1002397436@estudiante.edu.co,1995-01-30,Cali
1058384124,Paula,Muñoz,paula.muñoz1058384124@estudiante.edu.co,1997-11-25,Pereira
1062204402,Valentina,Garcia,valentina.garcia1062204402@estudiante.edu.co,2003-11-21,Cucuta
1062135693,Carlos,Rojas,carlos.rojas1062135693@estudiante.edu.co,1997-10-23,Bogota
42635132,Paula,Martinez,paula.martinez42635132@estudiante.edu.co,2005-09-29,Bucaramanga
76825805,Gabriela,Lopez,gabriela.lopez76825805@estudiante.edu.co,2007-05-23,Manizales
1079809568,Isabella,Torres,isabella.torres1079809568@estudiante.edu.co,2003-11-03,Cucuta
1045587213,Paula,Perez,paula.perez1045587213@estudiante.edu.co,2001-08-16,Medellin
32874659,Camila,Rojas,camila.rojas32874659@estudiante.edu.co,2005-09-25,Cucuta
1014410834,Valentina,Gonzalez,valentina.gonzalez1014410834@estudiante.edu.co,2007-02-15,Barranquilla
70058743,Valentina,Silva,valentina.silva70058743@estudiante.edu.co,2005-09-13,Manizales
62296823,Valentina,Gonzalez,valentina.gonzalez62296823@estudiante.edu.co,2006-12-28,Manizales
47479210,Santiago,Ramirez,santiago.ramirez47479210@estudiante.edu.co,2004-05-05,Medellin
73199386,Carlos,Velasquez,carlos.velasquez73199386@estudiante.edu.co,2003-12-11,Bucaramanga
78686017,Carlos,Silva,carlos.silva78686017@estudiante.edu.co,1996-11-18,Medellin
39194684,Daniel,Sanchez,daniel.sanchez39194684@estudiante.edu.co,2005-05-19,Cali
1080689655,Daniel,Martinez,daniel.martinez1080689655@estudiante.edu.co,1995-09-05,Manizales
1027562166,Sofia,Torres,sofia.torres1027562166@estudiante.edu.co,2004-01-23,Bucaramanga
1009072156,Paula,Velasquez,paula.velasquez1009072156@estudiante.edu.co,2006-08-23,Medellin
1084076632,Gabriela,Ramirez,gabriela.ramirez1084076632@estudiante.edu.co,2001-01-17,Ibague
1088414260,Valentina,Silva,valentina.silva1088414260@estudiante.edu.co,2004-08-25,Cartagena
56314291,Santiago,Martinez,santiago.martinez56314291@estudiante.edu.co,2002-09-16,Cartagena
1068164005,Mateo,Lopez,mateo.lopez1068164005@estudiante.edu.co,1995-09-23,Cali
67899667,Sofia,Gomez,sofia.gomez67899667@estudiante.edu.co,1998-07-02,Cartagena
1031553355,Andres,Rodriguez,andres.rodriguez1031553355@estudiante.edu.co,2002-01-17,Pereira
1046127911,Andres,Ramirez,andres.ramirez1046127911@estudiante.edu.co,1998-12-01,Manizales
49372736,Sofia,Martinez,sofia.martinez49372736@estudiante.edu.co,2005-12-21,Manizales
93449830,Sofia,Lopez,sofia.lopez93449830@estudiante.edu.co,2000-07-17,Manizales
1057454908,Camila,Ramirez,camila.ramirez1057454908@estudiante.edu.co,2007-08-06,Ibague
1034518759,Juan,Velasquez,juan.velasquez1034518759@estudiante.edu.co,1999-04-22,Ibague
1015979012,Camila,Rodriguez,camila.rodriguez1015979012@estudiante.edu.co,2002-11-12,Barranquilla
47083516,Sofia,Torres,sofia.torres47083516@estudiante.edu.co,2006-12-06,Cucuta
45310943,Mariana,Gonzalez,mariana.gonzalez45310943@estudiante.edu.co,1997-01-04,Bucaramanga
1000012051,Daniel,Ramirez,daniel.ramirez1000012051@estudiante.edu.co,1995-10-10,Barranquilla
1026999172,Mariana,Muñoz,mariana.muñoz1026999172@estudiante.edu.co,2003-07-22,Cucuta
1016897235,Isabella,Gonzalez,isabella.gonzalez1016897235@estudiante.edu.co,1997-01-06,Bucaramanga
51433462,Mateo,Muñoz,mateo.muñoz51433462@estudiante.edu.co,1998-11-21,Pereira
1005865166,Laura,Perez,laura.perez1005865166@estudiante.edu.co,2007-08-01,Manizales
1034201337,Santiago,Velasquez,santiago.velasquez1034201337@estudiante.edu.co,1997-10-02,Cucuta
57771517,Juan,Muñoz,juan.muñoz57771517@estudiante.edu.co,1997-05-10,Barranquilla
41649322,Santiago,Rojas,santiago.rojas41649322@estudiante.edu.co,2002-05-30,Barranquilla
38942861,Mariana,Rodriguez,mariana.rodriguez38942861@estudiante.edu.co,1998-07-10,Bogota
1075771468,Santiago,Torres,santiago.torres1075771468@estudiante.edu.co,2005-12-21,Cali
1066082311,Santiago,Perez,santiago.perez1066082311@estudiante.edu.co,2003-09-30,Ibague
1091061607,Valentina,Silva,valentina.silva1091061607@estudiante.edu.co,2005-01-30,Pereira
52873611,Camila,Lopez,camila.lopez52873611@estudiante.edu.co,2005-11-21,Cucuta
1061901057,Laura,Rojas,laura.rojas1061901057@estudiante.edu.co,2000-01-21,Cali
63232628,Mariana,Martinez,mariana.martinez63232628@estudiante.edu.co,2005-11-04,Manizales
1024019538,Gabriela,Gomez,gabriela.gomez1024019538@estudiante.edu.co,2007-12-14,Manizales
70473878,Juan,Perez,juan.perez70473878@estudiante.edu.co,2004-04-01,Manizales
1044577662,Gabriela,Perez,gabriela.perez1044577662@estudiante.edu.co,2004-10-21,Cartagena
59152806,Gabriela,Torres,gabriela.torres59152806@estudiante.edu.co,2000-08-03,Pereira
1034055399,Mariana,Perez,mariana.perez1034055399@estudiante.edu.co,1999-08-26,Bucaramanga
1094160842,Laura,Gonzalez,laura.gonzalez1094160842@estudiante.edu.co,1999-07-03,Cali
52690425,Sofia,Garcia,sofia.garcia52690425@estudiante.edu.co,2000-06-01,Bucaramanga
47387355,Sofia,Velasquez,sofia.velasquez47387355@estudiante.edu.co,2005-09-29,Cali
1085545840,Juan,Martinez,juan.martinez1085545840@estudiante.edu.co,2002-08-20,Manizales
57405464,Valentina,Silva,valentina.silva57405464@estudiante.edu.co,2007-05-15,Cartagena
1044349888,Alejandro,Rodriguez,alejandro.rodriguez1044349888@estudiante.edu.co,2007-08-17,Bogota
1037636012,Santiago,Martinez,santiago.martinez1037636012@estudiante.edu.co,2002-02-24,Bogota
44715764,Sofia,Silva,sofia.silva44715764@estudiante.edu.co,2001-03-02,Ibague
1074677215,Juan,Muñoz,juan.muñoz1074677215@estudiante.edu.co,1996-05-11,Ibague
83814525,Juan,Torres,juan.torres83814525@estudiante.edu.co,2001-12-16,Barranquilla
86387940,Mateo,Gonzalez,mateo.gonzalez86387940@estudiante.edu.co,2004-09-22,Pereira
41928501,Laura,Rojas,laura.rojas41928501@estudiante.edu.co,1998-02-10,Cucuta
1014443871,Mateo,Perez,mateo.perez1014443871@estudiante.edu.co,1998-12-26,Pereira
59405820,Camila,Rodriguez,camila.rodriguez59405820@estudiante.edu.co,2006-07-12,Cartagena
44591606,Camila,Torres,camila.torres44591606@estudiante.edu.co,2005-02-22,Cucuta
94591597,Daniel,Ramirez,daniel.ramirez94591597@estudiante.edu.co,2005-03-30,Bogota
1087824296,Mariana,Torres,mariana.torres1087824296@estudiante.edu.co,2004-05-05,Ibague
1069345928,Camila,Muñoz,camila.muñoz1069345928@estudiante.edu.co,2002-02-14,Pereira
94875060,Santiago,Martinez,santiago.martinez94875060@estudiante.edu.co,2001-12-07,Barranquilla
1062494705,Santiago,Torres,santiago.torres1062494705@estudiante.edu.co,2001-07-07,Medellin
1007386943,Gabriela,Silva,gabriela.silva1007386943@estudiante.edu.co,2000-06-30,Medellin
1040453682,Valentina,Muñoz,valentina.muñoz1040453682@estudiante.edu.co,2007-05-15,Cartagena
78475184,Juan,Martinez,juan.martinez78475184@estudiante.edu.co,2000-06-17,Cali
46700126,Carlos,Garcia,carlos.garcia46700126@estudiante.edu.co,1998-11-09,Ibague
1024773041,Laura,Muñoz,laura.muñoz1024773041@estudiante.edu.co,2007-12-12,Manizales
33969978,Laura,Gomez,laura.gomez33969978@estudiante.edu.co,2000-10-05,Manizales
46651732,Laura,Silva,laura.silva46651732@estudiante.edu.co,1996-01-30,Cali
1049490257,Laura,Rojas,laura.rojas1049490257@estudiante.edu.co,1997-10-03,Bogota
85922620,Isabella,Silva,isabella.silva85922620@estudiante.edu.co,1996-02-15,Cartagena
43162644,Paula,Perez,paula.perez43162644@estudiante.edu.co,2004-06-19,Cucuta
1075551901,Daniel,Gonzalez,daniel.gonzalez1075551901@estudiante.edu.co,2000-02-10,Pereira
86043827,Carlos,Rojas,carlos.rojas86043827@estudiante.edu.co,2000-09-18,Cali
68921501,Gabriela,Gonzalez,gabriela.gonzalez68921501@estudiante.edu.co,1998-11-30,Medellin
70641925,Paula,Gonzalez,paula.gonzalez70641925@estudiante.edu.co,1995-08-21,Cartagena
99740279,Camila,Rodriguez,camila.rodriguez99740279@estudiante.edu.co,2001-01-24,Manizales
1004022639,Paula,Gomez,paula.gomez1004022639@estudiante.edu.co,2004-09-20,Cartagena
1096416754,Camila,Rojas,camila.rojas1096416754@estudiante.edu.co,1999-05-21,Cucuta
41453288,Juan,Rodriguez,juan.rodriguez41453288@estudiante.edu.co,2002-06-07,Cucuta
90550515,Andres,Ramirez,andres.ramirez90550515@estudiante.edu.co,2004-10-09,Barranquilla
1082450177,Andres,Velasquez,andres.velasquez1082450177@estudiante.edu.co,1999-09-05,Cartagena
1007573710,Mateo,Martinez,mateo.martinez1007573710@estudiante.edu.co,1998-12-22,Bogota
75670673,Paula,Ramirez,paula.ramirez75670673@estudiante.edu.co,2002-07-20,Pereira
63106084,Laura,Gomez,laura.gomez63106084@estudiante.edu.co,1996-06-06,Bucaramanga
1077969516,Daniel,Rodriguez,daniel.rodriguez1077969516@estudiante.edu.co,1996-08-21,Cartagena
1064329500,Juan,Martinez,juan.martinez1064329500@estudiante.edu.co,2000-09-30,Medellin
1075514060,Mateo,Torres,mateo.torres1075514060@estudiante.edu.co,1999-06-06,Ibague
1080290776,Sofia,Rojas,sofia.rojas1080290776@estudiante.edu.co,1998-08-14,Barranquilla
84569352,Juan,Garcia,juan.garcia84569352@estudiante.edu.co,1996-07-05,Medellin
1096688043,Daniel,Gomez,daniel.gomez1096688043@estudiante.edu.co,2000-03-19,Ibague
96297218,Alejandro,Ramirez,alejandro.ramirez96297218@estudiante.edu.co,1998-09-12,Cucuta
1034195954,Isabella,Velasquez,isabella.velasquez1034195954@estudiante.edu.co,2007-10-27,Cali
93705014,Sofia,Rodriguez,sofia.rodriguez93705014@estudiante.edu.co,2002-11-30,Pereira
1090329304,Sofia,Gonzalez,sofia.gonzalez1090329304@estudiante.edu.co,2006-10-25,Pereira
1070110074,Alejandro,Silva,alejandro.silva1070110074@estudiante.edu.co,2002-08-08,Manizales
1019070244,Gabriela,Muñoz,gabriela.muñoz1019070244@estudiante.edu.co,1995-05-10,Medellin
1094403505,Carlos,Velasquez,carlos.velasquez1094403505@estudiante.edu.co,1996-02-19,Manizales
1064332250,Andres,Sanchez,andres.sanchez1064332250@estudiante.edu.co,2005-11-10,Barranquilla
31437368,Daniel,Martinez,daniel.martinez31437368@estudiante.edu.co,2007-12-13,Cartagena
76936139,Daniel,Rojas,daniel.rojas76936139@estudiante.edu.co,1996-01-03,Manizales
1090546243,Paula,Silva,paula.silva1090546243@estudiante.edu.co,2004-03-01,Cali
1032461864,Juan,Silva,juan.silva1032461864@estudiante.edu.co,1995-03-11,Barranquilla
1014499972,Paula,Torres,paula.torres1014499972@estudiante.edu.co,2005-08-22,Bucaramanga
1010392420,Gabriela,Rojas,gabriela.rojas1010392420@estudiante.edu.co,2000-05-09,Barranquilla
72715537,Camila,Sanchez,camila.sanchez72715537@estudiante.edu.co,1995-11-19,Cucuta
33491717,Isabella,Sanchez,isabella.sanchez33491717@estudiante.edu.co,2006-04-05,Bucaramanga
1085798794,Mariana,Garcia,mariana.garcia1085798794@estudiante.edu.co,1995-10-08,Bogota
40307115,Paula,Gomez,paula.gomez40307115@estudiante.edu.co,2007-11-12,Bucaramanga
1004862355,Andres,Rojas,andres.rojas1004862355@estudiante.edu.co,2004-02-03,Barranquilla
1026878188,Juan,Muñoz,juan.muñoz1026878188@estudiante.edu.co,1996-12-10,Manizales
1087016857,Paula,Sanchez,paula.sanchez1087016857@estudiante.edu.co,2006-06-18,Cali
34970451,Sofia,Perez,sofia.perez34970451@estudiante.edu.co,1999-05-29,Bogota
1067631203,Santiago,Rodriguez,santiago.rodriguez1067631203@estudiante.edu.co,2000-08-08,Ibague
36290263,Santiago,Rojas,santiago.rojas36290263@estudiante.edu.co,2005-01-25,Pereira
1017935369,Paula,Ramirez,paula.ramirez1017935369@estudiante.edu.co,1997-01-29,Cucuta
1014853855,Camila,Rojas,camila.rojas1014853855@estudiante.edu.co,2006-10-18,Cartagena
80355249,Alejandro,Velasquez,alejandro.velasquez80355249@estudiante.edu.co,2003-03-27,Cartagena
31313386,Paula,Ramirez,paula.ramirez31313386@estudiante.edu.co,2005-02-24,Pereira
1057431485,Daniel,Lopez,daniel.lopez1057431485@estudiante.edu.co,2002-12-03,Barranquilla
55054368,Santiago,Gomez,santiago.gomez55054368@estudiante.edu.co,2004-06-27,Barranquilla
1006957521,Sofia,Silva,sofia.silva1006957521@estudiante.edu.co,2002-07-31,Medellin
55431613,Laura,Velasquez,laura.velasquez55431613@estudiante.edu.co,1997-09-05,Bogota
1098137859,Carlos,Lopez,carlos.lopez1098137859@estudiante.edu.co,2005-09-04,Cali
1025417416,Santiago,Garcia,santiago.garcia1025417416@estudiante.edu.co,2003-10-17,Cartagena
54423154,Mariana,Rojas,mariana.rojas54423154@estudiante.edu.co,1995-05-14,Ibague
1026980615,Juan,Rodriguez,juan.rodriguez1026980615@estudiante.edu.co,1997-12-31,Medellin
1031722708,Mariana,Torres,mariana.torres1031722708@estudiante.edu.co,2001-08-22,Manizales
80178348,Camila,Rodriguez,camila.rodriguez80178348@estudiante.edu.co,1998-04-11,Cucuta
1051956780,Andres,Sanchez,andres.sanchez1051956780@estudiante.edu.co,2006-01-24,Manizales
41331175,Alejandro,Gonzalez,alejandro.gonzalez41331175@estudiante.edu.co,2003-09-10,Cartagena
49666813,Laura,Garcia,laura.garcia49666813@estudiante.edu.co,2006-12-12,Bogota
42638488,Mariana,Ramirez,mariana.ramirez42638488@estudiante.edu.co,2006-05-04,Pereira
1006681524,Mateo,Lopez,mateo.lopez1006681524@estudiante.edu.co,1999-07-26,Cartagena
63095309,Juan,Silva,juan.silva63095309@estudiante.edu.co,2001-04-15,Cartagena
52359704,Mariana,Martinez,mariana.martinez52359704@estudiante.edu.co,2002-09-12,Pereira
1052626827,Paula,Torres,paula.torres1052626827@estudiante.edu.co,2005-07-26,Pereira
1025520303,Carlos,Ramirez,carlos.ramirez1025520303@estudiante.edu.co,2004-09-03,Ibague
71314054,Alejandro,Muñoz,alejandro.muñoz71314054@estudiante.edu.co,2000-09-22,Bogota
98932982,Camila,Perez,camila.perez98932982@estudiante.edu.co,1995-10-21,Ibague
60250257,Alejandro,Rodriguez,alejandro.rodriguez60250257@estudiante.edu.co,1998-09-20,Cucuta
96564448,Mariana,Torres,mariana.torres96564448@estudiante.edu.co,1998-03-31,Cucuta
89992101,Paula,Perez,paula.perez89992101@estudiante.edu.co,2004-10-25,Manizales
95993950,Alejandro,Silva,alejandro.silva95993950@estudiante.edu.co,2000-05-27,Barranquilla
79447936,Mariana,Garcia,mariana.garcia79447936@estudiante.edu.co,1998-06-11,Medellin
1059407615,Mateo,Muñoz,mateo.muñoz1059407615@estudiante.edu.co,2002-08-31,Manizales
1012903821,Paula,Perez,paula.perez1012903821@estudiante.edu.co,1995-08-17,Manizales
1016607595,Santiago,Gonzalez,santiago.gonzalez1016607595@estudiante.edu.co,2000-01-03,Barranquilla
1098276683,Mariana,Garcia,mariana.garcia1098276683@estudiante.edu.co,2004-09-29,Bucaramanga
87957864,Camila,Martinez,camila.martinez87957864@estudiante.edu.co,1995-08-02,Cali
67348444,Isabella,Gonzalez,isabella.gonzalez67348444@estudiante.edu.co,2005-01-23,Bucaramanga
1072113108,Santiago,Lopez,santiago.lopez1072113108@estudiante.edu.co,2002-01-12,Pereira
1081257603,Juan,Martinez,juan.martinez1081257603@estudiante.edu.co,1996-12-14,Bogota
1023639213,Gabriela,Muñoz,gabriela.muñoz1023639213@estudiante.edu.co,2004-08-06,Ibague
48708594,Isabella,Gomez,isabella.gomez48708594@estudiante.edu.co,2004-04-29,Medellin
84147853,Isabella,Gomez,isabella.gomez84147853@estudiante.edu.co,1999-11-01,Cucuta
69095020,Isabella,Perez,isabella.perez69095020@estudiante.edu.co,1999-01-15,Cali
1036489929,Isabella,Sanchez,isabella.sanchez1036489929@estudiante.edu.co,1998-05-24,Cartagena
1003377760,Gabriela,Rodriguez,gabriela.rodriguez1003377760@estudiante.edu.co,1995-02-04,Barranquilla
42452485,Sofia,Ramirez,sofia.ramirez42452485@estudiante.edu.co,2006-04-20,Ibague
1023924860,Daniel,Sanchez,daniel.sanchez1023924860@estudiante.edu.co,2003-06-08,Cali
77979186,Valentina,Rojas,valentina.rojas77979186@estudiante.edu.co,2005-03-31,Cali
78988140,Santiago,Sanchez,santiago.sanchez78988140@estudiante.edu.co,1999-01-17,Manizales
1085246412,Alejandro,Ramirez,alejandro.ramirez1085246412@estudiante.edu.co,1998-09-14,Cali
1076861679,Sofia,Sanchez,sofia.sanchez1076861679@estudiante.edu.co,2000-08-03,Ibague
79807561,Daniel,Gonzalez,daniel.gonzalez79807561@estudiante.edu.co,1998-11-07,Cartagena
76426305,Camila,Ramirez,camila.ramirez76426305@estudiante.edu.co,2002-01-01,Cali
1084449619,Sofia,Martinez,sofia.martinez1084449619@estudiante.edu.co,1995-11-12,Medellin
61438086,Isabella,Velasquez,isabella.velasquez61438086@estudiante.edu.co,1996-05-27,Manizales
36135793,Mateo,Rodriguez,mateo.rodriguez36135793@estudiante.edu.co,1997-03-29,Cali
69356724,Camila,Martinez,camila.martinez69356724@estudiante.edu.co,2001-10-25,Bucaramanga
1093620175,Paula,Lopez,paula.lopez1093620175@estudiante.edu.co,2006-04-23,Cucuta
85771487,Gabriela,Lopez,gabriela.lopez85771487@estudiante.edu.co,1996-05-10,Ibague
1098667514,Laura,Velasquez,laura.velasquez1098667514@estudiante.edu.co,1995-08-25,Medellin
1093724977,Mateo,Gonzalez,mateo.gonzalez1093724977@estudiante.edu.co,2006-02-10,Medellin
89118651,Andres,Perez,andres.perez89118651@estudiante.edu.co,2006-05-31,Manizales
52645615,Carlos,Gonzalez,carlos.gonzalez52645615@estudiante.edu.co,2000-11-07,Cucuta
90420408,Daniel,Muñoz,daniel.muñoz90420408@estudiante.edu.co,2003-07-15,Bogota
1083556357,Carlos,Garcia,carlos.garcia1083556357@estudiante.edu.co,2001-10-13,Bogota
1019412792,Andres,Silva,andres.silva1019412792@estudiante.edu.co,2005-06-04,Ibague
1084340507,Daniel,Martinez,daniel.martinez1084340507@estudiante.edu.co,2001-09-29,Medellin
51369717,Laura,Velasquez,laura.velasquez51369717@estudiante.edu.co,2003-08-01,Bogota
86376774,Alejandro,Muñoz,alejandro.muñoz86376774@estudiante.edu.co,1996-05-22,Barranquilla
53962388,Valentina,Garcia,valentina.garcia53962388@estudiante.edu.co,1997-06-09,Barranquilla
55985844,Gabriela,Lopez,gabriela.lopez55985844@estudiante.edu.co,2000-03-28,Cucuta
1086638719,Santiago,Ramirez,santiago.ramirez1086638719@estudiante.edu.co,2004-08-30,Bogota
1074117498,Valentina,Silva,valentina.silva1074117498@estudiante.edu.co,1997-05-13,Manizales
87725193,Valentina,Sanchez,valentina.sanchez87725193@estudiante.edu.co,2001-08-07,Cali
65790509,Andres,Perez,andres.perez65790509@estudiante.edu.co,2000-05-07,Cucuta
56146659,Isabella,Ramirez,isabella.ramirez56146659@estudiante.edu.co,1996-07-06,Barranquilla
1018223419,Mariana,Muñoz,mariana.muñoz1018223419@estudiante.edu.co,2007-06-28,Ibague
99208187,Isabella,Gomez,isabella.gomez99208187@estudiante.edu.co,2006-06-11,Medellin
66701415,Andres,Rojas,andres.rojas66701415@estudiante.edu.co,2000-10-15,Ibague
1013942474,Paula,Rojas,paula.rojas1013942474@estudiante.edu.co,2007-08-18,Barranquilla
1010444707,Andres,Ramirez,andres.ramirez1010444707@estudiante.edu.co,2004-09-01,Pereira
61239129,Laura,Torres,laura.torres61239129@estudiante.edu.co,2007-08-08,Bogota
1095255522,Isabella,Martinez,isabella.martinez1095255522@estudiante.edu.co,2004-04-25,Bucaramanga
1062802339,Laura,Silva,laura.silva1062802339@estudiante.edu.co,1997-05-08,Bogota
1040120983,Valentina,Velasquez,valentina.velasquez1040120983@estudiante.edu.co,2000-07-15,Cali
47166528,Isabella,Lopez,isabella.lopez47166528@estudiante.edu.co,2003-04-23,Cali
1056310592,Paula,Muñoz,paula.muñoz1056310592@estudiante.edu.co,1998-11-18,Ibague
32345651,Mateo,Gonzalez,mateo.gonzalez32345651@estudiante.edu.co,2002-05-31,Pereira
44675350,Andres,Gonzalez,andres.gonzalez44675350@estudiante.edu.co,1997-01-28,Cartagena
1071786786,Mariana,Martinez,mariana.martinez1071786786@estudiante.edu.co,1999-11-02,Pereira
32928985,Juan,Velasquez,juan.velasquez32928985@estudiante.edu.co,2006-05-25,Bucaramanga
65919762,Carlos,Lopez,carlos.lopez65919762@estudiante.edu.co,1995-06-05,Bucaramanga
1073126948,Paula,Perez,paula.perez1073126948@estudiante.edu.co,2004-02-25,Pereira
1081843044,Sofia,Ramirez,sofia.ramirez1081843044@estudiante.edu.co,2006-11-27,Manizales
39323934,Isabella,Muñoz,isabella.muñoz39323934@estudiante.edu.co,2001-04-06,Bucaramanga
50373844,Daniel,Torres,daniel.torres50373844@estudiante.edu.co,2002-09-30,Ibague
51703321,Gabriela,Torres,gabriela.torres51703321@estudiante.edu.co,2003-01-05,Medellin
1081615727,Daniel,Rojas,daniel.rojas1081615727@estudiante.edu.co,2006-03-26,Medellin
52751278,Daniel,Gonzalez,daniel.gonzalez52751278@estudiante.edu.co,1996-02-07,Pereira
1052726492,Sofia,Rojas,sofia.rojas1052726492@estudiante.edu.co,1997-09-01,Medellin
89742393,Mariana,Perez,mariana.perez89742393@estudiante.edu.co,1999-07-01,Medellin
75647342,Mariana,Garcia,mariana.garcia75647342@estudiante.edu.co,2007-05-06,Cartagena
44045587,Laura,Garcia,laura.garcia44045587@estudiante.edu.co,1997-09-25,Cucuta
1005093780,Carlos,Torres,carlos.torres1005093780@estudiante.edu.co,2001-04-30,Bogota
30698623,Mariana,Martinez,mariana.martinez30698623@estudiante.edu.co,2004-09-12,Cali
1037268816,Gabriela,Sanchez,gabriela.sanchez1037268816@estudiante.edu.co,2006-11-06,Bogota
56804370,Paula,Ramirez,paula.ramirez56804370@estudiante.edu.co,2002-06-13,Cali
1075642885,Valentina,Perez,valentina.perez1075642885@estudiante.edu.co,2005-11-24,Medellin
1096456716,Laura,Martinez,laura.martinez1096456716@estudiante.edu.co,2006-06-11,Pereira
64144498,Gabriela,Rodriguez,gabriela.rodriguez64144498@estudiante.edu.co,2007-09-30,Cali
81857271,Andres,Martinez,andres.martinez81857271@estudiante.edu.co,2000-05-17,Cali
1073159171,Daniel,Sanchez,daniel.sanchez1073159171@estudiante.edu.co,1997-08-29,Cartagena
47183952,Laura,Ramirez,laura.ramirez47183952@estudiante.edu.co,1996-06-11,Medellin
63908786,Sofia,Silva,sofia.silva63908786@estudiante.edu.co,1999-05-22,Ibague
1085786230,Andres,Ramirez,andres.ramirez1085786230@estudiante.edu.co,2000-05-06,Bucaramanga
93052006,Santiago,Gonzalez,santiago.gonzalez93052006@estudiante.edu.co,2002-02-06,Barranquilla
1033561293,Camila,Rodriguez,camila.rodriguez1033561293@estudiante.edu.co,2006-09-29,Manizales
1009299049,Mariana,Torres,mariana.torres1009299049@estudiante.edu.co,1998-07-25,Bucaramanga
92272836,Juan,Torres,juan.torres92272836@estudiante.edu.co,1997-03-24,Ibague
94251385,Camila,Lopez,camila.lopez94251385@estudiante.edu.co,1998-02-09,Pereira
1025988505,Mateo,Gomez,mateo.gomez1025988505@estudiante.edu.co,2002-03-19,Manizales
1065202975,Camila,Martinez,camila.martinez1065202975@estudiante.edu.co,2001-12-21,Medellin
60839818,Isabella,Gomez,isabella.gomez60839818@estudiante.edu.co,2007-03-17,Ibague
1089244806,Isabella,Perez,isabella.perez1089244806@estudiante.edu.co,2006-01-20,Manizales
1017821581,Santiago,Rojas,santiago.rojas1017821581@estudiante.edu.co,2003-03-23,Pereira
1048487801,Laura,Velasquez,laura.velasquez1048487801@estudiante.edu.co,1995-03-23,Bogota
83198703,Paula,Garcia,paula.garcia83198703@estudiante.edu.co,2003-04-03,Cartagena
69081684,Camila,Sanchez,camila.sanchez69081684@estudiante.edu.co,1999-08-19,Barranquilla
74998489,Juan,Rodriguez,juan.rodriguez74998489@estudiante.edu.co,1997-07-03,Bucaramanga
1085592766,Sofia,Rodriguez,sofia.rodriguez1085592766@estudiante.edu.co,1999-07-17,Manizales
1095037746,Santiago,Perez,santiago.perez1095037746@estudiante.edu.co,2005-01-27,Cucuta
1057152830,Isabella,Garcia,isabella.garcia1057152830@estudiante.edu.co,2005-05-05,Bogota
1068422006,Juan,Garcia,juan.garcia1068422006@estudiante.edu.co,2003-01-01,Manizales
1035528067,Santiago,Rojas,santiago.rojas1035528067@estudiante.edu.co,1999-01-08,Pereira
58938226,Gabriela,Muñoz,gabriela.muñoz58938226@estudiante.edu.co,1997-07-13,Cartagena
1053504813,Isabella,Martinez,isabella.martinez1053504813@estudiante.edu.co,2000-04-12,Ibague
1009065913,Camila,Garcia,camila.garcia1009065913@estudiante.edu.co,2004-07-04,Ibague
1092414965,Paula,Silva,paula.silva1092414965@estudiante.edu.co,2000-12-26,Medellin
1076347916,Laura,Garcia,laura.garcia1076347916@estudiante.edu.co,1999-08-20,Cucuta
64624630,Valentina,Martinez,valentina.martinez64624630@estudiante.edu.co,2006-01-19,Pereira
1086779733,Daniel,Silva,daniel.silva1086779733@estudiante.edu.co,2007-11-22,Ibague
74890455,Isabella,Garcia,isabella.garcia74890455@estudiante.edu.co,2004-01-09,Manizales
1065071550,Gabriela,Sanchez,gabriela.sanchez1065071550@estudiante.edu.co,1999-11-30,Cucuta
1061414662,Valentina,Silva,valentina.silva1061414662@estudiante.edu.co,2006-05-21,Manizales
1086457002,Gabriela,Rojas,gabriela.rojas1086457002@estudiante.edu.co,2006-11-06,Cucuta
1048146041,Valentina,Gomez,valentina.gomez1048146041@estudiante.edu.co,1996-03-15,Cali
1047536393,Laura,Garcia,laura.garcia1047536393@estudiante.edu.co,2000-12-31,Bogota
1003424185,Gabriela,Muñoz,gabriela.muñoz1003424185@estudiante.edu.co,1999-05-28,Cucuta
98309654,Daniel,Gomez,daniel.gomez98309654@estudiante.edu.co,2001-05-11,Cucuta
1057869181,Paula,Muñoz,paula.muñoz1057869181@estudiante.edu.co,2003-11-10,Medellin
47444667,Alejandro,Garcia,alejandro.garcia47444667@estudiante.edu.co,2001-05-22,Pereira
1091333458,Laura,Garcia,laura.garcia1091333458@estudiante.edu.co,2006-02-04,Cucuta
1078525766,Gabriela,Silva,gabriela.silva1078525766@estudiante.edu.co,1999-02-16,Cucuta
67263675,Mateo,Rojas,mateo.rojas67263675@estudiante.edu.co,2003-10-27,Cucuta
1027295357,Isabella,Sanchez,isabella.sanchez1027295357@estudiante.edu.co,1999-08-26,Cartagena
35950098,Laura,Lopez,laura.lopez35950098@estudiante.edu.co,1999-09-16,Pereira
1022458891,Laura,Sanchez,laura.sanchez1022458891@estudiante.edu.co,2006-12-08,Barranquilla
81065549,Sofia,Ramirez,sofia.ramirez81065549@estudiante.edu.co,1995-11-07,Medellin
41903996,Santiago,Rodriguez,santiago.rodriguez41903996@estudiante.edu.co,1998-08-23,Bogota
1044578290,Sofia,Gomez,sofia.gomez1044578290@estudiante.edu.co,1996-07-10,Manizales
41553957,Isabella,Lopez,isabella.lopez41553957@estudiante.edu.co,2004-07-02,Cucuta
1065754044,Santiago,Silva,santiago.silva1065754044@estudiante.edu.co,2005-12-16,Bucaramanga
1054373038,Mateo,Perez,mateo.perez1054373038@estudiante.edu.co,1999-10-19,Ibague
46266893,Carlos,Velasquez,carlos.velasquez46266893@estudiante.edu.co,1995-04-27,Cali
1073741909,Paula,Velasquez,paula.velasquez1073741909@estudiante.edu.co,2006-03-14,Cartagena
50577171,Mateo,Garcia,mateo.garcia50577171@estudiante.edu.co,2004-04-24,Barranquilla
80380416,Santiago,Gomez,santiago.gomez80380416@estudiante.edu.co,2000-09-25,Cucuta
1005115998,Santiago,Sanchez,santiago.sanchez1005115998@estudiante.edu.co,1999-08-06,Cucuta
1018651579,Alejandro,Rodriguez,alejandro.rodriguez1018651579@estudiante.edu.co,1995-08-27,Pereira
98145554,Sofia,Silva,sofia.silva98145554@estudiante.edu.co,2000-10-28,Pereira
44604515,Carlos,Rojas,carlos.rojas44604515@estudiante.edu.co,1999-07-24,Medellin
1069459393,Mariana,Gonzalez,mariana.gonzalez1069459393@estudiante.edu.co,2005-09-23,Ibague
1044234110,Carlos,Martinez,carlos.martinez1044234110@estudiante.edu.co,2002-08-06,Cali
36905413,Gabriela,Gonzalez,gabriela.gonzalez36905413@estudiante.edu.co,2007-04-16,Barranquilla
63621844,Andres,Ramirez,andres.ramirez63621844@estudiante.edu.co,1998-07-14,Medellin
99650592,Daniel,Velasquez,daniel.velasquez99650592@estudiante.edu.co,1996-12-01,Barranquilla
1034263787,Paula,Velasquez,paula.velasquez1034263787@estudiante.edu.co,1996-03-25,Cali
89619193,Sofia,Silva,sofia.silva89619193@estudiante.edu.co,1996-10-26,Pereira
79753693,Paula,Ramirez,paula.ramirez79753693@estudiante.edu.co,1997-02-27,Cartagena
1086077857,Alejandro,Sanchez,alejandro.sanchez1086077857@estudiante.edu.co,2000-08-15,Manizales
1013003173,Sofia,Silva,sofia.silva1013003173@estudiante.edu.co,2004-01-12,Bogota
1012659567,Andres,Muñoz,andres.muñoz1012659567@estudiante.edu.co,2005-11-02,Barranquilla
1082436450,Paula,Rojas,paula.rojas1082436450@estudiante.edu.co,2000-01-26,Bogota
64047524,Valentina,Gonzalez,valentina.gonzalez64047524@estudiante.edu.co,2006-11-01,Pereira
1071519446,Santiago,Sanchez,santiago.sanchez1071519446@estudiante.edu.co,1997-09-14,Bucaramanga
43563486,Camila,Garcia,camila.garcia43563486@estudiante.edu.co,1998-05-22,Medellin
60613281,Camila,Ramirez,camila.ramirez60613281@estudiante.edu.co,2004-06-26,Cucuta
1044029518,Carlos,Torres,carlos.torres1044029518@estudiante.edu.co,2005-06-02,Barranquilla
1059301641,Andres,Martinez,andres.martinez1059301641@estudiante.edu.co,1996-03-20,Bucaramanga
31006121,Andres,Velasquez,andres.velasquez31006121@estudiante.edu.co,2005-12-19,Pereira
86094219,Andres,Rodriguez,andres.rodriguez86094219@estudiante.edu.co,1998-07-29,Pereira
97647099,Santiago,Velasquez,santiago.velasquez97647099@estudiante.edu.co,2000-09-15,Bucaramanga
1065754029,Isabella,Perez,isabella.perez1065754029@estudiante.edu.co,2001-09-21,Bogota
50584486,Mariana,Gomez,mariana.gomez50584486@estudiante.edu.co,2006-01-07,Barranquilla
1074507356,Isabella,Perez,isabella.perez1074507356@estudiante.edu.co,1997-10-03,Bogota
74590975,Alejandro,Sanchez,alejandro.sanchez74590975@estudiante.edu.co,2007-10-20,Pereira
78263689,Daniel,Gomez,daniel.gomez78263689@estudiante.edu.co,2000-08-21,Manizales
1057884831,Valentina,Sanchez,valentina.sanchez1057884831@estudiante.edu.co,1995-10-07,Barranquilla
36691456,Carlos,Sanchez,carlos.sanchez36691456@estudiante.edu.co,2004-11-22,Manizales
78027814,Santiago,Lopez,santiago.lopez78027814@estudiante.edu.co,1998-11-03,Bogota
1092245854,Mateo,Torres,mateo.torres1092245854@estudiante.edu.co,1997-12-20,Cucuta
62156729,Alejandro,Silva,alejandro.silva62156729@estudiante.edu.co,2000-01-09,Cucuta
34462254,Santiago,Silva,santiago.silva34462254@estudiante.edu.co,2005-11-09,Medellin
1030157293,Isabella,Lopez,isabella.lopez1030157293@estudiante.edu.co,1997-01-07,Cartagena
54785101,Juan,Torres,juan.torres54785101@estudiante.edu.co,1998-04-29,Cali
37920000,Laura,Muñoz,laura.muñoz37920000@estudiante.edu.co,1996-08-07,Cali
1076429853,Isabella,Ramirez,isabella.ramirez1076429853@estudiante.edu.co,1995-08-04,Medellin
1016898250,Valentina,Rojas,valentina.rojas1016898250@estudiante.edu.co,1999-04-15,Bucaramanga
32196132,Daniel,Perez,daniel.perez32196132@estudiante.edu.co,2001-06-21,Barranquilla
46978303,Sofia,Rojas,sofia.rojas46978303@estudiante.edu.co,2004-02-20,Cali
48457124,Laura,Velasquez,laura.velasquez48457124@estudiante.edu.co,1995-06-09,Cartagena
1080463785,Valentina,Martinez,valentina.martinez1080463785@estudiante.edu.co,2006-08-10,Ibague
1004654215,Sofia,Sanchez,sofia.sanchez1004654215@estudiante.edu.co,2000-07-15,Cartagena
1018790665,Isabella,Gonzalez,isabella.gonzalez1018790665@estudiante.edu.co,1995-12-04,Medellin
46141742,Juan,Velasquez,juan.velasquez46141742@estudiante.edu.co,1995-04-29,Cali
89726068,Santiago,Rodriguez,santiago.rodriguez89726068@estudiante.edu.co,2007-04-12,Barranquilla
1038356730,Paula,Silva,paula.silva1038356730@estudiante.edu.co,2007-09-15,Barranquilla
1015993560,Andres,Sanchez,andres.sanchez1015993560@estudiante.edu.co,2004-07-18,Pereira
1069163803,Santiago,Martinez,santiago.martinez1069163803@estudiante.edu.co,2005-01-01,Ibague
1019922382,Gabriela,Gonzalez,gabriela.gonzalez1019922382@estudiante.edu.co,1998-05-09,Pereira
1027523403,Isabella,Rodriguez,isabella.rodriguez1027523403@estudiante.edu.co,2007-08-02,Pereira
1052638417,Valentina,Gonzalez,valentina.gonzalez1052638417@estudiante.edu.co,1999-06-12,Cali
1029620914,Santiago,Sanchez,santiago.sanchez1029620914@estudiante.edu.co,1995-09-14,Bucaramanga
30070620,Andres,Ramirez,andres.ramirez30070620@estudiante.edu.co,2006-01-07,Bogota
42610908,Mariana,Martinez,mariana.martinez42610908@estudiante.edu.co,2007-12-06,Bogota
55479075,Valentina,Ramirez,valentina.ramirez55479075@estudiante.edu.co,2005-11-22,Bucaramanga
57520706,Camila,Perez,camila.perez57520706@estudiante.edu.co,1997-08-28,Bogota
54962751,Paula,Ramirez,paula.ramirez54962751@estudiante.edu.co,2007-08-16,Pereira
77866959,Alejandro,Garcia,alejandro.garcia77866959@estudiante.edu.co,2001-07-26,Pereira
1071720458,Valentina,Ramirez,valentina.ramirez1071720458@estudiante.edu.co,1996-06-26,Barranquilla
1027213465,Alejandro,Ramirez,alejandro.ramirez1027213465@estudiante.edu.co,2004-04-06,Manizales
1048725795,Isabella,Silva,isabella.silva1048725795@estudiante.edu.co,1998-01-20,Manizales
71932043,Andres,Gomez,andres.gomez71932043@estudiante.edu.co,2000-07-22,Barranquilla
1035534580,Mateo,Martinez,mateo.martinez1035534580@estudiante.edu.co,2003-02-16,Pereira
90707229,Juan,Lopez,juan.lopez90707229@estudiante.edu.co,2007-05-20,Barranquilla
1017213293,Juan,Silva,juan.silva1017213293@estudiante.edu.co,1996-12-26,Ibague
60144043,Paula,Silva,paula.silva60144043@estudiante.edu.co,1995-06-30,Ibague
56108478,Isabella,Torres,isabella.torres56108478@estudiante.edu.co,1996-01-06,Bucaramanga
1068671111,Alejandro,Muñoz,alejandro.muñoz1068671111@estudiante.edu.co,1996-11-26,Medellin
1030514900,Mariana,Martinez,mariana.martinez1030514900@estudiante.edu.co,2003-12-11,Bucaramanga
1079640711,Paula,Velasquez,paula.velasquez1079640711@estudiante.edu.co,2000-01-20,Cali
73033563,Juan,Martinez,juan.martinez73033563@estudiante.edu.co,2006-07-24,Cucuta
37427262,Sofia,Silva,sofia.silva37427262@estudiante.edu.co,1997-02-06,Ibague
1061938383,Santiago,Garcia,santiago.garcia1061938383@estudiante.edu.co,2001-12-30,Bogota
43527258,Camila,Rojas,camila.rojas43527258@estudiante.edu.co,2000-09-02,Cartagena
90918291,Sofia,Silva,sofia.silva90918291@estudiante.edu.co,2004-02-14,Cali
32774992,Daniel,Velasquez,daniel.velasquez32774992@estudiante.edu.co,2003-04-23,Pereira
1054283750,Isabella,Rodriguez,isabella.rodriguez1054283750@estudiante.edu.co,1999-12-18,Medellin
94811347,Gabriela,Silva,gabriela.silva94811347@estudiante.edu.co,2003-06-13,Medellin
89682020,Paula,Velasquez,paula.velasquez89682020@estudiante.edu.co,2003-04-16,Cucuta
56144268,Santiago,Martinez,santiago.martinez56144268@estudiante.edu.co,2000-10-08,Pereira
34002599,Juan,Rojas,juan.rojas34002599@estudiante.edu.co,1996-05-07,Bogota
1052652857,Valentina,Silva,valentina.silva1052652857@estudiante.edu.co,1998-09-17,Barranquilla
1018414279,Daniel,Martinez,daniel.martinez1018414279@estudiante.edu.co,1995-06-01,Cucuta
1063745788,Camila,Lopez,camila.lopez1063745788@estudiante.edu.co,2001-06-11,Barranquilla
64081271,Paula,Ramirez,paula.ramirez64081271@estudiante.edu.co,2002-07-21,Cucuta
1085326966,Carlos,Ramirez,carlos.ramirez1085326966@estudiante.edu.co,2000-11-22,Medellin
1019738001,Laura,Muñoz,laura.muñoz1019738001@estudiante.edu.co,1998-01-08,Bucaramanga
83598206,Alejandro,Perez,alejandro.perez83598206@estudiante.edu.co,1999-12-09,Barranquilla
1002320387,Valentina,Rojas,valentina.rojas1002320387@estudiante.edu.co,2007-02-08,Ibague
38806725,Mateo,Silva,mateo.silva38806725@estudiante.edu.co,1997-05-28,Medellin
89113140,Andres,Ramirez,andres.ramirez89113140@estudiante.edu.co,2005-01-12,Cucuta
1000592322,Alejandro,Garcia,alejandro.garcia1000592322@estudiante.edu.co,2003-07-04,Ibague
73857298,Mariana,Muñoz,mariana.muñoz73857298@estudiante.edu.co,1997-03-21,Cartagena
1047332279,Isabella,Lopez,isabella.lopez1047332279@estudiante.edu.co,2003-05-18,Manizales
57243297,Santiago,Silva,santiago.silva57243297@estudiante.edu.co,2003-02-23,Medellin
76509278,Isabella,Torres,isabella.torres76509278@estudiante.edu.co,2007-10-28,Cucuta
77436153,Mateo,Gomez,mateo.gomez77436153@estudiante.edu.co,2007-07-18,Manizales
52220127,Mariana,Silva,mariana.silva52220127@estudiante.edu.co,2004-12-04,Cali
1048699276,Santiago,Lopez,santiago.lopez1048699276@estudiante.edu.co,2003-03-14,Ibague
1035539726,Isabella,Torres,isabella.torres1035539726@estudiante.edu.co,2006-09-07,Barranquilla
53824682,Camila,Muñoz,camila.muñoz53824682@estudiante.edu.co,1999-01-04,Medellin
1052535326,Mateo,Garcia,mateo.garcia1052535326@estudiante.edu.co,2003-06-04,Ibague
1015409932,Carlos,Lopez,carlos.lopez1015409932@estudiante.edu.co,2005-03-05,Bucaramanga
1008012232,Laura,Lopez,laura.lopez1008012232@estudiante.edu.co,2005-12-19,Cucuta
58981481,Sofia,Ramirez,sofia.ramirez58981481@estudiante.edu.co,1998-05-22,Ibague
1089708873,Sofia,Garcia,sofia.garcia1089708873@estudiante.edu.co,2000-12-18,Barranquilla
53082141,Sofia,Gomez,sofia.gomez53082141@estudiante.edu.co,2006-11-13,Bucaramanga
64870524,Juan,Gomez,juan.gomez64870524@estudiante.edu.co,1997-01-17,Cucuta
1019001628,Daniel,Silva,daniel.silva1019001628@estudiante.edu.co,2003-09-04,Manizales
74406391,Juan,Gomez,juan.gomez74406391@estudiante.edu.co,2002-05-06,Manizales
42036612,Mateo,Torres,mateo.torres42036612@estudiante.edu.co,1996-12-27,Manizales
1008675434,Carlos,Silva,carlos.silva1008675434@estudiante.edu.co,2004-10-25,Bogota
1003751614,Juan,Garcia,juan.garcia1003751614@estudiante.edu.co,1996-03-16,Cucuta
52979880,Isabella,Muñoz,isabella.muñoz52979880@estudiante.edu.co,2000-09-05,Bogota
1097599054,Paula,Sanchez,paula.sanchez1097599054@estudiante.edu.co,2001-12-16,Medellin
1018393308,Carlos,Muñoz,carlos.muñoz1018393308@estudiante.edu.co,2002-10-01,Cartagena
62485361,Mariana,Sanchez,mariana.sanchez62485361@estudiante.edu.co,1999-11-23,Cali
1035885903,Santiago,Rodriguez,santiago.rodriguez1035885903@estudiante.edu.co,2001-10-16,Bogota
1003613877,Gabriela,Muñoz,gabriela.muñoz1003613877@estudiante.edu.co,2004-10-29,Pereira
1042882563,Mariana,Rodriguez,mariana.rodriguez1042882563@estudiante.edu.co,2005-08-09,Bogota
74600493,Alejandro,Sanchez,alejandro.sanchez74600493@estudiante.edu.co,2000-10-16,Bogota
1068296294,Laura,Ramirez,laura.ramirez1068296294@estudiante.edu.co,2001-12-31,Bucaramanga
1070515317,Paula,Martinez,paula.martinez1070515317@estudiante.edu.co,2006-02-20,Cartagena
1065321424,Mariana,Gonzalez,mariana.gonzalez1065321424@estudiante.edu.co,2000-12-12,Medellin
1048595120,Sofia,Gonzalez,sofia.gonzalez1048595120@estudiante.edu.co,2000-02-05,Cartagena
1029981031,Daniel,Muñoz,daniel.muñoz1029981031@estudiante.edu.co,1995-02-05,Bogota
41478942,Daniel,Velasquez,daniel.velasquez41478942@estudiante.edu.co,1995-12-21,Cali
84478795,Mateo,Perez,mateo.perez84478795@estudiante.edu.co,1996-01-04,Cartagena
48019522,Santiago,Velasquez,santiago.velasquez48019522@estudiante.edu.co,1995-01-04,Bogota
70946599,Santiago,Muñoz,santiago.muñoz70946599@estudiante.edu.co,2000-08-17,Pereira
1064838046,Daniel,Lopez,daniel.lopez1064838046@estudiante.edu.co,2004-08-05,Cartagena
1060124746,Sofia,Lopez,sofia.lopez1060124746@estudiante.edu.co,2006-02-10,Cali
1067139876,Camila,Garcia,camila.garcia1067139876@estudiante.edu.co,1998-11-29,Cartagena
1040637362,Alejandro,Martinez,alejandro.martinez1040637362@estudiante.edu.co,2003-07-09,Bogota
1070667169,Valentina,Torres,valentina.torres1070667169@estudiante.edu.co,1999-05-21,Ibague
1090400128,Valentina,Velasquez,valentina.velasquez1090400128@estudiante.edu.co,1999-06-05,Cartagena
1001281674,Daniel,Silva,daniel.silva1001281674@estudiante.edu.co,2002-10-05,Ibague
1017698663,Valentina,Gonzalez,valentina.gonzalez1017698663@estudiante.edu.co,2006-03-22,Cucuta
79799171,Daniel,Sanchez,daniel.sanchez79799171@estudiante.edu.co,1998-06-14,Barranquilla
76301903,Laura,Muñoz,laura.muñoz76301903@estudiante.edu.co,2000-02-21,Cartagena
1022469014,Mariana,Martinez,mariana.martinez1022469014@estudiante.edu.co,1997-09-02,Pereira
33567434,Carlos,Rojas,carlos.rojas33567434@estudiante.edu.co,2005-08-24,Barranquilla
1028063293,Alejandro,Garcia,alejandro.garcia1028063293@estudiante.edu.co,2006-05-27,Pereira
45222838,Mariana,Silva,mariana.silva45222838@estudiante.edu.co,1995-09-02,Cartagena
50891270,Daniel,Rojas,daniel.rojas50891270@estudiante.edu.co,2005-01-24,Cucuta
1013130402,Sofia,Muñoz,sofia.muñoz1013130402@estudiante.edu.co,2001-06-12,Bogota
59350382,Paula,Torres,paula.torres59350382@estudiante.edu.co,1995-07-27,Cartagena
1033499696,Camila,Gonzalez,camila.gonzalez1033499696@estudiante.edu.co,2003-10-29,Cartagena
1076468188,Daniel,Gomez,daniel.gomez1076468188@estudiante.edu.co,1997-04-01,Ibague
1058423682,Daniel,Rodriguez,daniel.rodriguez1058423682@estudiante.edu.co,2003-02-10,Cucuta
1009041127,Mateo,Velasquez,mateo.velasquez1009041127@estudiante.edu.co,1995-02-05,Cali
1015813288,Valentina,Sanchez,valentina.sanchez1015813288@estudiante.edu.co,1997-05-26,Manizales
93809540,Gabriela,Perez,gabriela.perez93809540@estudiante.edu.co,2006-11-18,Manizales
76735119,Camila,Silva,camila.silva76735119@estudiante.edu.co,2001-06-19,Medellin
1039698377,Santiago,Torres,santiago.torres1039698377@estudiante.edu.co,2000-06-27,Bucaramanga
1015997290,Valentina,Gonzalez,valentina.gonzalez1015997290@estudiante.edu.co,1997-11-22,Cali
56780399,Carlos,Lopez,carlos.lopez56780399@estudiante.edu.co,2002-10-30,Medellin
98389086,Isabella,Velasquez,isabella.velasquez98389086@estudiante.edu.co,1998-05-05,Bucaramanga
1043814033,Gabriela,Rodriguez,gabriela.rodriguez1043814033@estudiante.edu.co,2006-10-01,Cali
1021196279,Sofia,Ramirez,sofia.ramirez1021196279@estudiante.edu.co,1998-04-27,Bucaramanga
38394009,Camila,Lopez,camila.lopez38394009@estudiante.edu.co,1995-12-22,Ibague
1015924894,Andres,Gomez,andres.gomez1015924894@estudiante.edu.co,1998-09-30,Bogota
1026193694,Santiago,Rojas,santiago.rojas1026193694@estudiante.edu.co,2007-02-25,Ibague
1027252276,Andres,Sanchez,andres.sanchez1027252276@estudiante.edu.co,2003-07-05,Medellin
50338562,Alejandro,Gomez,alejandro.gomez50338562@estudiante.edu.co,2001-05-16,Cali
1003824685,Isabella,Ramirez,isabella.ramirez1003824685@estudiante.edu.co,2004-03-08,Pereira
1048002473,Santiago,Martinez,santiago.martinez1048002473@estudiante.edu.co,2002-09-12,Cali
40063371,Sofia,Garcia,sofia.garcia40063371@estudiante.edu.co,2003-03-25,Barranquilla
90715641,Isabella,Lopez,isabella.lopez90715641@estudiante.edu.co,2001-11-24,Manizales
1085291083,Isabella,Rodriguez,isabella.rodriguez1085291083@estudiante.edu.co,2006-08-07,Medellin
1065112872,Valentina,Torres,valentina.torres1065112872@estudiante.edu.co,2000-01-14,Cucuta
1021625132,Isabella,Gonzalez,isabella.gonzalez1021625132@estudiante.edu.co,2001-10-28,Barranquilla
1014462687,Isabella,Perez,isabella.perez1014462687@estudiante.edu.co,1995-07-12,Medellin
1091211272,Laura,Perez,laura.perez1091211272@estudiante.edu.co,1999-11-26,Cali
73735771,Laura,Garcia,laura.garcia73735771@estudiante.edu.co,2002-12-30,Pereira
1004019056,Mariana,Garcia,mariana.garcia1004019056@estudiante.edu.co,2004-11-16,Cartagena
1067420179,Juan,Muñoz,juan.muñoz1067420179@estudiante.edu.co,2000-12-07,Cali
34195201,Santiago,Muñoz,santiago.muñoz34195201@estudiante.edu.co,1995-01-07,Cali
72827172,Alejandro,Silva,alejandro.silva72827172@estudiante.edu.co,2005-12-26,Bucaramanga
48239913,Mateo,Sanchez,mateo.sanchez48239913@estudiante.edu.co,2001-04-30,Pereira
1001190021,Alejandro,Rodriguez,alejandro.rodriguez1001190021@estudiante.edu.co,1995-12-21,Cali
1002896966,Daniel,Perez,daniel.perez1002896966@estudiante.edu.co,1995-05-03,Cucuta
93775117,Santiago,Silva,santiago.silva93775117@estudiante.edu.co,1995-11-29,Manizales
59475362,Juan,Ramirez,juan.ramirez59475362@estudiante.edu.co,1998-01-23,Pereira
60219015,Gabriela,Torres,gabriela.torres60219015@estudiante.edu.co,2005-09-17,Barranquilla
1030413036,Isabella,Rojas,isabella.rojas1030413036@estudiante.edu.co,1998-01-20,Pereira
54036900,Mateo,Torres,mateo.torres54036900@estudiante.edu.co,1999-02-24,Medellin
1009026749,Carlos,Sanchez,carlos.sanchez1009026749@estudiante.edu.co,1996-10-07,Cartagena
1000679234,Daniel,Lopez,daniel.lopez1000679234@estudiante.edu.co,1996-05-21,Pereira
86043649,Alejandro,Torres,alejandro.torres86043649@estudiante.edu.co,2007-02-20,Manizales
1096279126,Camila,Silva,camila.silva1096279126@estudiante.edu.co,1995-07-10,Cali
85103180,Sofia,Gomez,sofia.gomez85103180@estudiante.edu.co,1999-11-23,Pereira
1045752649,Alejandro,Velasquez,alejandro.velasquez1045752649@estudiante.edu.co,2003-05-23,Cali
48052984,Santiago,Rodriguez,santiago.rodriguez48052984@estudiante.edu.co,1998-01-05,Barranquilla
36965332,Laura,Torres,laura.torres36965332@estudiante.edu.co,2004-04-06,Bucaramanga
66998942,Mariana,Rojas,mariana.rojas66998942@estudiante.edu.co,1999-04-06,Cartagena
78977320,Mateo,Rojas,mateo.rojas78977320@estudiante.edu.co,1997-10-27,Cali
61773243,Laura,Perez,laura.perez61773243@estudiante.edu.co,2006-06-28,Cucuta
1050706500,Andres,Muñoz,andres.muñoz1050706500@estudiante.edu.co,2001-12-08,Bucaramanga
68539416,Daniel,Torres,daniel.torres68539416@estudiante.edu.co,1996-05-02,Ibague
55405120,Gabriela,Martinez,gabriela.martinez55405120@estudiante.edu.co,1998-02-09,Bogota
1087524603,Santiago,Gomez,santiago.gomez1087524603@estudiante.edu.co,1997-10-01,Medellin
53215788,Paula,Torres,paula.torres53215788@estudiante.edu.co,2005-02-04,Cucuta
1094109821,Santiago,Lopez,santiago.lopez1094109821@estudiante.edu.co,1995-02-03,Pereira
1039126650,Valentina,Gonzalez,valentina.gonzalez1039126650@estudiante.edu.co,2007-01-08,Pereira
57269385,Andres,Gonzalez,andres.gonzalez57269385@estudiante.edu.co,1998-08-13,Cartagena
1087045322,Valentina,Torres,valentina.torres1087045322@estudiante.edu.co,2005-01-25,Cartagena
1098738776,Paula,Rodriguez,paula.rodriguez1098738776@estudiante.edu.co,1995-10-20,Bucaramanga
1081443469,Juan,Muñoz,juan.muñoz1081443469@estudiante.edu.co,2002-11-27,Cali
94489708,Andres,Perez,andres.perez94489708@estudiante.edu.co,1995-09-04,Ibague
49438162,Gabriela,Torres,gabriela.torres49438162@estudiante.edu.co,1995-06-10,Cartagena
1038097111,Carlos,Martinez,carlos.martinez1038097111@estudiante.edu.co,2001-04-17,Cartagena
61932511,Paula,Martinez,paula.martinez61932511@estudiante.edu.co,2001-10-15,Bogota
73833801,Gabriela,Garcia,gabriela.garcia73833801@estudiante.edu.co,1996-01-02,Manizales
1044011579,Mateo,Lopez,mateo.lopez1044011579@estudiante.edu.co,1997-12-31,Cucuta
92691732,Mariana,Lopez,mariana.lopez92691732@estudiante.edu.co,2002-01-30,Cartagena
1072008856,Mateo,Velasquez,mateo.velasquez1072008856@estudiante.edu.co,2006-09-22,Medellin
30782048,Mariana,Martinez,mariana.martinez30782048@estudiante.edu.co,2002-04-27,Bucaramanga
44633608,Mateo,Torres,mateo.torres44633608@estudiante.edu.co,2006-07-22,Pereira
1041947697,Carlos,Silva,carlos.silva1041947697@estudiante.edu.co,2002-03-17,Bucaramanga
86530411,Carlos,Gomez,carlos.gomez86530411@estudiante.edu.co,2002-04-15,Cali
45576366,Laura,Martinez,laura.martinez45576366@estudiante.edu.co,1999-06-05,Bucaramanga
1045908390,Santiago,Gomez,santiago.gomez1045908390@estudiante.edu.co,2001-04-03,Pereira
1096300234,Alejandro,Gomez,alejandro.gomez1096300234@estudiante.edu.co,2003-10-29,Cucuta
45466865,Valentina,Velasquez,valentina.velasquez45466865@estudiante.edu.co,1999-12-28,Bucaramanga
36739740,Santiago,Lopez,santiago.lopez36739740@estudiante.edu.co,2006-01-04,Bucaramanga
1041591002,Santiago,Sanchez,santiago.sanchez1041591002@estudiante.edu.co,2001-12-22,Cartagena
1063413993,Andres,Rojas,andres.rojas1063413993@estudiante.edu.co,2004-10-17,Pereira
1028443485,Gabriela,Gomez,gabriela.gomez1028443485@estudiante.edu.co,1999-05-17,Cali
1092406382,Valentina,Muñoz,valentina.muñoz1092406382@estudiante.edu.co,2004-08-20,Ibague
59933567,Carlos,Lopez,carlos.lopez59933567@estudiante.edu.co,2003-07-08,Cartagena
1067216425,Alejandro,Torres,alejandro.torres1067216425@estudiante.edu.co,2004-10-07,Bucaramanga
1081616954,Gabriela,Martinez,gabriela.martinez1081616954@estudiante.edu.co,1995-11-30,Cartagena
95206438,Laura,Sanchez,laura.sanchez95206438@estudiante.edu.co,2002-11-04,Cucuta
1037021200,Gabriela,Martinez,gabriela.martinez1037021200@estudiante.edu.co,2007-07-18,Ibague
1046890645,Carlos,Gonzalez,carlos.gonzalez1046890645@estudiante.edu.co,1996-01-18,Barranquilla
1058357856,Gabriela,Ramirez,gabriela.ramirez1058357856@estudiante.edu.co,2007-04-22,Medellin
1049282211,Sofia,Garcia,sofia.garcia1049282211@estudiante.edu.co,2001-11-13,Cartagena
1049565194,Santiago,Rodriguez,santiago.rodriguez1049565194@estudiante.edu.co,1996-02-26,Manizales
44847086,Mateo,Garcia,mateo.garcia44847086@estudiante.edu.co,2003-10-19,Manizales
1068712432,Valentina,Torres,valentina.torres1068712432@estudiante.edu.co,2005-06-24,Barranquilla
1088445561,Santiago,Gomez,santiago.gomez1088445561@estudiante.edu.co,2001-07-28,Cali
83345661,Mateo,Gonzalez,mateo.gonzalez83345661@estudiante.edu.co,2001-06-23,Bucaramanga
1073739789,Camila,Silva,camila.silva1073739789@estudiante.edu.co,2004-12-13,Ibague
75237482,Daniel,Gonzalez,daniel.gonzalez75237482@estudiante.edu.co,2006-02-28,Ibague
1056857568,Isabella,Rodriguez,isabella.rodriguez1056857568@estudiante.edu.co,2003-10-24,Cucuta
1032099762,Santiago,Silva,santiago.silva1032099762@estudiante.edu.co,1998-07-09,Pereira
1037522854,Isabella,Sanchez,isabella.sanchez1037522854@estudiante.edu.co,1998-12-03,Barranquilla
99922283,Daniel,Rodriguez,daniel.rodriguez99922283@estudiante.edu.co,2005-03-18,Bogota
1092227653,Juan,Garcia,juan.garcia1092227653@estudiante.edu.co,2001-05-14,Ibague
1026841014,Mateo,Garcia,mateo.garcia1026841014@estudiante.edu.co,2006-03-28,Manizales
81332007,Juan,Velasquez,juan.velasquez81332007@estudiante.edu.co,2003-08-10,Cali
1055094339,Mariana,Ramirez,mariana.ramirez1055094339@estudiante.edu.co,2000-01-16,Medellin
35347200,Laura,Gomez,laura.gomez35347200@estudiante.edu.co,2005-03-05,Cartagena
1042783686,Gabriela,Gonzalez,gabriela.gonzalez1042783686@estudiante.edu.co,2003-08-21,Barranquilla
89440828,Andres,Gomez,andres.gomez89440828@estudiante.edu.co,1996-08-25,Barranquilla
1088518387,Carlos,Rojas,carlos.rojas1088518387@estudiante.edu.co,2004-07-12,Bucaramanga
1024385954,Mateo,Lopez,mateo.lopez1024385954@estudiante.edu.co,1996-05-04,Pereira
33238292,Isabella,Perez,isabella.perez33238292@estudiante.edu.co,1998-02-13,Cucuta
1004810160,Paula,Gomez,paula.gomez1004810160@estudiante.edu.co,1995-09-27,Ibague
1048470404,Santiago,Torres,santiago.torres1048470404@estudiante.edu.co,1999-09-26,Manizales
1052230315,Mariana,Perez,mariana.perez1052230315@estudiante.edu.co,1997-09-23,Cucuta
1024984950,Andres,Lopez,andres.lopez1024984950@estudiante.edu.co,2000-06-23,Bucaramanga
1046013618,Isabella,Rodriguez,isabella.rodriguez1046013618@estudiante.edu.co,2001-09-27,Bogota
1058022084,Alejandro,Rojas,alejandro.rojas1058022084@estudiante.edu.co,2004-04-01,Barranquilla
1082079125,Andres,Gonzalez,andres.gonzalez1082079125@estudiante.edu.co,2004-07-10,Pereira
1020657383,Daniel,Sanchez,daniel.sanchez1020657383@estudiante.edu.co,1996-05-05,Bucaramanga
86390631,Alejandro,Rojas,alejandro.rojas86390631@estudiante.edu.co,2005-09-19,Ibague
1000231173,Sofia,Silva,sofia.silva1000231173@estudiante.edu.co,1997-08-18,Barranquilla
1063759943,Mariana,Silva,mariana.silva1063759943@estudiante.edu.co,2003-11-22,Ibague
96077031,Alejandro,Silva,alejandro.silva96077031@estudiante.edu.co,1997-03-04,Manizales
52965370,Carlos,Rojas,carlos.rojas52965370@estudiante.edu.co,1998-08-19,Pereira
79770013,Sofia,Muñoz,sofia.muñoz79770013@estudiante.edu.co,2001-08-27,Bucaramanga
62408844,Alejandro,Gonzalez,alejandro.gonzalez62408844@estudiante.edu.co,2001-02-06,Pereira
1012743654,Paula,Sanchez,paula.sanchez1012743654@estudiante.edu.co,2001-09-11,Manizales
1060204862,Gabriela,Perez,gabriela.perez1060204862@estudiante.edu.co,1997-10-25,Bucaramanga
1064166460,Isabella,Gomez,isabella.gomez1064166460@estudiante.edu.co,2002-01-16,Cartagena
54122670,Carlos,Martinez,carlos.martinez54122670@estudiante.edu.co,2001-09-30,Pereira
1028756467,Isabella,Gomez,isabella.gomez1028756467@estudiante.edu.co,2002-01-25,Cartagena
94084212,Mariana,Sanchez,mariana.sanchez94084212@estudiante.edu.co,1996-04-30,Medellin
40346170,Isabella,Gomez,isabella.gomez40346170@estudiante.edu.co,1996-08-21,Manizales
1032231859,Daniel,Velasquez,daniel.velasquez1032231859@estudiante.edu.co,2006-09-10,Ibague
42899822,Valentina,Perez,valentina.perez42899822@estudiante.edu.co,2006-12-02,Barranquilla
1090805711,Laura,Sanchez,laura.sanchez1090805711@estudiante.edu.co,2005-03-15,Pereira
51390752,Mariana,Rodriguez,mariana.rodriguez51390752@estudiante.edu.co,2003-06-26,Cali
1019464700,Laura,Gonzalez,laura.gonzalez1019464700@estudiante.edu.co,1996-07-11,Medellin
1073431788,Daniel,Lopez,daniel.lopez1073431788@estudiante.edu.co,2007-10-24,Cali
1032080849,Daniel,Gomez,daniel.gomez1032080849@estudiante.edu.co,1998-05-26,Ibague
63758678,Carlos,Velasquez,carlos.velasquez63758678@estudiante.edu.co,2005-07-06,Cucuta
67914350,Mateo,Martinez,mateo.martinez67914350@estudiante.edu.co,1996-05-26,Medellin
73098678,Camila,Lopez,camila.lopez73098678@estudiante.edu.co,2003-01-27,Ibague
48100288,Isabella,Garcia,isabella.garcia48100288@estudiante.edu.co,2007-02-24,Bucaramanga
1053819959,Daniel,Silva,daniel.silva1053819959@estudiante.edu.co,2005-01-29,Barranquilla
83316610,Juan,Lopez,juan.lopez83316610@estudiante.edu.co,2005-05-30,Manizales
1075316909,Camila,Torres,camila.torres1075316909@estudiante.edu.co,2005-06-06,Pereira
96170950,Mateo,Martinez,mateo.martinez96170950@estudiante.edu.co,2001-11-11,Manizales
66605251,Mateo,Rodriguez,mateo.rodriguez66605251@estudiante.edu.co,2001-11-06,Cali
69705384,Valentina,Gomez,valentina.gomez69705384@estudiante.edu.co,1995-01-09,Barranquilla
1084759756,Gabriela,Muñoz,gabriela.muñoz1084759756@estudiante.edu.co,1999-08-12,Cucuta
1085393768,Isabella,Gomez,isabella.gomez1085393768@estudiante.edu.co,2006-09-27,Barranquilla
1050058736,Daniel,Ramirez,daniel.ramirez1050058736@estudiante.edu.co,2003-06-02,Barranquilla
48864855,Mateo,Lopez,mateo.lopez48864855@estudiante.edu.co,1999-11-04,Pereira
81812105,Carlos,Rojas,carlos.rojas81812105@estudiante.edu.co,1996-09-18,Pereira
38328989,Alejandro,Torres,alejandro.torres38328989@estudiante.edu.co,2001-10-26,Barranquilla
76223261,Isabella,Perez,isabella.perez76223261@estudiante.edu.co,1996-10-21,Cali
67347697,Isabella,Perez,isabella.perez67347697@estudiante.edu.co,1998-10-16,Cali
52276888,Juan,Gonzalez,juan.gonzalez52276888@estudiante.edu.co,2006-12-01,Cucuta
71929615,Valentina,Martinez,valentina.martinez71929615@estudiante.edu.co,2006-04-26,Manizales
89389413,Mariana,Perez,mariana.perez89389413@estudiante.edu.co,1995-10-20,Cali
91106002,Mateo,Gomez,mateo.gomez91106002@estudiante.edu.co,1999-11-14,Barranquilla
1055635406,Santiago,Sanchez,santiago.sanchez1055635406@estudiante.edu.co,2001-07-23,Cucuta
63098094,Paula,Garcia,paula.garcia63098094@estudiante.edu.co,2007-08-02,Pereira
64128269,Mariana,Rodriguez,mariana.rodriguez64128269@estudiante.edu.co,2000-10-31,Cali
1076931645,Paula,Torres,paula.torres1076931645@estudiante.edu.co,2001-07-04,Manizales
44955754,Gabriela,Torres,gabriela.torres44955754@estudiante.edu.co,1998-12-25,Cartagena
67629981,Mariana,Lopez,mariana.lopez67629981@estudiante.edu.co,1998-05-10,Ibague
70326217,Sofia,Rojas,sofia.rojas70326217@estudiante.edu.co,2000-06-20,Cucuta
1030670862,Santiago,Sanchez,santiago.sanchez1030670862@estudiante.edu.co,2002-07-14,Medellin
36522127,Santiago,Rojas,santiago.rojas36522127@estudiante.edu.co,1998-03-06,Bucaramanga
1066216224,Valentina,Rodriguez,valentina.rodriguez1066216224@estudiante.edu.co,2001-07-04,Cucuta
1022146249,Carlos,Velasquez,carlos.velasquez1022146249@estudiante.edu.co,2000-09-22,Pereira
1013361942,Santiago,Perez,santiago.perez1013361942@estudiante.edu.co,1995-08-27,Cartagena
1076702939,Carlos,Gonzalez,carlos.gonzalez1076702939@estudiante.edu.co,1996-08-26,Bogota
36707543,Andres,Martinez,andres.martinez36707543@estudiante.edu.co,1996-02-20,Pereira
95415444,Gabriela,Sanchez,gabriela.sanchez95415444@estudiante.edu.co,2001-12-20,Barranquilla
1042847004,Mateo,Garcia,mateo.garcia1042847004@estudiante.edu.co,1999-08-06,Barranquilla
1035994556,Laura,Ramirez,laura.ramirez1035994556@estudiante.edu.co,2002-09-16,Medellin
1074070086,Isabella,Rojas,isabella.rojas1074070086@estudiante.edu.co,2005-01-05,Manizales
1082752709,Valentina,Sanchez,valentina.sanchez1082752709@estudiante.edu.co,2003-10-20,Bucaramanga
58760630,Juan,Martinez,juan.martinez58760630@estudiante.edu.co,2003-03-08,Pereira
1001862108,Laura,Garcia,laura.garcia1001862108@estudiante.edu.co,1996-10-12,Bucaramanga
53857808,Sofia,Lopez,sofia.lopez53857808@estudiante.edu.co,2003-07-01,Cali
42875126,Andres,Sanchez,andres.sanchez42875126@estudiante.edu.co,1998-08-05,Barranquilla
56029402,Alejandro,Velasquez,alejandro.velasquez56029402@estudiante.edu.co,1997-03-04,Medellin
1076201466,Daniel,Muñoz,daniel.muñoz1076201466@estudiante.edu.co,1997-06-17,Pereira
1056372211,Isabella,Sanchez,isabella.sanchez1056372211@estudiante.edu.co,2004-08-27,Manizales
1000339858,Gabriela,Sanchez,gabriela.sanchez1000339858@estudiante.edu.co,2006-09-15,Pereira
96351297,Gabriela,Sanchez,gabriela.sanchez96351297@estudiante.edu.co,2000-12-31,Barranquilla
1088095165,Juan,Silva,juan.silva1088095165@estudiante.edu.co,2006-03-09,Cartagena
1072152344,Santiago,Gomez,santiago.gomez1072152344@estudiante.edu.co,1996-12-08,Cartagena
1092034961,Alejandro,Garcia,alejandro.garcia1092034961@estudiante.edu.co,1996-07-04,Cartagena
1014153323,Valentina,Rodriguez,valentina.rodriguez1014153323@estudiante.edu.co,2004-03-02,Cucuta
1041131579,Daniel,Velasquez,daniel.velasquez1041131579@estudiante.edu.co,1999-03-12,Pereira
1049453692,Camila,Torres,camila.torres1049453692@estudiante.edu.co,1995-11-23,Manizales
1084987411,Laura,Silva,laura.silva1084987411@estudiante.edu.co,1995-10-13,Cucuta
1081163413,Laura,Torres,laura.torres1081163413@estudiante.edu.co,2004-05-07,Bucaramanga
1086704393,Carlos,Martinez,carlos.martinez1086704393@estudiante.edu.co,2002-01-18,Cucuta
1019508259,Carlos,Torres,carlos.torres1019508259@estudiante.edu.co,1997-06-26,Ibague
1040420531,Laura,Gomez,laura.gomez1040420531@estudiante.edu.co,1998-02-28,Ibague
1024628763,Laura,Rojas,laura.rojas1024628763@estudiante.edu.co,1995-06-21,Medellin
80791961,Laura,Rojas,laura.rojas80791961@estudiante.edu.co,2004-03-23,Bucaramanga
1053079926,Mateo,Sanchez,mateo.sanchez1053079926@estudiante.edu.co,1997-05-14,Bucaramanga
75957568,Mateo,Garcia,mateo.garcia75957568@estudiante.edu.co,1998-10-28,Cucuta
77975245,Mariana,Garcia,mariana.garcia77975245@estudiante.edu.co,2001-02-26,Manizales
1021763469,Daniel,Garcia,daniel.garcia1021763469@estudiante.edu.co,1999-08-20,Barranquilla
45636319,Sofia,Ramirez,sofia.ramirez45636319@estudiante.edu.co,1999-05-13,Barranquilla
1077915263,Mariana,Torres,mariana.torres1077915263@estudiante.edu.co,1996-08-12,Barranquilla
1082472153,Mateo,Rojas,mateo.rojas1082472153@estudiante.edu.co,2000-07-10,Pereira
1026086335,Daniel,Perez,daniel.perez1026086335@estudiante.edu.co,2006-12-01,Ibague
1017623557,Valentina,Ramirez,valentina.ramirez1017623557@estudiante.edu.co,2007-08-30,Bucaramanga
1097124806,Alejandro,Ramirez,alejandro.ramirez1097124806@estudiante.edu.co,2007-10-24,Ibague
1076843585,Mariana,Lopez,mariana.lopez1076843585@estudiante.edu.co,2001-12-23,Cucuta
57690132,Paula,Sanchez,paula.sanchez57690132@estudiante.edu.co,1999-03-26,Barranquilla
86402011,Mateo,Velasquez,mateo.velasquez86402011@estudiante.edu.co,1996-01-27,Cartagena
1031554860,Sofia,Lopez,sofia.lopez1031554860@estudiante.edu.co,2004-08-26,Medellin
45571220,Juan,Sanchez,juan.sanchez45571220@estudiante.edu.co,1998-09-18,Pereira
66121763,Paula,Perez,paula.perez66121763@estudiante.edu.co,2001-01-10,Manizales
1028640582,Andres,Garcia,andres.garcia1028640582@estudiante.edu.co,1997-03-02,Manizales
1093201338,Juan,Rodriguez,juan.rodriguez1093201338@estudiante.edu.co,1998-02-10,Barranquilla
31160582,Juan,Silva,juan.silva31160582@estudiante.edu.co,2002-04-08,Ibague
1042553817,Laura,Silva,laura.silva1042553817@estudiante.edu.co,2000-03-30,Cartagena
45780683,Carlos,Rojas,carlos.rojas45780683@estudiante.edu.co,2007-01-18,Bucaramanga
1074166810,Isabella,Muñoz,isabella.muñoz1074166810@estudiante.edu.co,2007-10-18,Cali
43095682,Alejandro,Silva,alejandro.silva43095682@estudiante.edu.co,2007-02-18,Bogota
67840188,Paula,Gomez,paula.gomez67840188@estudiante.edu.co,2001-02-05,Medellin
1057559753,Alejandro,Velasquez,alejandro.velasquez1057559753@estudiante.edu.co,1996-04-15,Cucuta
1083454767,Gabriela,Velasquez,gabriela.velasquez1083454767@estudiante.edu.co,2006-12-11,Barranquilla
78015228,Sofia,Rojas,sofia.rojas78015228@estudiante.edu.co,1996-09-08,Manizales
68267024,Mariana,Rodriguez,mariana.rodriguez68267024@estudiante.edu.co,2002-11-21,Cartagena
55006550,Paula,Sanchez,paula.sanchez55006550@estudiante.edu.co,1995-09-19,Barranquilla
56998405,Gabriela,Rojas,gabriela.rojas56998405@estudiante.edu.co,2005-05-20,Manizales
1008816273,Isabella,Velasquez,isabella.velasquez1008816273@estudiante.edu.co,1997-02-10,Cucuta
92306323,Daniel,Rodriguez,daniel.rodriguez92306323@estudiante.edu.co,2004-02-01,Ibague
1000950902,Gabriela,Sanchez,gabriela.sanchez1000950902@estudiante.edu.co,2006-01-30,Pereira
1085879200,Mariana,Muñoz,mariana.muñoz1085879200@estudiante.edu.co,2002-03-17,Bogota
73107866,Mateo,Velasquez,mateo.velasquez73107866@estudiante.edu.co,1995-09-10,Bogota
1009148135,Andres,Ramirez,andres.ramirez1009148135@estudiante.edu.co,2001-08-26,Medellin
1095058743,Sofia,Garcia,sofia.garcia1095058743@estudiante.edu.co,1997-10-09,Ibague
57026931,Andres,Rodriguez,andres.rodriguez57026931@estudiante.edu.co,2007-05-08,Bogota
1010260497,Paula,Gonzalez,paula.gonzalez1010260497@estudiante.edu.co,2004-01-15,Ibague
81475596,Gabriela,Rodriguez,gabriela.rodriguez81475596@estudiante.edu.co,1996-08-07,Manizales
1005272105,Santiago,Lopez,santiago.lopez1005272105@estudiante.edu.co,2005-06-02,Cartagena
1074679918,Juan,Ramirez,juan.ramirez1074679918@estudiante.edu.co,1999-07-20,Ibague
1008674657,Daniel,Perez,daniel.perez1008674657@estudiante.edu.co,2006-10-05,Pereira
38093424,Juan,Ramirez,juan.ramirez38093424@estudiante.edu.co,1999-10-10,Pereira
37972327,Mariana,Silva,mariana.silva37972327@estudiante.edu.co,1996-06-14,Pereira
1083504446,Santiago,Garcia,santiago.garcia1083504446@estudiante.edu.co,2003-11-23,Ibague
1092177585,Juan,Sanchez,juan.sanchez1092177585@estudiante.edu.co,1995-09-13,Manizales
1031223806,Mateo,Perez,mateo.perez1031223806@estudiante.edu.co,2006-04-17,Medellin
93116551,Laura,Martinez,laura.martinez93116551@estudiante.edu.co,1996-11-21,Medellin
42446143,Mateo,Martinez,mateo.martinez42446143@estudiante.edu.co,2001-05-15,Bogota
37276797,Valentina,Martinez,valentina.martinez37276797@estudiante.edu.co,2000-06-23,Cucuta
90050392,Juan,Ramirez,juan.ramirez90050392@estudiante.edu.co,1998-11-07,Bucaramanga
64962733,Santiago,Silva,santiago.silva64962733@estudiante.edu.co,2002-03-04,Ibague
78778931,Alejandro,Rodriguez,alejandro.rodriguez78778931@estudiante.edu.co,1996-06-27,Pereira
1098413416,Paula,Rojas,paula.rojas1098413416@estudiante.edu.co,1995-04-10,Cartagena
43961475,Daniel,Gomez,daniel.gomez43961475@estudiante.edu.co,2001-03-09,Manizales
1002210660,Gabriela,Garcia,gabriela.garcia1002210660@estudiante.edu.co,1998-01-07,Bogota
48270466,Camila,Gonzalez,camila.gonzalez48270466@estudiante.edu.co,2005-08-14,Bogota
1011289573,Alejandro,Lopez,alejandro.lopez1011289573@estudiante.edu.co,1999-06-01,Pereira
63909751,Valentina,Muñoz,valentina.muñoz63909751@estudiante.edu.co,2000-07-09,Cali
1019573416,Daniel,Garcia,daniel.garcia1019573416@estudiante.edu.co,2000-04-09,Cucuta
1049842418,Mateo,Lopez,mateo.lopez1049842418@estudiante.edu.co,2005-02-08,Cali
1013793244,Gabriela,Rojas,gabriela.rojas1013793244@estudiante.edu.co,2000-03-11,Ibague
1001972921,Mariana,Rodriguez,mariana.rodriguez1001972921@estudiante.edu.co,2002-08-28,Ibague
92301592,Mariana,Ramirez,mariana.ramirez92301592@estudiante.edu.co,2006-06-30,Medellin
1081290446,Gabriela,Silva,gabriela.silva1081290446@estudiante.edu.co,2005-02-20,Bucaramanga
41490796,Daniel,Rodriguez,daniel.rodriguez41490796@estudiante.edu.co,2006-12-20,Cucuta
1056432083,Laura,Rodriguez,laura.rodriguez1056432083@estudiante.edu.co,2000-06-20,Cartagena
90942656,Valentina,Rodriguez,valentina.rodriguez90942656@estudiante.edu.co,2001-03-23,Barranquilla
1053743664,Andres,Muñoz,andres.muñoz1053743664@estudiante.edu.co,2001-11-18,Manizales
34904073,Juan,Martinez,juan.martinez34904073@estudiante.edu.co,2004-05-21,Ibague
31097076,Santiago,Perez,santiago.perez31097076@estudiante.edu.co,1997-11-24,Bogota
1068715094,Juan,Ramirez,juan.ramirez1068715094@estudiante.edu.co,2001-09-09,Pereira
78621742,Paula,Lopez,paula.lopez78621742@estudiante.edu.co,2003-05-10,Ibague
1050371525,Sofia,Garcia,sofia.garcia1050371525@estudiante.edu.co,1996-12-03,Medellin
77692950,Camila,Perez,camila.perez77692950@estudiante.edu.co,2006-03-26,Manizales
1048237577,Mariana,Garcia,mariana.garcia1048237577@estudiante.edu.co,2000-07-27,Cali
67312238,Sofia,Sanchez,sofia.sanchez67312238@estudiante.edu.co,1995-04-29,Manizales
95196062,Juan,Perez,juan.perez95196062@estudiante.edu.co,2000-02-15,Cucuta
68245468,Alejandro,Velasquez,alejandro.velasquez68245468@estudiante.edu.co,2006-09-20,Pereira
1057109781,Gabriela,Silva,gabriela.silva1057109781@estudiante.edu.co,1998-03-09,Pereira
1098307039,Sofia,Silva,sofia.silva1098307039@estudiante.edu.co,1995-06-19,Manizales
40431226,Carlos,Gomez,carlos.gomez40431226@estudiante.edu.co,1996-10-09,Cucuta
1062208277,Mateo,Martinez,mateo.martinez1062208277@estudiante.edu.co,1997-02-04,Barranquilla
1026732593,Alejandro,Velasquez,alejandro.velasquez1026732593@estudiante.edu.co,2006-01-28,Cali
82421063,Valentina,Silva,valentina.silva82421063@estudiante.edu.co,2003-07-20,Cucuta
37504110,Mateo,Velasquez,mateo.velasquez37504110@estudiante.edu.co,2007-05-02,Cali
91080826,Mariana,Ramirez,mariana.ramirez91080826@estudiante.edu.co,2005-09-07,Barranquilla
52950199,Andres,Silva,andres.silva52950199@estudiante.edu.co,2003-06-02,Barranquilla
1046602207,Mariana,Torres,mariana.torres1046602207@estudiante.edu.co,1997-03-10,Medellin
1073786461,Juan,Sanchez,juan.sanchez1073786461@estudiante.edu.co,2003-09-07,Bogota
59666586,Santiago,Lopez,santiago.lopez59666586@estudiante.edu.co,1995-06-05,Pereira
93487466,Gabriela,Torres,gabriela.torres93487466@estudiante.edu.co,1997-06-26,Bogota
96498665,Santiago,Velasquez,santiago.velasquez96498665@estudiante.edu.co,2005-08-26,Bogota
30601717,Laura,Martinez,laura.martinez30601717@estudiante.edu.co,2002-05-06,Pereira
84297195,Carlos,Gomez,carlos.gomez84297195@estudiante.edu.co,2006-03-04,Bucaramanga
98939141,Santiago,Muñoz,santiago.muñoz98939141@estudiante.edu.co,2006-08-24,Manizales
1036788242,Camila,Silva,camila.silva1036788242@estudiante.edu.co,1998-07-07,Cucuta
1023826764,Daniel,Silva,daniel.silva1023826764@estudiante.edu.co,2000-12-03,Bogota
1014820282,Paula,Gonzalez,paula.gonzalez1014820282@estudiante.edu.co,2001-10-08,Medellin
43667868,Sofia,Rojas,sofia.rojas43667868@estudiante.edu.co,1999-10-16,Cartagena
1063988660,Valentina,Sanchez,valentina.sanchez1063988660@estudiante.edu.co,2004-09-06,Bogota
1090751891,Andres,Gonzalez,andres.gonzalez1090751891@estudiante.edu.co,1997-10-02,Bogota
1026230592,Camila,Gomez,camila.gomez1026230592@estudiante.edu.co,2004-09-21,Bucaramanga
59883054,Gabriela,Rodriguez,gabriela.rodriguez59883054@estudiante.edu.co,1995-07-16,Ibague
53435900,Mariana,Muñoz,mariana.muñoz53435900@estudiante.edu.co,1997-12-09,Medellin
65087609,Gabriela,Lopez,gabriela.lopez65087609@estudiante.edu.co,2001-05-10,Bogota
99913874,Juan,Torres,juan.torres99913874@estudiante.edu.co,1995-04-26,Medellin
1074129101,Alejandro,Lopez,alejandro.lopez1074129101@estudiante.edu.co,2000-11-06,Bogota
1014660453,Laura,Velasquez,laura.velasquez1014660453@estudiante.edu.co,1999-01-04,Ibague
1009507932,Isabella,Gomez,isabella.gomez1009507932@estudiante.edu.co,1998-08-14,Cartagena
85026357,Carlos,Torres,carlos.torres85026357@estudiante.edu.co,1998-07-25,Bucaramanga
1089641061,Camila,Silva,camila.silva1089641061@estudiante.edu.co,1998-09-09,Ibague
71053983,Juan,Sanchez,juan.sanchez71053983@estudiante.edu.co,1995-02-25,Medellin
39731112,Sofia,Garcia,sofia.garcia39731112@estudiante.edu.co,1995-10-20,Cartagena
42090061,Gabriela,Gomez,gabriela.gomez42090061@estudiante.edu.co,1999-10-09,Cucuta
75310377,Daniel,Perez,daniel.perez75310377@estudiante.edu.co,1996-09-20,Cartagena
73228111,Paula,Perez,paula.perez73228111@estudiante.edu.co,1999-04-05,Bucaramanga
75172755,Camila,Ramirez,camila.ramirez75172755@estudiante.edu.co,2001-09-05,Ibague
66189425,Gabriela,Muñoz,gabriela.muñoz66189425@estudiante.edu.co,1997-01-22,Bogota
1048850780,Isabella,Velasquez,isabella.velasquez1048850780@estudiante.edu.co,2005-04-15,Pereira
1042675764,Carlos,Garcia,carlos.garcia1042675764@estudiante.edu.co,2000-08-11,Ibague
78113904,Mateo,Rodriguez,mateo.rodriguez78113904@estudiante.edu.co,1997-07-06,Manizales
1002974300,Santiago,Muñoz,santiago.muñoz1002974300@estudiante.edu.co,1996-08-27,Bucaramanga
1026762399,Carlos,Velasquez,carlos.velasquez1026762399@estudiante.edu.co,2004-12-26,Cucuta
1070418521,Juan,Velasquez,juan.velasquez1070418521@estudiante.edu.co,2005-12-15,Cartagena
1007463129,Laura,Rodriguez,laura.rodriguez1007463129@estudiante.edu.co,1997-03-02,Medellin
1041730889,Mariana,Ramirez,mariana.ramirez1041730889@estudiante.edu.co,2006-05-26,Pereira
48795776,Laura,Gonzalez,laura.gonzalez48795776@estudiante.edu.co,1995-02-09,Barranquilla
1024345341,Mariana,Gomez,mariana.gomez1024345341@estudiante.edu.co,2005-05-11,Pereira
1074509929,Juan,Lopez,juan.lopez1074509929@estudiante.edu.co,2007-12-28,Bogota
1076222137,Andres,Velasquez,andres.velasquez1076222137@estudiante.edu.co,2003-10-03,Medellin
1091881535,Laura,Muñoz,laura.muñoz1091881535@estudiante.edu.co,1998-02-13,Ibague
38820929,Gabriela,Gomez,gabriela.gomez38820929@estudiante.edu.co,1995-02-08,Bucaramanga
1052574518,Gabriela,Gomez,gabriela.gomez1052574518@estudiante.edu.co,2000-11-11,Barranquilla
1084116025,Juan,Torres,juan.torres1084116025@estudiante.edu.co,1996-05-04,Barranquilla
1063049748,Andres,Lopez,andres.lopez1063049748@estudiante.edu.co,2003-04-16,Cucuta
98565600,Laura,Gomez,laura.gomez98565600@estudiante.edu.co,1997-09-26,Medellin
1088920800,Paula,Perez,paula.perez1088920800@estudiante.edu.co,1998-11-18,Ibague
1086978375,Mariana,Gomez,mariana.gomez1086978375@estudiante.edu.co,2000-06-14,Bogota
1046212857,Paula,Garcia,paula.garcia1046212857@estudiante.edu.co,2005-10-02,Bucaramanga
41374424,Laura,Velasquez,laura.velasquez41374424@estudiante.edu.co,1995-05-29,Cartagena
1039526962,Mateo,Martinez,mateo.martinez1039526962@estudiante.edu.co,2006-07-29,Manizales
1085160729,Carlos,Velasquez,carlos.velasquez1085160729@estudiante.edu.co,2003-01-05,Cali
52095803,Sofia,Torres,sofia.torres52095803@estudiante.edu.co,2003-03-15,Cali
40097276,Paula,Silva,paula.silva40097276@estudiante.edu.co,1995-08-03,Barranquilla
1098094214,Daniel,Garcia,daniel.garcia1098094214@estudiante.edu.co,2002-02-09,Bogota
1029525128,Carlos,Gomez,carlos.gomez1029525128@estudiante.edu.co,2005-12-22,Pereira
49963266,Carlos,Lopez,carlos.lopez49963266@estudiante.edu.co,2007-03-02,Medellin
1047784051,Santiago,Sanchez,santiago.sanchez1047784051@estudiante.edu.co,2004-08-01,Cali
70019013,Juan,Silva,juan.silva70019013@estudiante.edu.co,1995-04-18,Medellin
1077078920,Daniel,Rodriguez,daniel.rodriguez1077078920@estudiante.edu.co,1995-12-31,Bucaramanga
44674152,Juan,Rojas,juan.rojas44674152@estudiante.edu.co,2004-10-27,Cartagena
86783254,Isabella,Garcia,isabella.garcia86783254@estudiante.edu.co,2007-12-30,Cucuta
1018341888,Mariana,Torres,mariana.torres1018341888@estudiante.edu.co,2001-04-21,Pereira
38286055,Paula,Sanchez,paula.sanchez38286055@estudiante.edu.co,2006-07-22,Bucaramanga
76828783,Camila,Gonzalez,camila.gonzalez76828783@estudiante.edu.co,2004-11-23,Medellin
90431507,Juan,Torres,juan.torres90431507@estudiante.edu.co,2001-04-27,Cartagena
1066266169,Paula,Rojas,paula.rojas1066266169@estudiante.edu.co,2003-12-04,Bogota
1000221029,Valentina,Ramirez,valentina.ramirez1000221029@estudiante.edu.co,2005-02-22,Ibague
1074301274,Andres,Ramirez,andres.ramirez1074301274@estudiante.edu.co,2003-01-13,Ibague
90865755,Valentina,Rodriguez,valentina.rodriguez90865755@estudiante.edu.co,1995-01-28,Bogota
1033732042,Laura,Muñoz,laura.muñoz1033732042@estudiante.edu.co,2000-03-02,Manizales
1087783234,Paula,Lopez,paula.lopez1087783234@estudiante.edu.co,1996-07-15,Medellin
1041595431,Santiago,Gonzalez,santiago.gonzalez1041595431@estudiante.edu.co,2001-12-07,Cartagena
46344567,Mateo,Sanchez,mateo.sanchez46344567@estudiante.edu.co,2000-08-05,Bogota
40097460,Laura,Velasquez,laura.velasquez40097460@estudiante.edu.co,1997-08-03,Barranquilla
1039499988,Camila,Perez,camila.perez1039499988@estudiante.edu.co,1995-12-09,Cali
78146793,Isabella,Rojas,isabella.rojas78146793@estudiante.edu.co,2001-03-09,Bucaramanga
56257913,Andres,Ramirez,andres.ramirez56257913@estudiante.edu.co,2007-05-18,Bucaramanga
35872771,Mariana,Rodriguez,mariana.rodriguez35872771@estudiante.edu.co,1998-08-25,Ibague
71177170,Paula,Garcia,paula.garcia71177170@estudiante.edu.co,2007-04-09,Manizales
1012888963,Santiago,Ramirez,santiago.ramirez1012888963@estudiante.edu.co,1997-09-30,Barranquilla
93543371,Laura,Velasquez,laura.velasquez93543371@estudiante.edu.co,2001-04-11,Ibague
1029759517,Laura,Lopez,laura.lopez1029759517@estudiante.edu.co,2004-01-16,Barranquilla
1014016691,Andres,Ramirez,andres.ramirez1014016691@estudiante.edu.co,1998-06-16,Cucuta
1024382784,Isabella,Rojas,isabella.rojas1024382784@estudiante.edu.co,2000-11-25,Bucaramanga
1010325669,Camila,Lopez,camila.lopez1010325669@estudiante.edu.co,1997-09-02,Ibague
97246634,Valentina,Gomez,valentina.gomez97246634@estudiante.edu.co,2003-02-17,Cucuta
35443820,Paula,Lopez,paula.lopez35443820@estudiante.edu.co,2002-02-08,Ibague
68026958,Mariana,Perez,mariana.perez68026958@estudiante.edu.co,2002-05-03,Bogota
1039964704,Santiago,Rojas,santiago.rojas1039964704@estudiante.edu.co,2004-06-25,Cali
47030622,Isabella,Sanchez,isabella.sanchez47030622@estudiante.edu.co,2006-11-07,Bogota
90929817,Valentina,Muñoz,valentina.muñoz90929817@estudiante.edu.co,1999-05-03,Pereira
91534617,Valentina,Rojas,valentina.rojas91534617@estudiante.edu.co,2005-12-06,Bogota
83145569,Alejandro,Silva,alejandro.silva83145569@estudiante.edu.co,2000-05-18,Manizales
90060003,Santiago,Martinez,santiago.martinez90060003@estudiante.edu.co,1995-03-14,Ibague
78906363,Sofia,Gomez,sofia.gomez78906363@estudiante.edu.co,1996-06-04,Cartagena
1031177668,Isabella,Rojas,isabella.rojas1031177668@estudiante.edu.co,1996-11-06,Manizales
1016697844,Camila,Gonzalez,camila.gonzalez1016697844@estudiante.edu.co,2002-10-02,Cartagena
1078189603,Andres,Gomez,andres.gomez1078189603@estudiante.edu.co,2004-05-07,Cali
70042714,Santiago,Silva,santiago.silva70042714@estudiante.edu.co,2005-01-10,Bucaramanga
55479619,Sofia,Silva,sofia.silva55479619@estudiante.edu.co,2006-11-15,Bogota
1007878135,Andres,Rojas,andres.rojas1007878135@estudiante.edu.co,2005-01-06,Manizales
34488113,Laura,Torres,laura.torres34488113@estudiante.edu.co,1999-04-09,Bogota
1055316551,Camila,Martinez,camila.martinez1055316551@estudiante.edu.co,1997-12-17,Medellin
1036043093,Juan,Silva,juan.silva1036043093@estudiante.edu.co,1996-06-15,Cartagena
1028990320,Camila,Ramirez,camila.ramirez1028990320@estudiante.edu.co,1996-06-16,Cucuta
57369751,Juan,Silva,juan.silva57369751@estudiante.edu.co,1997-02-23,Manizales
51977984,Isabella,Lopez,isabella.lopez51977984@estudiante.edu.co,1996-05-19,Bucaramanga
1064065246,Santiago,Rodriguez,santiago.rodriguez1064065246@estudiante.edu.co,1997-08-30,Bogota
1064299708,Valentina,Martinez,valentina.martinez1064299708@estudiante.edu.co,2003-03-01,Bogota
56015547,Alejandro,Garcia,alejandro.garcia56015547@estudiante.edu.co,1995-06-01,Ibague
53794736,Isabella,Torres,isabella.torres53794736@estudiante.edu.co,2007-07-30,Pereira
1004397729,Andres,Perez,andres.perez1004397729@estudiante.edu.co,2005-08-31,Cali
82039205,Mariana,Perez,mariana.perez82039205@estudiante.edu.co,2000-10-24,Ibague
1031868076,Mariana,Perez,mariana.perez1031868076@estudiante.edu.co,1998-07-22,Manizales
1068234835,Gabriela,Gomez,gabriela.gomez1068234835@estudiante.edu.co,2001-03-07,Cucuta
73583322,Isabella,Martinez,isabella.martinez73583322@estudiante.edu.co,2007-10-15,Pereira
57130894,Gabriela,Rodriguez,gabriela.rodriguez57130894@estudiante.edu.co,1996-06-05,Cartagena
50260233,Isabella,Lopez,isabella.lopez50260233@estudiante.edu.co,1999-03-22,Ibague
1017711667,Isabella,Muñoz,isabella.muñoz1017711667@estudiante.edu.co,2004-10-29,Ibague
35722426,Paula,Garcia,paula.garcia35722426@estudiante.edu.co,1995-01-11,Cartagena
30931149,Paula,Muñoz,paula.muñoz30931149@estudiante.edu.co,2005-11-24,Ibague
36122321,Paula,Muñoz,paula.muñoz36122321@estudiante.edu.co,2001-06-28,Bucaramanga
73026193,Daniel,Sanchez,daniel.sanchez73026193@estudiante.edu.co,2006-06-19,Bucaramanga
34901693,Carlos,Rodriguez,carlos.rodriguez34901693@estudiante.edu.co,2007-03-31,Cucuta
1033085654,Carlos,Rodriguez,carlos.rodriguez1033085654@estudiante.edu.co,1999-06-25,Pereira
89089350,Mateo,Ramirez,mateo.ramirez89089350@estudiante.edu.co,2004-09-04,Manizales
74701667,Camila,Rodriguez,camila.rodriguez74701667@estudiante.edu.co,2004-01-29,Pereira
62291111,Camila,Rodriguez,camila.rodriguez62291111@estudiante.edu.co,1998-10-22,Cucuta
57731600,Alejandro,Torres,alejandro.torres57731600@estudiante.edu.co,2001-04-17,Pereira
1093768378,Laura,Garcia,laura.garcia1093768378@estudiante.edu.co,2004-07-09,Cucuta
99791030,Mateo,Muñoz,mateo.muñoz99791030@estudiante.edu.co,2001-06-20,Manizales
1070630108,Mateo,Velasquez,mateo.velasquez1070630108@estudiante.edu.co,2002-11-09,Cucuta
83025222,Valentina,Sanchez,valentina.sanchez83025222@estudiante.edu.co,2007-08-24,Bucaramanga
69870717,Paula,Rodriguez,paula.rodriguez69870717@estudiante.edu.co,2004-11-25,Ibague
1006246705,Paula,Lopez,paula.lopez1006246705@estudiante.edu.co,1998-08-07,Cucuta
50698077,Valentina,Gonzalez,valentina.gonzalez50698077@estudiante.edu.co,2004-04-05,Cartagena
1055433595,Juan,Sanchez,juan.sanchez1055433595@estudiante.edu.co,1996-11-21,Manizales
1066686558,Valentina,Silva,valentina.silva1066686558@estudiante.edu.co,2006-12-30,Cartagena
1004492918,Andres,Rojas,andres.rojas1004492918@estudiante.edu.co,1996-04-06,Cartagena
53808479,Mariana,Gomez,mariana.gomez53808479@estudiante.edu.co,2003-08-27,Cali
65039259,Juan,Sanchez,juan.sanchez65039259@estudiante.edu.co,1995-11-14,Cartagena
66601181,Paula,Rodriguez,paula.rodriguez66601181@estudiante.edu.co,2007-03-16,Medellin
58598564,Paula,Muñoz,paula.muñoz58598564@estudiante.edu.co,2000-01-20,Medellin
1039007575,Alejandro,Gonzalez,alejandro.gonzalez1039007575@estudiante.edu.co,2000-01-31,Barranquilla
87735535,Santiago,Rojas,santiago.rojas87735535@estudiante.edu.co,2004-07-25,Cucuta
89840444,Daniel,Velasquez,daniel.velasquez89840444@estudiante.edu.co,2004-06-16,Bogota
1072367578,Gabriela,Velasquez,gabriela.velasquez1072367578@estudiante.edu.co,2000-06-22,Cali
94416849,Juan,Silva,juan.silva94416849@estudiante.edu.co,2001-12-22,Manizales
1091143356,Isabella,Silva,isabella.silva1091143356@estudiante.edu.co,2002-12-24,Pereira
94784238,Carlos,Rodriguez,carlos.rodriguez94784238@estudiante.edu.co,2007-05-04,Medellin
71115249,Juan,Muñoz,juan.muñoz71115249@estudiante.edu.co,2004-08-07,Barranquilla
35244693,Laura,Torres,laura.torres35244693@estudiante.edu.co,2002-03-14,Barranquilla
64343656,Isabella,Sanchez,isabella.sanchez64343656@estudiante.edu.co,1997-04-28,Ibague
1095346269,Laura,Martinez,laura.martinez1095346269@estudiante.edu.co,2000-02-10,Bogota
1026048432,Daniel,Torres,daniel.torres1026048432@estudiante.edu.co,2006-06-03,Ibague
52376690,Paula,Sanchez,paula.sanchez52376690@estudiante.edu.co,1995-04-09,Bucaramanga
1062130916,Daniel,Velasquez,daniel.velasquez1062130916@estudiante.edu.co,1997-03-21,Medellin
55665422,Camila,Garcia,camila.garcia55665422@estudiante.edu.co,2006-06-02,Pereira
69767650,Daniel,Silva,daniel.silva69767650@estudiante.edu.co,2006-12-18,Manizales
1046163341,Santiago,Rojas,santiago.rojas1046163341@estudiante.edu.co,2003-11-05,Ibague
1024608446,Juan,Ramirez,juan.ramirez1024608446@estudiante.edu.co,2005-03-01,Barranquilla
70463349,Valentina,Ramirez,valentina.ramirez70463349@estudiante.edu.co,1998-08-26,Bucaramanga
1008703602,Paula,Ramirez,paula.ramirez1008703602@estudiante.edu.co,2000-01-24,Bogota
1048820854,Gabriela,Perez,gabriela.perez1048820854@estudiante.edu.co,2001-07-13,Medellin
1028568813,Isabella,Rodriguez,isabella.rodriguez1028568813@estudiante.edu.co,2002-02-20,Cali
1081657941,Alejandro,Gonzalez,alejandro.gonzalez1081657941@estudiante.edu.co,2004-02-04,Barranquilla
76947526,Camila,Velasquez,camila.velasquez76947526@estudiante.edu.co,1995-08-30,Barranquilla
1043003035,Alejandro,Silva,alejandro.silva1043003035@estudiante.edu.co,1998-12-09,Ibague
1024323642,Isabella,Lopez,isabella.lopez1024323642@estudiante.edu.co,2001-02-02,Ibague
1063139777,Juan,Silva,juan.silva1063139777@estudiante.edu.co,2007-02-18,Pereira
1021295093,Santiago,Sanchez,santiago.sanchez1021295093@estudiante.edu.co,2006-12-01,Cartagena
1077947288,Daniel,Sanchez,daniel.sanchez1077947288@estudiante.edu.co,2000-02-21,Cali
1003554826,Sofia,Perez,sofia.perez1003554826@estudiante.edu.co,1997-11-18,Pereira
66149954,Isabella,Velasquez,isabella.velasquez66149954@estudiante.edu.co,2003-11-23,Bucaramanga
56633635,Valentina,Velasquez,valentina.velasquez56633635@estudiante.edu.co,2002-06-17,Pereira
42485545,Camila,Garcia,camila.garcia42485545@estudiante.edu.co,2003-05-16,Bucaramanga
1015415751,Isabella,Lopez,isabella.lopez1015415751@estudiante.edu.co,2007-04-27,Cali
38920725,Daniel,Muñoz,daniel.muñoz38920725@estudiante.edu.co,1999-06-21,Cucuta
37097788,Paula,Gonzalez,paula.gonzalez37097788@estudiante.edu.co,2006-02-22,Manizales
87233022,Sofia,Perez,sofia.perez87233022@estudiante.edu.co,2004-05-05,Cartagena
65030125,Sofia,Torres,sofia.torres65030125@estudiante.edu.co,1996-09-22,Barranquilla
84015759,Valentina,Velasquez,valentina.velasquez84015759@estudiante.edu.co,2005-07-30,Pereira
68841550,Sofia,Torres,sofia.torres68841550@estudiante.edu.co,2000-04-22,Barranquilla
1068658602,Mariana,Rodriguez,mariana.rodriguez1068658602@estudiante.edu.co,2000-11-29,Pereira
1086806384,Sofia,Gomez,sofia.gomez1086806384@estudiante.edu.co,2003-11-24,Cartagena
35806751,Laura,Velasquez,laura.velasquez35806751@estudiante.edu.co,2005-04-13,Cucuta
1003267007,Daniel,Silva,daniel.silva1003267007@estudiante.edu.co,1998-11-15,Cucuta
1091043319,Paula,Sanchez,paula.sanchez1091043319@estudiante.edu.co,2000-05-21,Bogota
1085489099,Mateo,Perez,mateo.perez1085489099@estudiante.edu.co,2004-09-07,Cucuta
97072496,Carlos,Muñoz,carlos.muñoz97072496@estudiante.edu.co,1997-06-06,Ibague
1040724974,Camila,Sanchez,camila.sanchez1040724974@estudiante.edu.co,2006-10-09,Cali
1058595161,Mariana,Lopez,mariana.lopez1058595161@estudiante.edu.co,1997-12-26,Ibague
1070069733,Paula,Gonzalez,paula.gonzalez1070069733@estudiante.edu.co,2000-07-08,Medellin
1000521066,Mariana,Gonzalez,mariana.gonzalez1000521066@estudiante.edu.co,2005-03-02,Medellin
46339111,Isabella,Martinez,isabella.martinez46339111@estudiante.edu.co,1998-04-29,Cartagena
1069503038,Carlos,Garcia,carlos.garcia1069503038@estudiante.edu.co,1996-08-30,Medellin
1086776477,Sofia,Lopez,sofia.lopez1086776477@estudiante.edu.co,2006-03-12,Bucaramanga
74846932,Santiago,Torres,santiago.torres74846932@estudiante.edu.co,2004-12-06,Ibague
34691838,Juan,Lopez,juan.lopez34691838@estudiante.edu.co,2002-12-25,Cucuta
1040073726,Juan,Silva,juan.silva1040073726@estudiante.edu.co,1995-07-22,Bogota
1064878325,Mariana,Martinez,mariana.martinez1064878325@estudiante.edu.co,1998-11-22,Bucaramanga
1024200664,Daniel,Lopez,daniel.lopez1024200664@estudiante.edu.co,2003-08-29,Cucuta
47580621,Juan,Lopez,juan.lopez47580621@estudiante.edu.co,1997-11-15,Barranquilla
1093516084,Camila,Garcia,camila.garcia1093516084@estudiante.edu.co,1997-12-07,Cucuta
95923482,Carlos,Gonzalez,carlos.gonzalez95923482@estudiante.edu.co,2007-10-16,Bucaramanga
1056996706,Carlos,Velasquez,carlos.velasquez1056996706@estudiante.edu.co,2006-06-26,Barranquilla
1058617546,Santiago,Gomez,santiago.gomez1058617546@estudiante.edu.co,2004-07-15,Medellin
1003151977,Santiago,Rojas,santiago.rojas1003151977@estudiante.edu.co,1999-08-15,Medellin
1067468050,Carlos,Garcia,carlos.garcia1067468050@estudiante.edu.co,2003-07-27,Cartagena
85009765,Isabella,Rodriguez,isabella.rodriguez85009765@estudiante.edu.co,1997-04-14,Bucaramanga
61142208,Isabella,Silva,isabella.silva61142208@estudiante.edu.co,2004-07-12,Cucuta
32165161,Alejandro,Muñoz,alejandro.muñoz32165161@estudiante.edu.co,2000-05-19,Bucaramanga
58244672,Daniel,Gomez,daniel.gomez58244672@estudiante.edu.co,1998-03-07,Manizales
62510204,Paula,Silva,paula.silva62510204@estudiante.edu.co,2003-08-14,Manizales
85677294,Mateo,Martinez,mateo.martinez85677294@estudiante.edu.co,2004-09-12,Ibague
1007343476,Camila,Lopez,camila.lopez1007343476@estudiante.edu.co,1995-03-14,Cartagena
82925649,Gabriela,Gomez,gabriela.gomez82925649@estudiante.edu.co,1996-05-08,Cali
32564971,Andres,Lopez,andres.lopez32564971@estudiante.edu.co,2003-02-09,Cartagena
1021715709,Andres,Martinez,andres.martinez1021715709@estudiante.edu.co,1997-11-26,Cali
63261843,Sofia,Garcia,sofia.garcia63261843@estudiante.edu.co,2000-08-01,Pereira
1024256266,Sofia,Garcia,sofia.garcia1024256266@estudiante.edu.co,2003-05-10,Manizales
34663424,Andres,Sanchez,andres.sanchez34663424@estudiante.edu.co,2001-01-07,Manizales
75175900,Alejandro,Garcia,alejandro.garcia75175900@estudiante.edu.co,2007-04-15,Ibague
41529925,Juan,Torres,juan.torres41529925@estudiante.edu.co,1999-09-17,Bogota
45850025,Gabriela,Lopez,gabriela.lopez45850025@estudiante.edu.co,1995-12-23,Pereira
90112152,Camila,Lopez,camila.lopez90112152@estudiante.edu.co,1995-07-04,Pereira
43430711,Valentina,Rojas,valentina.rojas43430711@estudiante.edu.co,1999-07-22,Cucuta
51904341,Mariana,Perez,mariana.perez51904341@estudiante.edu.co,2002-11-28,Ibague
1034051384,Alejandro,Torres,alejandro.torres1034051384@estudiante.edu.co,1997-10-28,Ibague
93954049,Sofia,Gonzalez,sofia.gonzalez93954049@estudiante.edu.co,2007-10-18,Pereira
1064732692,Santiago,Sanchez,santiago.sanchez1064732692@estudiante.edu.co,1996-09-04,Cartagena
1027501961,Mariana,Rojas,mariana.rojas1027501961@estudiante.edu.co,2002-04-04,Ibague
67210609,Camila,Perez,camila.perez67210609@estudiante.edu.co,1997-08-01,Cartagena
79497849,Camila,Rodriguez,camila.rodriguez79497849@estudiante.edu.co,1997-03-01,Cucuta
60067086,Valentina,Perez,valentina.perez60067086@estudiante.edu.co,1998-08-06,Cucuta
1092099590,Andres,Garcia,andres.garcia1092099590@estudiante.edu.co,1999-02-11,Cali
1038175207,Valentina,Rojas,valentina.rojas1038175207@estudiante.edu.co,1999-03-21,Cucuta
69548947,Isabella,Silva,isabella.silva69548947@estudiante.edu.co,1995-07-11,Cali
1001513693,Mateo,Gonzalez,mateo.gonzalez1001513693@estudiante.edu.co,1998-01-26,Cartagena
1035282235,Juan,Gonzalez,juan.gonzalez1035282235@estudiante.edu.co,1996-09-12,Medellin
1084465573,Alejandro,Rojas,alejandro.rojas1084465573@estudiante.edu.co,1997-10-29,Ibague
88762767,Santiago,Torres,santiago.torres88762767@estudiante.edu.co,2003-08-18,Manizales
60693986,Sofia,Lopez,sofia.lopez60693986@estudiante.edu.co,2002-11-24,Bogota
1018487631,Juan,Velasquez,juan.velasquez1018487631@estudiante.edu.co,2000-07-22,Manizales
83049161,Gabriela,Lopez,gabriela.lopez83049161@estudiante.edu.co,2002-07-20,Manizales
1030221113,Juan,Ramirez,juan.ramirez1030221113@estudiante.edu.co,2003-09-24,Ibague
1054294619,Sofia,Torres,sofia.torres1054294619@estudiante.edu.co,1997-10-21,Cucuta
1020299978,Daniel,Rodriguez,daniel.rodriguez1020299978@estudiante.edu.co,1996-10-16,Ibague
78295076,Alejandro,Garcia,alejandro.garcia78295076@estudiante.edu.co,2000-05-12,Medellin
1094631055,Mateo,Lopez,mateo.lopez1094631055@estudiante.edu.co,2000-03-22,Manizales
42529259,Laura,Sanchez,laura.sanchez42529259@estudiante.edu.co,2006-04-16,Manizales
1010470165,Laura,Velasquez,laura.velasquez1010470165@estudiante.edu.co,1996-03-04,Barranquilla
46921128,Sofia,Gonzalez,sofia.gonzalez46921128@estudiante.edu.co,2003-02-08,Bucaramanga
75516369,Andres,Velasquez,andres.velasquez75516369@estudiante.edu.co,2004-09-02,Bucaramanga
1018430835,Mateo,Rodriguez,mateo.rodriguez1018430835@estudiante.edu.co,2000-04-22,Cartagena
63883911,Laura,Perez,laura.perez63883911@estudiante.edu.co,1998-06-29,Bogota
86554568,Sofia,Perez,sofia.perez86554568@estudiante.edu.co,2005-03-24,Bogota
98291484,Carlos,Muñoz,carlos.muñoz98291484@estudiante.edu.co,2000-02-26,Cartagena
1026703813,Mariana,Lopez,mariana.lopez1026703813@estudiante.edu.co,1999-05-21,Barranquilla
1029659019,Juan,Gonzalez,juan.gonzalez1029659019@estudiante.edu.co,1996-05-03,Barranquilla
1042813441,Laura,Silva,laura.silva1042813441@estudiante.edu.co,1997-06-21,Cartagena
90580198,Camila,Silva,camila.silva90580198@estudiante.edu.co,1995-04-28,Bucaramanga
53942964,Carlos,Martinez,carlos.martinez53942964@estudiante.edu.co,2006-10-22,Cucuta
1016310381,Carlos,Silva,carlos.silva1016310381@estudiante.edu.co,1997-11-09,Cali
54765555,Isabella,Gomez,isabella.gomez54765555@estudiante.edu.co,1997-06-03,Bucaramanga
92972821,Juan,Torres,juan.torres92972821@estudiante.edu.co,2002-03-07,Ibague
1084389705,Isabella,Garcia,isabella.garcia1084389705@estudiante.edu.co,1996-05-06,Barranquilla
1073277636,Mariana,Perez,mariana.perez1073277636@estudiante.edu.co,2004-08-05,Bogota
70400875,Andres,Rodriguez,andres.rodriguez70400875@estudiante.edu.co,2006-07-14,Medellin
51567481,Mateo,Gonzalez,mateo.gonzalez51567481@estudiante.edu.co,1998-04-27,Cucuta
83659731,Santiago,Sanchez,santiago.sanchez83659731@estudiante.edu.co,1997-04-03,Cucuta
1022047547,Carlos,Garcia,carlos.garcia1022047547@estudiante.edu.co,2004-11-14,Cali
93290880,Sofia,Gonzalez,sofia.gonzalez93290880@estudiante.edu.co,2000-06-21,Medellin
1074328168,Santiago,Garcia,santiago.garcia1074328168@estudiante.edu.co,1998-11-20,Bogota
1091017052,Juan,Rojas,juan.rojas1091017052@estudiante.edu.co,2003-02-02,Cartagena
83405752,Carlos,Garcia,carlos.garcia83405752@estudiante.edu.co,1997-08-16,Bogota
1000116824,Laura,Rojas,laura.rojas1000116824@estudiante.edu.co,2004-12-07,Cali
57838841,Paula,Silva,paula.silva57838841@estudiante.edu.co,2001-08-06,Cali
1014023220,Laura,Perez,laura.perez1014023220@estudiante.edu.co,2006-10-24,Ibague
1016469038,Valentina,Perez,valentina.perez1016469038@estudiante.edu.co,2003-08-24,Barranquilla
77112326,Laura,Rojas,laura.rojas77112326@estudiante.edu.co,2001-11-23,Medellin
1092044824,Isabella,Gonzalez,isabella.gonzalez1092044824@estudiante.edu.co,1999-07-13,Cucuta
57325805,Mateo,Rodriguez,mateo.rodriguez57325805@estudiante.edu.co,2001-11-14,Bucaramanga
97353471,Mariana,Martinez,mariana.martinez97353471@estudiante.edu.co,1997-04-23,Cali
42598546,Alejandro,Torres,alejandro.torres42598546@estudiante.edu.co,2002-02-01,Bogota
1011204937,Paula,Velasquez,paula.velasquez1011204937@estudiante.edu.co,1996-09-27,Bogota
1021488418,Daniel,Torres,daniel.torres1021488418@estudiante.edu.co,2004-04-30,Cucuta
1095787081,Gabriela,Lopez,gabriela.lopez1095787081@estudiante.edu.co,1999-05-28,Medellin
1088826901,Gabriela,Silva,gabriela.silva1088826901@estudiante.edu.co,2003-10-04,Bucaramanga
67562681,Valentina,Garcia,valentina.garcia67562681@estudiante.edu.co,2004-07-04,Cucuta
59513844,Alejandro,Sanchez,alejandro.sanchez59513844@estudiante.edu.co,1996-06-20,Manizales
1049338130,Paula,Muñoz,paula.muñoz1049338130@estudiante.edu.co,2004-06-29,Bucaramanga
1055053246,Sofia,Rodriguez,sofia.rodriguez1055053246@estudiante.edu.co,2001-11-09,Barranquilla
62894079,Isabella,Garcia,isabella.garcia62894079@estudiante.edu.co,2001-03-26,Bucaramanga
1005853650,Andres,Lopez,andres.lopez1005853650@estudiante.edu.co,2004-06-12,Ibague
60592015,Valentina,Silva,valentina.silva60592015@estudiante.edu.co,1999-01-16,Manizales
51799926,Gabriela,Martinez,gabriela.martinez51799926@estudiante.edu.co,1998-10-11,Cucuta
1028179185,Alejandro,Velasquez,alejandro.velasquez1028179185@estudiante.edu.co,2007-05-03,Cartagena
1076291251,Mateo,Silva,mateo.silva1076291251@estudiante.edu.co,2003-09-20,Ibague
39223311,Carlos,Rodriguez,carlos.rodriguez39223311@estudiante.edu.co,2001-02-12,Barranquilla
1055439410,Carlos,Torres,carlos.torres1055439410@estudiante.edu.co,2000-01-18,Bogota
50639458,Paula,Gomez,paula.gomez50639458@estudiante.edu.co,1999-11-20,Pereira
1083694039,Camila,Perez,camila.perez1083694039@estudiante.edu.co,2007-06-19,Cartagena
1090511890,Sofia,Perez,sofia.perez1090511890@estudiante.edu.co,2005-01-03,Ibague
31828295,Camila,Ramirez,camila.ramirez31828295@estudiante.edu.co,2005-08-31,Manizales
37606743,Paula,Ramirez,paula.ramirez37606743@estudiante.edu.co,1996-07-13,Manizales
62845179,Camila,Martinez,camila.martinez62845179@estudiante.edu.co,2006-04-12,Manizales
1000200418,Alejandro,Gomez,alejandro.gomez1000200418@estudiante.edu.co,2005-02-13,Barranquilla
1070491114,Valentina,Velasquez,valentina.velasquez1070491114@estudiante.edu.co,2003-08-02,Cali
75677984,Paula,Velasquez,paula.velasquez75677984@estudiante.edu.co,1996-05-16,Medellin
1023675089,Isabella,Ramirez,isabella.ramirez1023675089@estudiante.edu.co,2004-03-01,Cali
62913159,Laura,Sanchez,laura.sanchez62913159@estudiante.edu.co,1998-07-21,Bucaramanga
1078372329,Paula,Silva,paula.silva1078372329@estudiante.edu.co,1999-02-14,Cali
1095703108,Andres,Ramirez,andres.ramirez1095703108@estudiante.edu.co,2003-07-19,Barranquilla
32863847,Valentina,Garcia,valentina.garcia32863847@estudiante.edu.co,1996-04-22,Cartagena
85916620,Andres,Sanchez,andres.sanchez85916620@estudiante.edu.co,1995-02-10,Barranquilla
71697638,Mariana,Martinez,mariana.martinez71697638@estudiante.edu.co,2002-11-14,Ibague
1036726494,Paula,Garcia,paula.garcia1036726494@estudiante.edu.co,2006-05-18,Medellin
1045089268,Gabriela,Rojas,gabriela.rojas1045089268@estudiante.edu.co,1997-12-22,Cartagena
1011095368,Mateo,Silva,mateo.silva1011095368@estudiante.edu.co,1995-06-22,Cali
1073237163,Isabella,Gonzalez,isabella.gonzalez1073237163@estudiante.edu.co,2006-01-01,Cali
43160793,Camila,Gomez,camila.gomez43160793@estudiante.edu.co,1996-02-23,Ibague
1096451524,Paula,Gomez,paula.gomez1096451524@estudiante.edu.co,2004-01-18,Barranquilla
1050662676,Paula,Rodriguez,paula.rodriguez1050662676@estudiante.edu.co,2001-01-21,Bucaramanga
86330204,Laura,Garcia,laura.garcia86330204@estudiante.edu.co,1996-09-28,Medellin
61357850,Carlos,Martinez,carlos.martinez61357850@estudiante.edu.co,2004-12-06,Medellin
1001659933,Alejandro,Garcia,alejandro.garcia1001659933@estudiante.edu.co,1995-04-16,Medellin
1098527201,Carlos,Rojas,carlos.rojas1098527201@estudiante.edu.co,1999-07-18,Ibague
1098272703,Mateo,Silva,mateo.silva1098272703@estudiante.edu.co,2000-07-04,Pereira
73491042,Daniel,Silva,daniel.silva73491042@estudiante.edu.co,1997-02-09,Bogota
1030033369,Mateo,Martinez,mateo.martinez1030033369@estudiante.edu.co,2005-08-08,Manizales
71997287,Daniel,Muñoz,daniel.muñoz71997287@estudiante.edu.co,1997-09-28,Manizales
95029802,Gabriela,Gonzalez,gabriela.gonzalez95029802@estudiante.edu.co,2000-02-27,Bogota
87454094,Laura,Gomez,laura.gomez87454094@estudiante.edu.co,2004-03-14,Cartagena
1001503011,Laura,Perez,laura.perez1001503011@estudiante.edu.co,1996-03-05,Cali
77310778,Alejandro,Sanchez,alejandro.sanchez77310778@estudiante.edu.co,1995-09-12,Cali
41225547,Mariana,Rojas,mariana.rojas41225547@estudiante.edu.co,2007-02-16,Cartagena
43719485,Alejandro,Ramirez,alejandro.ramirez43719485@estudiante.edu.co,2007-05-26,Medellin
1067107342,Juan,Torres,juan.torres1067107342@estudiante.edu.co,2007-03-30,Bucaramanga
1083667130,Andres,Martinez,andres.martinez1083667130@estudiante.edu.co,2000-07-02,Barranquilla
1032848593,Andres,Muñoz,andres.muñoz1032848593@estudiante.edu.co,2000-05-22,Cali
48824013,Daniel,Gonzalez,daniel.gonzalez48824013@estudiante.edu.co,1995-11-03,Cucuta
60734802,Carlos,Sanchez,carlos.sanchez60734802@estudiante.edu.co,1999-10-19,Pereira
89854695,Sofia,Rodriguez,sofia.rodriguez89854695@estudiante.edu.co,1999-08-31,Barranquilla
1052120249,Laura,Gomez,laura.gomez1052120249@estudiante.edu.co,1997-05-31,Ibague
85417090,Mateo,Gonzalez,mateo.gonzalez85417090@estudiante.edu.co,2007-06-02,Cartagena
90154849,Gabriela,Perez,gabriela.perez90154849@estudiante.edu.co,2003-05-09,Bucaramanga
1046223183,Gabriela,Velasquez,gabriela.velasquez1046223183@estudiante.edu.co,2001-11-18,Bogota
1020555187,Valentina,Velasquez,valentina.velasquez1020555187@estudiante.edu.co,2004-07-16,Bogota
64478147,Juan,Gonzalez,juan.gonzalez64478147@estudiante.edu.co,2006-04-01,Bucaramanga
1088758182,Mariana,Torres,mariana.torres1088758182@estudiante.edu.co,2001-03-22,Barranquilla
33813487,Alejandro,Torres,alejandro.torres33813487@estudiante.edu.co,2006-09-25,Cucuta
65945448,Daniel,Lopez,daniel.lopez65945448@estudiante.edu.co,1995-01-16,Ibague
39540378,Camila,Velasquez,camila.velasquez39540378@estudiante.edu.co,1996-12-12,Bogota
1097284635,Mateo,Torres,mateo.torres1097284635@estudiante.edu.co,2004-11-05,Cartagena
60143019,Mateo,Silva,mateo.silva60143019@estudiante.edu.co,2003-01-21,Bogota
37768666,Laura,Rodriguez,laura.rodriguez37768666@estudiante.edu.co,1995-06-09,Barranquilla
1069029481,Juan,Garcia,juan.garcia1069029481@estudiante.edu.co,1999-03-02,Cartagena
46847252,Paula,Ramirez,paula.ramirez46847252@estudiante.edu.co,1999-03-31,Cucuta
92637707,Valentina,Rojas,valentina.rojas92637707@estudiante.edu.co,1999-05-07,Pereira
35942335,Alejandro,Garcia,alejandro.garcia35942335@estudiante.edu.co,2007-08-04,Bogota
1048254071,Santiago,Perez,santiago.perez1048254071@estudiante.edu.co,2005-03-26,Cartagena
1061352431,Camila,Muñoz,camila.muñoz1061352431@estudiante.edu.co,2000-08-19,Ibague
53114281,Daniel,Gonzalez,daniel.gonzalez53114281@estudiante.edu.co,2007-05-19,Manizales
90367102,Paula,Gomez,paula.gomez90367102@estudiante.edu.co,1999-04-06,Cucuta
48273744,Paula,Martinez,paula.martinez48273744@estudiante.edu.co,1995-12-01,Bogota
1077412597,Camila,Ramirez,camila.ramirez1077412597@estudiante.edu.co,2002-03-11,Cali
1005595783,Mariana,Perez,mariana.perez1005595783@estudiante.edu.co,2002-02-02,Bucaramanga
47788560,Daniel,Sanchez,daniel.sanchez47788560@estudiante.edu.co,1995-01-02,Cucuta
72360101,Mariana,Gonzalez,mariana.gonzalez72360101@estudiante.edu.co,1997-07-22,Pereira
1027934596,Andres,Rojas,andres.rojas1027934596@estudiante.edu.co,2003-05-09,Ibague
88477653,Mateo,Torres,mateo.torres88477653@estudiante.edu.co,2002-03-11,Cali
75104235,Mateo,Ramirez,mateo.ramirez75104235@estudiante.edu.co,1996-09-29,Cali
1023578217,Isabella,Silva,isabella.silva1023578217@estudiante.edu.co,2004-08-25,Cucuta
67398206,Mateo,Silva,mateo.silva67398206@estudiante.edu.co,2002-01-18,Bucaramanga
1062904287,Alejandro,Silva,alejandro.silva1062904287@estudiante.edu.co,2001-10-12,Manizales
82641402,Juan,Garcia,juan.garcia82641402@estudiante.edu.co,2000-01-06,Ibague
43649098,Juan,Gomez,juan.gomez43649098@estudiante.edu.co,2001-03-12,Barranquilla
1064418970,Carlos,Ramirez,carlos.ramirez1064418970@estudiante.edu.co,2004-12-19,Bucaramanga
1032220372,Camila,Perez,camila.perez1032220372@estudiante.edu.co,2002-05-07,Pereira
54770758,Juan,Gomez,juan.gomez54770758@estudiante.edu.co,2003-10-25,Cali
1060035787,Sofia,Rojas,sofia.rojas1060035787@estudiante.edu.co,2003-05-15,Pereira
57214427,Valentina,Gomez,valentina.gomez57214427@estudiante.edu.co,1996-12-11,Manizales
1071002225,Santiago,Gonzalez,santiago.gonzalez1071002225@estudiante.edu.co,1995-08-04,Ibague
61866165,Laura,Muñoz,laura.muñoz61866165@estudiante.edu.co,2000-06-21,Pereira
1019767679,Mateo,Martinez,mateo.martinez1019767679@estudiante.edu.co,2002-01-23,Barranquilla
1037573595,Laura,Muñoz,laura.muñoz1037573595@estudiante.edu.co,1995-06-30,Ibague
1072834509,Paula,Lopez,paula.lopez1072834509@estudiante.edu.co,2003-06-03,Bucaramanga
1078660013,Juan,Martinez,juan.martinez1078660013@estudiante.edu.co,1999-02-09,Bogota
1024249633,Paula,Torres,paula.torres1024249633@estudiante.edu.co,1996-04-11,Cartagena
30828739,Alejandro,Perez,alejandro.perez30828739@estudiante.edu.co,1995-06-27,Medellin
35222911,Santiago,Muñoz,santiago.muñoz35222911@estudiante.edu.co,2002-08-09,Barranquilla
1037704341,Sofia,Lopez,sofia.lopez1037704341@estudiante.edu.co,1996-07-06,Cali
1095198415,Carlos,Gomez,carlos.gomez1095198415@estudiante.edu.co,2004-07-24,Bucaramanga
73183706,Mariana,Gonzalez,mariana.gonzalez73183706@estudiante.edu.co,1999-11-20,Bogota
82093418,Carlos,Lopez,carlos.lopez82093418@estudiante.edu.co,2006-03-20,Bogota
50472504,Juan,Sanchez,juan.sanchez50472504@estudiante.edu.co,1996-07-29,Manizales
1071930853,Camila,Muñoz,camila.muñoz1071930853@estudiante.edu.co,2006-02-19,Cucuta
86712566,Juan,Ramirez,juan.ramirez86712566@estudiante.edu.co,2005-01-05,Pereira
66802730,Juan,Lopez,juan.lopez66802730@estudiante.edu.co,2003-12-16,Bogota
96449670,Alejandro,Gonzalez,alejandro.gonzalez96449670@estudiante.edu.co,2006-06-11,Bucaramanga
1053586230,Paula,Gomez,paula.gomez1053586230@estudiante.edu.co,2007-07-15,Bogota
1025227220,Carlos,Garcia,carlos.garcia1025227220@estudiante.edu.co,1997-02-21,Pereira
39625239,Carlos,Gonzalez,carlos.gonzalez39625239@estudiante.edu.co,2004-08-03,Barranquilla
1043449913,Sofia,Velasquez,sofia.velasquez1043449913@estudiante.edu.co,2002-05-02,Medellin
1005556646,Isabella,Silva,isabella.silva1005556646@estudiante.edu.co,1996-12-18,Bogota
39717120,Valentina,Rojas,valentina.rojas39717120@estudiante.edu.co,1995-04-17,Pereira
1049991606,Paula,Lopez,paula.lopez1049991606@estudiante.edu.co,2007-09-12,Medellin
37467216,Laura,Gonzalez,laura.gonzalez37467216@estudiante.edu.co,1995-02-06,Cali
69920420,Laura,Lopez,laura.lopez69920420@estudiante.edu.co,2004-12-27,Pereira
41092721,Isabella,Rodriguez,isabella.rodriguez41092721@estudiante.edu.co,1997-05-31,Cucuta
49272319,Juan,Sanchez,juan.sanchez49272319@estudiante.edu.co,2001-10-18,Medellin
36749563,Daniel,Ramirez,daniel.ramirez36749563@estudiante.edu.co,1995-08-24,Manizales
1096097731,Sofia,Rodriguez,sofia.rodriguez1096097731@estudiante.edu.co,2004-05-17,Medellin
1094574324,Mateo,Velasquez,mateo.velasquez1094574324@estudiante.edu.co,2003-10-18,Medellin
37292745,Isabella,Sanchez,isabella.sanchez37292745@estudiante.edu.co,1996-07-02,Manizales
63563348,Andres,Sanchez,andres.sanchez63563348@estudiante.edu.co,2003-02-16,Manizales
32594808,Valentina,Rojas,valentina.rojas32594808@estudiante.edu.co,1999-03-13,Bogota
1037567235,Gabriela,Rojas,gabriela.rojas1037567235@estudiante.edu.co,2005-09-10,Cucuta
1061559891,Carlos,Rojas,carlos.rojas1061559891@estudiante.edu.co,2007-08-25,Barranquilla
41389638,Mariana,Gomez,mariana.gomez41389638@estudiante.edu.co,2003-06-03,Cartagena
58258991,Camila,Torres,camila.torres58258991@estudiante.edu.co,1997-07-06,Ibague
1083346865,Valentina,Velasquez,valentina.velasquez1083346865@estudiante.edu.co,2005-03-05,Cartagena
1068743853,Laura,Velasquez,laura.velasquez1068743853@estudiante.edu.co,1997-01-06,Bogota
1052184717,Gabriela,Velasquez,gabriela.velasquez1052184717@estudiante.edu.co,2001-03-03,Manizales
1074204231,Valentina,Lopez,valentina.lopez1074204231@estudiante.edu.co,2004-01-10,Medellin
1054904517,Andres,Sanchez,andres.sanchez1054904517@estudiante.edu.co,1996-01-28,Barranquilla
1033921860,Andres,Lopez,andres.lopez1033921860@estudiante.edu.co,1998-09-17,Cucuta
1046933273,Laura,Martinez,laura.martinez1046933273@estudiante.edu.co,1998-12-04,Bucaramanga
93646509,Valentina,Lopez,valentina.lopez93646509@estudiante.edu.co,1996-05-24,Manizales
75437280,Alejandro,Ramirez,alejandro.ramirez75437280@estudiante.edu.co,2004-10-04,Ibague
30670412,Isabella,Torres,isabella.torres30670412@estudiante.edu.co,2003-07-03,Cucuta
1026808848,Valentina,Rojas,valentina.rojas1026808848@estudiante.edu.co,1999-03-22,Ibague
44733716,Gabriela,Gonzalez,gabriela.gonzalez44733716@estudiante.edu.co,2004-11-19,Cali
60209244,Carlos,Rodriguez,carlos.rodriguez60209244@estudiante.edu.co,2003-02-05,Bucaramanga
1079536134,Alejandro,Ramirez,alejandro.ramirez1079536134@estudiante.edu.co,2005-01-31,Pereira
1071038447,Laura,Rodriguez,laura.rodriguez1071038447@estudiante.edu.co,2001-02-02,Medellin
1094805011,Camila,Ramirez,camila.ramirez1094805011@estudiante.edu.co,2006-08-15,Ibague
37095348,Mariana,Gomez,mariana.gomez37095348@estudiante.edu.co,2005-07-31,Medellin
1050376817,Mateo,Velasquez,mateo.velasquez1050376817@estudiante.edu.co,2000-08-21,Barranquilla
1067099212,Gabriela,Rodriguez,gabriela.rodriguez1067099212@estudiante.edu.co,2004-12-05,Medellin
86746839,Alejandro,Ramirez,alejandro.ramirez86746839@estudiante.edu.co,1995-05-14,Cartagena
1035526489,Isabella,Rojas,isabella.rojas1035526489@estudiante.edu.co,2006-04-28,Manizales
1013868109,Isabella,Muñoz,isabella.muñoz1013868109@estudiante.edu.co,1996-08-22,Cartagena
85797946,Laura,Perez,laura.perez85797946@estudiante.edu.co,2006-05-19,Cartagena
31356488,Andres,Perez,andres.perez31356488@estudiante.edu.co,2005-05-30,Cartagena
1066579240,Paula,Garcia,paula.garcia1066579240@estudiante.edu.co,2007-11-05,Manizales
1070197579,Isabella,Lopez,isabella.lopez1070197579@estudiante.edu.co,1997-04-15,Manizales
1068987018,Santiago,Velasquez,santiago.velasquez1068987018@estudiante.edu.co,2004-01-20,Bogota
1087786041,Santiago,Torres,santiago.torres1087786041@estudiante.edu.co,2001-05-05,Barranquilla
97815413,Isabella,Muñoz,isabella.muñoz97815413@estudiante.edu.co,2007-10-28,Pereira
90441489,Laura,Garcia,laura.garcia90441489@estudiante.edu.co,2006-05-04,Bucaramanga
74097578,Carlos,Lopez,carlos.lopez74097578@estudiante.edu.co,2005-08-22,Medellin
1086690887,Mateo,Rojas,mateo.rojas1086690887@estudiante.edu.co,2006-10-19,Bogota
84640260,Juan,Gonzalez,juan.gonzalez84640260@estudiante.edu.co,1997-02-09,Medellin
72497706,Valentina,Lopez,valentina.lopez72497706@estudiante.edu.co,2006-08-27,Barranquilla
1065175277,Carlos,Gonzalez,carlos.gonzalez1065175277@estudiante.edu.co,1997-10-02,Bogota
1047680468,Mateo,Garcia,mateo.garcia1047680468@estudiante.edu.co,2005-12-18,Bogota
91586772,Camila,Muñoz,camila.muñoz91586772@estudiante.edu.co,2005-06-23,Bucaramanga
60602699,Valentina,Gomez,valentina.gomez60602699@estudiante.edu.co,2000-01-14,Cartagena
42337447,Isabella,Velasquez,isabella.velasquez42337447@estudiante.edu.co,2003-09-13,Ibague
1033728860,Andres,Ramirez,andres.ramirez1033728860@estudiante.edu.co,2007-05-22,Pereira
1093689623,Mateo,Lopez,mateo.lopez1093689623@estudiante.edu.co,1996-05-13,Bucaramanga
1059024065,Andres,Velasquez,andres.velasquez1059024065@estudiante.edu.co,2006-12-09,Bucaramanga
1061527858,Andres,Muñoz,andres.muñoz1061527858@estudiante.edu.co,2004-08-17,Cali
1020119156,Carlos,Muñoz,carlos.muñoz1020119156@estudiante.edu.co,1999-01-19,Cucuta
1042951490,Isabella,Gomez,isabella.gomez1042951490@estudiante.edu.co,2006-05-23,Cartagena
63191159,Camila,Ramirez,camila.ramirez63191159@estudiante.edu.co,2003-07-01,Cartagena
1007019538,Camila,Gonzalez,camila.gonzalez1007019538@estudiante.edu.co,1998-06-07,Bogota
60636899,Gabriela,Ramirez,gabriela.ramirez60636899@estudiante.edu.co,1998-11-05,Pereira
1010966782,Carlos,Martinez,carlos.martinez1010966782@estudiante.edu.co,1999-03-17,Ibague
82228900,Andres,Gonzalez,andres.gonzalez82228900@estudiante.edu.co,2006-06-11,Pereira
83033713,Santiago,Rodriguez,santiago.rodriguez83033713@estudiante.edu.co,2004-11-28,Cartagena
66621914,Carlos,Muñoz,carlos.muñoz66621914@estudiante.edu.co,1998-03-29,Bucaramanga
71522041,Santiago,Rojas,santiago.rojas71522041@estudiante.edu.co,2006-08-09,Manizales
1027170642,Mateo,Rojas,mateo.rojas1027170642@estudiante.edu.co,1998-10-18,Bogota
1029853383,Valentina,Gonzalez,valentina.gonzalez1029853383@estudiante.edu.co,2007-10-04,Cartagena
47310926,Paula,Velasquez,paula.velasquez47310926@estudiante.edu.co,2005-01-26,Bucaramanga
41000539,Santiago,Torres,santiago.torres41000539@estudiante.edu.co,1995-06-21,Cartagena
1040810953,Santiago,Torres,santiago.torres1040810953@estudiante.edu.co,2004-04-02,Pereira
1051995866,Santiago,Muñoz,santiago.muñoz1051995866@estudiante.edu.co,2000-03-26,Manizales
1030359093,Andres,Ramirez,andres.ramirez1030359093@estudiante.edu.co,2006-02-15,Ibague
57761048,Daniel,Lopez,daniel.lopez57761048@estudiante.edu.co,1996-12-11,Bogota
59809371,Sofia,Velasquez,sofia.velasquez59809371@estudiante.edu.co,2003-08-10,Barranquilla
96633181,Alejandro,Garcia,alejandro.garcia96633181@estudiante.edu.co,2001-08-29,Bogota
1070416605,Andres,Perez,andres.perez1070416605@estudiante.edu.co,2006-07-14,Cucuta
1077153118,Santiago,Rojas,santiago.rojas1077153118@estudiante.edu.co,1997-04-23,Pereira
1026690249,Mateo,Ramirez,mateo.ramirez1026690249@estudiante.edu.co,2005-01-28,Barranquilla
1060249080,Carlos,Velasquez,carlos.velasquez1060249080@estudiante.edu.co,2004-09-10,Bogota
1019305065,Alejandro,Muñoz,alejandro.muñoz1019305065@estudiante.edu.co,1998-05-15,Bogota
59684336,Juan,Rodriguez,juan.rodriguez59684336@estudiante.edu.co,2005-01-21,Cali
88265238,Camila,Rodriguez,camila.rodriguez88265238@estudiante.edu.co,2007-08-22,Cali
1041900517,Camila,Gomez,camila.gomez1041900517@estudiante.edu.co,2006-08-24,Cartagena
1051436689,Paula,Torres,paula.torres1051436689@estudiante.edu.co,2003-01-26,Ibague
1058533255,Camila,Sanchez,camila.sanchez1058533255@estudiante.edu.co,2000-07-26,Cartagena
1019881425,Andres,Perez,andres.perez1019881425@estudiante.edu.co,1997-12-02,Cartagena
92204419,Sofia,Muñoz,sofia.muñoz92204419@estudiante.edu.co,2007-09-06,Cartagena
1081292116,Valentina,Gonzalez,valentina.gonzalez1081292116@estudiante.edu.co,2001-09-04,Pereira
1014232530,Camila,Silva,camila.silva1014232530@estudiante.edu.co,2005-07-26,Pereira
1088466980,Sofia,Muñoz,sofia.muñoz1088466980@estudiante.edu.co,2004-03-05,Ibague
62837923,Laura,Martinez,laura.martinez62837923@estudiante.edu.co,1999-09-11,Cartagena
37374460,Gabriela,Rojas,gabriela.rojas37374460@estudiante.edu.co,2003-05-10,Medellin
33155290,Daniel,Torres,daniel.torres33155290@estudiante.edu.co,2003-08-29,Manizales
65239212,Paula,Garcia,paula.garcia65239212@estudiante.edu.co,1998-10-22,Bucaramanga
1014059502,Sofia,Rodriguez,sofia.rodriguez1014059502@estudiante.edu.co,1996-01-16,Manizales
1054006050,Juan,Lopez,juan.lopez1054006050@estudiante.edu.co,2007-02-26,Pereira
88430931,Sofia,Velasquez,sofia.velasquez88430931@estudiante.edu.co,1998-02-07,Medellin
1002965740,Carlos,Muñoz,carlos.muñoz1002965740@estudiante.edu.co,1996-01-06,Cartagena
1056122941,Mariana,Muñoz,mariana.muñoz1056122941@estudiante.edu.co,1995-04-08,Manizales
72362140,Isabella,Sanchez,isabella.sanchez72362140@estudiante.edu.co,1997-04-20,Manizales
1000313422,Alejandro,Martinez,alejandro.martinez1000313422@estudiante.edu.co,2001-10-04,Ibague
1073266851,Juan,Ramirez,juan.ramirez1073266851@estudiante.edu.co,1996-04-22,Bogota
72863382,Mariana,Velasquez,mariana.velasquez72863382@estudiante.edu.co,2000-12-23,Ibague
1064874802,Andres,Garcia,andres.garcia1064874802@estudiante.edu.co,2006-05-13,Cali
65279946,Alejandro,Muñoz,alejandro.muñoz65279946@estudiante.edu.co,1996-06-02,Bogota
1010731637,Juan,Torres,juan.torres1010731637@estudiante.edu.co,1998-09-20,Barranquilla
52975127,Gabriela,Rojas,gabriela.rojas52975127@estudiante.edu.co,2006-06-18,Cucuta
55010697,Laura,Gomez,laura.gomez55010697@estudiante.edu.co,2005-05-16,Pereira
1088430064,Gabriela,Garcia,gabriela.garcia1088430064@estudiante.edu.co,2002-09-05,Cucuta
1038942437,Carlos,Lopez,carlos.lopez1038942437@estudiante.edu.co,2003-07-21,Pereira
61511623,Camila,Rodriguez,camila.rodriguez61511623@estudiante.edu.co,1997-05-08,Pereira
69040432,Daniel,Silva,daniel.silva69040432@estudiante.edu.co,1999-12-21,Cali
1038473469,Carlos,Silva,carlos.silva1038473469@estudiante.edu.co,2006-05-12,Manizales
65900208,Gabriela,Sanchez,gabriela.sanchez65900208@estudiante.edu.co,2003-07-10,Ibague
1055423693,Gabriela,Muñoz,gabriela.muñoz1055423693@estudiante.edu.co,2004-08-19,Pereira
1062305353,Mariana,Torres,mariana.torres1062305353@estudiante.edu.co,1998-11-14,Cucuta
94702908,Laura,Sanchez,laura.sanchez94702908@estudiante.edu.co,1996-09-18,Manizales
88578950,Santiago,Lopez,santiago.lopez88578950@estudiante.edu.co,1997-10-08,Medellin
1080213500,Santiago,Perez,santiago.perez1080213500@estudiante.edu.co,2005-08-12,Medellin
1088067088,Isabella,Martinez,isabella.martinez1088067088@estudiante.edu.co,2000-08-25,Ibague
48717292,Mariana,Ramirez,mariana.ramirez48717292@estudiante.edu.co,1997-09-15,Ibague
80942083,Gabriela,Silva,gabriela.silva80942083@estudiante.edu.co,1998-01-19,Medellin
1012258527,Carlos,Gomez,carlos.gomez1012258527@estudiante.edu.co,1996-10-01,Cucuta
1028739982,Daniel,Torres,daniel.torres1028739982@estudiante.edu.co,2001-03-18,Manizales
1011966095,Camila,Velasquez,camila.velasquez1011966095@estudiante.edu.co,2001-07-22,Cartagena
57833971,Sofia,Silva,sofia.silva57833971@estudiante.edu.co,2000-02-03,Cali
1019594644,Mateo,Perez,mateo.perez1019594644@estudiante.edu.co,2003-10-20,Medellin
83137733,Isabella,Lopez,isabella.lopez83137733@estudiante.edu.co,1996-08-06,Cali
57497280,Juan,Muñoz,juan.muñoz57497280@estudiante.edu.co,2003-10-21,Bucaramanga
62466106,Santiago,Rodriguez,santiago.rodriguez62466106@estudiante.edu.co,1996-11-14,Pereira
97689312,Camila,Rojas,camila.rojas97689312@estudiante.edu.co,2006-11-26,Manizales
43157337,Andres,Muñoz,andres.muñoz43157337@estudiante.edu.co,1997-10-17,Cartagena
82402628,Isabella,Rodriguez,isabella.rodriguez82402628@estudiante.edu.co,2001-12-08,Barranquilla
1080268185,Mateo,Perez,mateo.perez1080268185@estudiante.edu.co,2004-08-31,Cali
63790996,Mateo,Lopez,mateo.lopez63790996@estudiante.edu.co,1999-12-25,Ibague
1038096136,Santiago,Torres,santiago.torres1038096136@estudiante.edu.co,2001-09-15,Manizales
1011239666,Valentina,Garcia,valentina.garcia1011239666@estudiante.edu.co,2007-08-25,Cali
84973486,Gabriela,Gomez,gabriela.gomez84973486@estudiante.edu.co,2000-08-27,Manizales
66001675,Paula,Silva,paula.silva66001675@estudiante.edu.co,2003-03-15,Bucaramanga
1074052982,Santiago,Muñoz,santiago.muñoz1074052982@estudiante.edu.co,1997-12-18,Barranquilla
59365214,Camila,Ramirez,camila.ramirez59365214@estudiante.edu.co,2006-11-26,Cucuta
1019325224,Santiago,Torres,santiago.torres1019325224@estudiante.edu.co,2007-08-11,Cali
92816792,Mariana,Torres,mariana.torres92816792@estudiante.edu.co,1999-07-06,Pereira
1003656811,Mariana,Gomez,mariana.gomez1003656811@estudiante.edu.co,2006-09-06,Pereira
1011213970,Daniel,Perez,daniel.perez1011213970@estudiante.edu.co,2002-09-21,Pereira
70654490,Mariana,Torres,mariana.torres70654490@estudiante.edu.co,1998-01-27,Manizales
1018573894,Juan,Garcia,juan.garcia1018573894@estudiante.edu.co,1997-06-09,Bogota
1019284930,Laura,Velasquez,laura.velasquez1019284930@estudiante.edu.co,2004-04-19,Cali
1059863994,Mariana,Garcia,mariana.garcia1059863994@estudiante.edu.co,2005-10-19,Medellin
1081619875,Andres,Gomez,andres.gomez1081619875@estudiante.edu.co,1995-02-07,Cartagena
57397261,Daniel,Lopez,daniel.lopez57397261@estudiante.edu.co,2001-07-21,Pereira
1028957210,Camila,Rojas,camila.rojas1028957210@estudiante.edu.co,2005-07-06,Cali
1038637506,Santiago,Rojas,santiago.rojas1038637506@estudiante.edu.co,1998-11-23,Ibague
31161057,Isabella,Silva,isabella.silva31161057@estudiante.edu.co,1997-04-23,Bucaramanga
73150146,Laura,Martinez,laura.martinez73150146@estudiante.edu.co,1995-11-19,Bogota
52046019,Carlos,Gonzalez,carlos.gonzalez52046019@estudiante.edu.co,2006-07-16,Medellin
1060267799,Mateo,Velasquez,mateo.velasquez1060267799@estudiante.edu.co,1996-10-14,Medellin
58518142,Sofia,Silva,sofia.silva58518142@estudiante.edu.co,2003-02-19,Pereira
50287296,Isabella,Perez,isabella.perez50287296@estudiante.edu.co,2000-03-25,Medellin
1076430980,Andres,Sanchez,andres.sanchez1076430980@estudiante.edu.co,1998-06-09,Manizales
1038041649,Paula,Velasquez,paula.velasquez1038041649@estudiante.edu.co,1999-02-09,Ibague
1047203367,Mateo,Lopez,mateo.lopez1047203367@estudiante.edu.co,2005-01-07,Cucuta
38971502,Mateo,Silva,mateo.silva38971502@estudiante.edu.co,2003-12-18,Ibague
1091935381,Gabriela,Lopez,gabriela.lopez1091935381@estudiante.edu.co,1996-05-16,Pereira
1085023356,Gabriela,Silva,gabriela.silva1085023356@estudiante.edu.co,2002-05-26,Cartagena
67742414,Carlos,Gomez,carlos.gomez67742414@estudiante.edu.co,2001-03-31,Cucuta
79452567,Juan,Torres,juan.torres79452567@estudiante.edu.co,2000-01-25,Bogota
1063628547,Laura,Torres,laura.torres1063628547@estudiante.edu.co,1996-09-07,Pereira
86277062,Santiago,Gomez,santiago.gomez86277062@estudiante.edu.co,2003-02-21,Barranquilla
1048650934,Paula,Garcia,paula.garcia1048650934@estudiante.edu.co,2003-05-19,Ibague
1009147420,Andres,Martinez,andres.martinez1009147420@estudiante.edu.co,1999-12-03,Medellin
47845892,Isabella,Velasquez,isabella.velasquez47845892@estudiante.edu.co,1999-05-01,Barranquilla
88244411,Laura,Garcia,laura.garcia88244411@estudiante.edu.co,1997-06-06,Manizales
51351876,Camila,Torres,camila.torres51351876@estudiante.edu.co,2004-04-23,Cucuta
1037304675,Alejandro,Velasquez,alejandro.velasquez1037304675@estudiante.edu.co,1998-05-16,Cartagena
61616078,Mariana,Velasquez,mariana.velasquez61616078@estudiante.edu.co,1999-10-23,Cali
75207350,Mariana,Silva,mariana.silva75207350@estudiante.edu.co,1998-05-24,Cucuta
66782177,Alejandro,Gonzalez,alejandro.gonzalez66782177@estudiante.edu.co,2004-06-03,Ibague
1030011885,Isabella,Martinez,isabella.martinez1030011885@estudiante.edu.co,2005-04-29,Bogota
1034782084,Santiago,Gonzalez,santiago.gonzalez1034782084@estudiante.edu.co,1997-02-14,Medellin
1006464295,Mateo,Sanchez,mateo.sanchez1006464295@estudiante.edu.co,2001-10-23,Cucuta
1004012733,Valentina,Rojas,valentina.rojas1004012733@estudiante.edu.co,1997-09-07,Pereira
83443731,Santiago,Muñoz,santiago.muñoz83443731@estudiante.edu.co,2002-09-17,Barranquilla
1094618577,Valentina,Silva,valentina.silva1094618577@estudiante.edu.co,1995-09-23,Pereira
61281118,Paula,Silva,paula.silva61281118@estudiante.edu.co,1996-05-21,Pereira
34679212,Carlos,Torres,carlos.torres34679212@estudiante.edu.co,1997-11-26,Cartagena
68620447,Carlos,Torres,carlos.torres68620447@estudiante.edu.co,2004-05-14,Cali
1022803792,Andres,Ramirez,andres.ramirez1022803792@estudiante.edu.co,2006-02-15,Cartagena
37479988,Mateo,Garcia,mateo.garcia37479988@estudiante.edu.co,2001-02-08,Cucuta
43061488,Carlos,Rodriguez,carlos.rodriguez43061488@estudiante.edu.co,1997-04-29,Bogota
1007781701,Andres,Torres,andres.torres1007781701@estudiante.edu.co,1997-11-03,Bogota
31422821,Sofia,Gonzalez,sofia.gonzalez31422821@estudiante.edu.co,2004-12-27,Manizales
1013645144,Isabella,Rodriguez,isabella.rodriguez1013645144@estudiante.edu.co,1995-01-13,Bogota
68793299,Isabella,Martinez,isabella.martinez68793299@estudiante.edu.co,2003-08-16,Cucuta
37967616,Mariana,Silva,mariana.silva37967616@estudiante.edu.co,2004-10-03,Pereira
1015631660,Camila,Ramirez,camila.ramirez1015631660@estudiante.edu.co,1999-09-01,Cartagena
92119224,Daniel,Rodriguez,daniel.rodriguez92119224@estudiante.edu.co,1996-01-24,Ibague
1066333102,Sofia,Gonzalez,sofia.gonzalez1066333102@estudiante.edu.co,2004-05-06,Bucaramanga
1062086217,Alejandro,Torres,alejandro.torres1062086217@estudiante.edu.co,2001-01-01,Bogota
1038470091,Mariana,Silva,mariana.silva1038470091@estudiante.edu.co,1995-06-09,Manizales
1005600775,Camila,Ramirez,camila.ramirez1005600775@estudiante.edu.co,2007-03-29,Medellin
1060708875,Laura,Torres,laura.torres1060708875@estudiante.edu.co,2001-03-16,Pereira
1041125235,Paula,Muñoz,paula.muñoz1041125235@estudiante.edu.co,2000-12-06,Medellin
85611238,Gabriela,Gonzalez,gabriela.gonzalez85611238@estudiante.edu.co,1995-07-10,Bogota
45467499,Sofia,Gonzalez,sofia.gonzalez45467499@estudiante.edu.co,2006-10-16,Manizales
1094621155,Daniel,Lopez,daniel.lopez1094621155@estudiante.edu.co,2004-11-26,Bucaramanga
1052735267,Santiago,Torres,santiago.torres1052735267@estudiante.edu.co,2005-07-09,Medellin
1025490223,Juan,Garcia,juan.garcia1025490223@estudiante.edu.co,2003-03-03,Pereira
67279049,Daniel,Gomez,daniel.gomez67279049@estudiante.edu.co,1998-12-20,Barranquilla
93004933,Valentina,Rojas,valentina.rojas93004933@estudiante.edu.co,2002-02-08,Cali
83055211,Santiago,Martinez,santiago.martinez83055211@estudiante.edu.co,1998-12-18,Cartagena
39692568,Daniel,Lopez,daniel.lopez39692568@estudiante.edu.co,2006-06-19,Ibague
49203625,Santiago,Torres,santiago.torres49203625@estudiante.edu.co,2006-12-07,Cartagena
1050318420,Gabriela,Sanchez,gabriela.sanchez1050318420@estudiante.edu.co,1999-10-25,Bucaramanga
76948743,Valentina,Gomez,valentina.gomez76948743@estudiante.edu.co,1998-11-24,Pereira
88262502,Andres,Sanchez,andres.sanchez88262502@estudiante.edu.co,2002-06-26,Pereira
1027358916,Sofia,Gonzalez,sofia.gonzalez1027358916@estudiante.edu.co,2007-02-27,Manizales
1020414570,Juan,Silva,juan.silva1020414570@estudiante.edu.co,1996-04-04,Cali
60051248,Santiago,Lopez,santiago.lopez60051248@estudiante.edu.co,2001-05-04,Manizales
1018053731,Santiago,Sanchez,santiago.sanchez1018053731@estudiante.edu.co,2005-08-18,Ibague
1061725933,Laura,Gonzalez,laura.gonzalez1061725933@estudiante.edu.co,2006-03-04,Barranquilla
1014216798,Valentina,Gonzalez,valentina.gonzalez1014216798@estudiante.edu.co,2004-04-12,Barranquilla
1036757724,Alejandro,Gomez,alejandro.gomez1036757724@estudiante.edu.co,1997-12-19,Cartagena
95829872,Mariana,Lopez,mariana.lopez95829872@estudiante.edu.co,1999-06-11,Ibague
1011518683,Carlos,Sanchez,carlos.sanchez1011518683@estudiante.edu.co,2007-06-30,Barranquilla
81657824,Mariana,Garcia,mariana.garcia81657824@estudiante.edu.co,2007-04-08,Medellin
1097350487,Mateo,Silva,mateo.silva1097350487@estudiante.edu.co,2000-09-29,Cucuta
59891189,Gabriela,Ramirez,gabriela.ramirez59891189@estudiante.edu.co,1995-07-19,Pereira
60039893,Mateo,Martinez,mateo.martinez60039893@estudiante.edu.co,2007-08-17,Bogota
76974717,Valentina,Rodriguez,valentina.rodriguez76974717@estudiante.edu.co,2004-02-04,Medellin
1075850555,Sofia,Martinez,sofia.martinez1075850555@estudiante.edu.co,2007-02-21,Cali
85626678,Laura,Rodriguez,laura.rodriguez85626678@estudiante.edu.co,2005-08-19,Manizales
1040795127,Isabella,Sanchez,isabella.sanchez1040795127@estudiante.edu.co,2006-03-02,Cucuta
64671555,Paula,Muñoz,paula.muñoz64671555@estudiante.edu.co,2003-02-16,Barranquilla
41837899,Paula,Gomez,paula.gomez41837899@estudiante.edu.co,1998-10-22,Bucaramanga
1011124932,Isabella,Silva,isabella.silva1011124932@estudiante.edu.co,1998-06-27,Cali
71431138,Juan,Garcia,juan.garcia71431138@estudiante.edu.co,2000-07-09,Medellin
1039477186,Alejandro,Garcia,alejandro.garcia1039477186@estudiante.edu.co,2005-12-21,Medellin
1078387503,Andres,Rodriguez,andres.rodriguez1078387503@estudiante.edu.co,1997-06-06,Pereira
73043853,Paula,Torres,paula.torres73043853@estudiante.edu.co,1996-10-21,Barranquilla
1005237313,Valentina,Lopez,valentina.lopez1005237313@estudiante.edu.co,2003-02-17,Ibague
1074192108,Camila,Martinez,camila.martinez1074192108@estudiante.edu.co,2006-10-19,Cali
1058597769,Andres,Lopez,andres.lopez1058597769@estudiante.edu.co,2006-04-07,Cucuta
1069584208,Valentina,Garcia,valentina.garcia1069584208@estudiante.edu.co,2007-11-16,Cucuta
64648758,Camila,Sanchez,camila.sanchez64648758@estudiante.edu.co,2004-07-20,Ibague
1096442715,Daniel,Lopez,daniel.lopez1096442715@estudiante.edu.co,2003-12-06,Cucuta
1068365876,Santiago,Ramirez,santiago.ramirez1068365876@estudiante.edu.co,1999-05-30,Medellin
37300017,Carlos,Silva,carlos.silva37300017@estudiante.edu.co,2002-09-03,Bogota
1088968227,Daniel,Silva,daniel.silva1088968227@estudiante.edu.co,1996-04-18,Pereira
1096882349,Daniel,Velasquez,daniel.velasquez1096882349@estudiante.edu.co,1995-03-17,Ibague
1065478684,Santiago,Gonzalez,santiago.gonzalez1065478684@estudiante.edu.co,1996-10-15,Ibague
1032231589,Laura,Perez,laura.perez1032231589@estudiante.edu.co,1998-05-30,Cucuta
1058469078,Gabriela,Silva,gabriela.silva1058469078@estudiante.edu.co,2004-05-04,Bogota
1051667662,Sofia,Perez,sofia.perez1051667662@estudiante.edu.co,2007-05-05,Bogota
88570169,Mariana,Muñoz,mariana.muñoz88570169@estudiante.edu.co,2002-12-11,Bucaramanga
88964618,Carlos,Torres,carlos.torres88964618@estudiante.edu.co,1997-01-10,Bucaramanga
43144397,Daniel,Perez,daniel.perez43144397@estudiante.edu.co,2006-11-17,Cartagena
1074400019,Valentina,Gomez,valentina.gomez1074400019@estudiante.edu.co,2000-12-23,Cali
1062366183,Juan,Gomez,juan.gomez1062366183@estudiante.edu.co,1996-06-10,Cartagena
1070116694,Sofia,Gomez,sofia.gomez1070116694@estudiante.edu.co,1998-11-25,Cali
55648999,Mateo,Silva,mateo.silva55648999@estudiante.edu.co,1997-01-31,Medellin
1069576446,Laura,Rodriguez,laura.rodriguez1069576446@estudiante.edu.co,2001-03-05,Bogota
1039982176,Mateo,Silva,mateo.silva1039982176@estudiante.edu.co,2007-07-10,Barranquilla
52270441,Daniel,Silva,daniel.silva52270441@estudiante.edu.co,2007-11-24,Ibague
1071173355,Camila,Muñoz,camila.muñoz1071173355@estudiante.edu.co,2001-07-15,Manizales
1001306082,Sofia,Martinez,sofia.martinez1001306082@estudiante.edu.co,2003-11-24,Ibague
1059266650,Camila,Muñoz,camila.muñoz1059266650@estudiante.edu.co,1997-09-02,Cucuta
98280770,Gabriela,Martinez,gabriela.martinez98280770@estudiante.edu.co,2005-06-12,Cucuta
70580850,Carlos,Rodriguez,carlos.rodriguez70580850@estudiante.edu.co,1998-01-01,Medellin
1054487268,Juan,Martinez,juan.martinez1054487268@estudiante.edu.co,1995-03-07,Barranquilla
99296251,Alejandro,Rodriguez,alejandro.rodriguez99296251@estudiante.edu.co,1997-12-11,Medellin
35073995,Paula,Torres,paula.torres35073995@estudiante.edu.co,2004-07-21,Bogota
51181553,Camila,Martinez,camila.martinez51181553@estudiante.edu.co,2006-01-03,Medellin
1051472219,Isabella,Torres,isabella.torres1051472219@estudiante.edu.co,1996-05-11,Ibague
56980985,Isabella,Ramirez,isabella.ramirez56980985@estudiante.edu.co,2003-05-04,Barranquilla
1013027986,Mariana,Muñoz,mariana.muñoz1013027986@estudiante.edu.co,1998-10-01,Cali
60766498,Gabriela,Sanchez,gabriela.sanchez60766498@estudiante.edu.co,1995-06-08,Barranquilla
1089625942,Mateo,Lopez,mateo.lopez1089625942@estudiante.edu.co,2000-10-08,Manizales
86205134,Juan,Rojas,juan.rojas86205134@estudiante.edu.co,1999-01-08,Medellin
1091723669,Camila,Perez,camila.perez1091723669@estudiante.edu.co,2003-08-17,Cucuta
1051974481,Isabella,Gonzalez,isabella.gonzalez1051974481@estudiante.edu.co,1995-07-04,Bogota
1097519225,Gabriela,Silva,gabriela.silva1097519225@estudiante.edu.co,1996-03-10,Barranquilla
79971673,Paula,Ramirez,paula.ramirez79971673@estudiante.edu.co,2007-09-18,Barranquilla
1075367160,Valentina,Torres,valentina.torres1075367160@estudiante.edu.co,2003-03-20,Cali
42041667,Andres,Lopez,andres.lopez42041667@estudiante.edu.co,2002-03-31,Cucuta
39235651,Paula,Ramirez,paula.ramirez39235651@estudiante.edu.co,2002-05-19,Manizales
72144146,Mateo,Gonzalez,mateo.gonzalez72144146@estudiante.edu.co,2002-02-07,Pereira
1074903638,Paula,Rodriguez,paula.rodriguez1074903638@estudiante.edu.co,1999-06-25,Cucuta
1001539905,Mateo,Muñoz,mateo.muñoz1001539905@estudiante.edu.co,2001-11-22,Cali
1086956335,Valentina,Sanchez,valentina.sanchez1086956335@estudiante.edu.co,2004-06-20,Medellin
1068339492,Andres,Muñoz,andres.muñoz1068339492@estudiante.edu.co,1998-04-17,Barranquilla
36290993,Gabriela,Velasquez,gabriela.velasquez36290993@estudiante.edu.co,1996-06-24,Cartagena
99535938,Mariana,Sanchez,mariana.sanchez99535938@estudiante.edu.co,2004-09-09,Pereira
68516724,Camila,Lopez,camila.lopez68516724@estudiante.edu.co,2007-04-16,Cali
92519341,Mateo,Muñoz,mateo.muñoz92519341@estudiante.edu.co,1998-08-23,Bucaramanga
1063042503,Daniel,Silva,daniel.silva1063042503@estudiante.edu.co,1998-03-31,Bucaramanga
56402103,Mariana,Gonzalez,mariana.gonzalez56402103@estudiante.edu.co,2002-03-07,Cali
54014251,Laura,Gonzalez,laura.gonzalez54014251@estudiante.edu.co,1999-06-24,Cartagena
86798354,Mateo,Martinez,mateo.martinez86798354@estudiante.edu.co,1995-11-05,Barranquilla
1091368579,Andres,Rojas,andres.rojas1091368579@estudiante.edu.co,1996-11-11,Cartagena
1005284977,Gabriela,Torres,gabriela.torres1005284977@estudiante.edu.co,1997-10-06,Medellin
94150605,Isabella,Velasquez,isabella.velasquez94150605@estudiante.edu.co,1997-01-20,Cartagena
78294652,Paula,Rojas,paula.rojas78294652@estudiante.edu.co,2007-01-07,Cali
1005097678,Laura,Velasquez,laura.velasquez1005097678@estudiante.edu.co,2001-12-28,Bogota
1037309806,Mariana,Sanchez,mariana.sanchez1037309806@estudiante.edu.co,1995-12-02,Cucuta
53935382,Gabriela,Torres,gabriela.torres53935382@estudiante.edu.co,2000-08-22,Bucaramanga
1056592112,Andres,Ramirez,andres.ramirez1056592112@estudiante.edu.co,1997-10-24,Bucaramanga
1035128832,Valentina,Martinez,valentina.martinez1035128832@estudiante.edu.co,2000-01-14,Medellin
68368834,Isabella,Velasquez,isabella.velasquez68368834@estudiante.edu.co,2001-08-08,Cali
67057033,Alejandro,Silva,alejandro.silva67057033@estudiante.edu.co,1995-07-31,Medellin
33174027,Santiago,Martinez,santiago.martinez33174027@estudiante.edu.co,1997-06-16,Cali
60199862,Andres,Gomez,andres.gomez60199862@estudiante.edu.co,1995-01-30,Manizales
35442465,Mateo,Rodriguez,mateo.rodriguez35442465@estudiante.edu.co,2006-07-21,Manizales
1090593432,Valentina,Rodriguez,valentina.rodriguez1090593432@estudiante.edu.co,2006-10-02,Ibague
1075753673,Sofia,Silva,sofia.silva1075753673@estudiante.edu.co,2005-06-18,Ibague
73480835,Valentina,Rodriguez,valentina.rodriguez73480835@estudiante.edu.co,2004-12-20,Ibague
87735138,Alejandro,Lopez,alejandro.lopez87735138@estudiante.edu.co,2007-11-08,Cali
60220299,Mariana,Velasquez,mariana.velasquez60220299@estudiante.edu.co,2004-03-24,Manizales
1024830205,Carlos,Garcia,carlos.garcia1024830205@estudiante.edu.co,1995-06-03,Bogota
57194521,Santiago,Lopez,santiago.lopez57194521@estudiante.edu.co,1998-10-21,Manizales
1062570128,Daniel,Rojas,daniel.rojas1062570128@estudiante.edu.co,2001-01-12,Pereira
84250587,Paula,Ramirez,paula.ramirez84250587@estudiante.edu.co,2006-01-20,Manizales
94886564,Daniel,Muñoz,daniel.muñoz94886564@estudiante.edu.co,2003-10-30,Bucaramanga
1096197568,Andres,Muñoz,andres.muñoz1096197568@estudiante.edu.co,2005-05-04,Pereira
1010253962,Andres,Velasquez,andres.velasquez1010253962@estudiante.edu.co,1996-05-18,Medellin
1086347620,Valentina,Velasquez,valentina.velasquez1086347620@estudiante.edu.co,1998-06-11,Cartagena
78209939,Mateo,Perez,mateo.perez78209939@estudiante.edu.co,2005-07-14,Manizales
56246682,Camila,Garcia,camila.garcia56246682@estudiante.edu.co,1996-07-25,Cartagena
1006864357,Santiago,Muñoz,santiago.muñoz1006864357@estudiante.edu.co,2004-01-31,Barranquilla
82112522,Santiago,Perez,santiago.perez82112522@estudiante.edu.co,2002-03-15,Cali
42821137,Laura,Rodriguez,laura.rodriguez42821137@estudiante.edu.co,1996-12-16,Bucaramanga
1066004956,Gabriela,Rojas,gabriela.rojas1066004956@estudiante.edu.co,2001-12-06,Pereira
1041497086,Mariana,Velasquez,mariana.velasquez1041497086@estudiante.edu.co,2002-02-18,Barranquilla
1057497691,Santiago,Rojas,santiago.rojas1057497691@estudiante.edu.co,1996-11-23,Medellin
1027506774,Carlos,Gomez,carlos.gomez1027506774@estudiante.edu.co,1999-02-17,Ibague
1068547669,Carlos,Sanchez,carlos.sanchez1068547669@estudiante.edu.co,1997-07-06,Bogota
79478682,Valentina,Velasquez,valentina.velasquez79478682@estudiante.edu.co,1995-08-12,Cali
38303255,Isabella,Lopez,isabella.lopez38303255@estudiante.edu.co,2000-08-03,Cucuta
89280311,Gabriela,Ramirez,gabriela.ramirez89280311@estudiante.edu.co,2007-11-09,Manizales
1063598820,Daniel,Ramirez,daniel.ramirez1063598820@estudiante.edu.co,1998-10-05,Manizales
1036850419,Santiago,Gomez,santiago.gomez1036850419@estudiante.edu.co,2002-04-11,Ibague
32905364,Daniel,Ramirez,daniel.ramirez32905364@estudiante.edu.co,1996-08-03,Cartagena
1096066686,Camila,Sanchez,camila.sanchez1096066686@estudiante.edu.co,2000-05-20,Medellin
1006509194,Paula,Perez,paula.perez1006509194@estudiante.edu.co,2006-11-05,Cali
65711867,Camila,Silva,camila.silva65711867@estudiante.edu.co,2001-08-18,Cartagena
64614689,Mariana,Silva,mariana.silva64614689@estudiante.edu.co,1998-03-16,Ibague
1011522972,Andres,Muñoz,andres.muñoz1011522972@estudiante.edu.co,1998-06-03,Pereira
54842802,Camila,Martinez,camila.martinez54842802@estudiante.edu.co,2004-06-27,Cucuta
1039529310,Isabella,Martinez,isabella.martinez1039529310@estudiante.edu.co,1998-02-14,Cartagena
1045636335,Alejandro,Velasquez,alejandro.velasquez1045636335@estudiante.edu.co,1997-10-18,Medellin
1020597827,Sofia,Torres,sofia.torres1020597827@estudiante.edu.co,1998-01-01,Ibague
34184458,Mateo,Garcia,mateo.garcia34184458@estudiante.edu.co,2000-12-08,Barranquilla
86179450,Laura,Gomez,laura.gomez86179450@estudiante.edu.co,2003-05-09,Medellin
60147260,Mariana,Sanchez,mariana.sanchez60147260@estudiante.edu.co,1996-10-01,Barranquilla
1011223904,Carlos,Martinez,carlos.martinez1011223904@estudiante.edu.co,1997-03-31,Pereira
1085421995,Gabriela,Velasquez,gabriela.velasquez1085421995@estudiante.edu.co,1997-03-30,Barranquilla
1044705039,Carlos,Martinez,carlos.martinez1044705039@estudiante.edu.co,2006-11-15,Barranquilla
68189015,Valentina,Sanchez,valentina.sanchez68189015@estudiante.edu.co,1998-07-31,Cali
1063528228,Santiago,Muñoz,santiago.muñoz1063528228@estudiante.edu.co,2005-04-25,Cucuta
35752046,Andres,Gomez,andres.gomez35752046@estudiante.edu.co,1996-12-23,Barranquilla
55742810,Mateo,Perez,mateo.perez55742810@estudiante.edu.co,1998-01-09,Bucaramanga
1039743604,Mariana,Gomez,mariana.gomez1039743604@estudiante.edu.co,2001-02-27,Manizales
92586612,Gabriela,Perez,gabriela.perez92586612@estudiante.edu.co,2000-04-17,Cartagena
1076639649,Isabella,Rodriguez,isabella.rodriguez1076639649@estudiante.edu.co,1996-03-27,Cali
1098511909,Daniel,Muñoz,daniel.muñoz1098511909@estudiante.edu.co,2005-09-05,Ibague
99096725,Sofia,Rojas,sofia.rojas99096725@estudiante.edu.co,1996-05-31,Barranquilla
47569997,Alejandro,Martinez,alejandro.martinez47569997@estudiante.edu.co,1997-07-08,Manizales
1008542387,Gabriela,Garcia,gabriela.garcia1008542387@estudiante.edu.co,2005-04-10,Pereira
1035873932,Valentina,Martinez,valentina.martinez1035873932@estudiante.edu.co,2004-11-20,Cali
1090449835,Andres,Gomez,andres.gomez1090449835@estudiante.edu.co,2006-11-09,Cartagena
1052849122,Mateo,Velasquez,mateo.velasquez1052849122@estudiante.edu.co,1995-11-10,Medellin
73761880,Gabriela,Torres,gabriela.torres73761880@estudiante.edu.co,2004-08-13,Cali
88624626,Camila,Garcia,camila.garcia88624626@estudiante.edu.co,2005-06-20,Barranquilla
89746560,Valentina,Silva,valentina.silva89746560@estudiante.edu.co,1996-01-07,Bogota
1008275999,Mariana,Torres,mariana.torres1008275999@estudiante.edu.co,2001-01-03,Cucuta
1010570046,Juan,Garcia,juan.garcia1010570046@estudiante.edu.co,1999-08-16,Barranquilla
1024198799,Isabella,Rodriguez,isabella.rodriguez1024198799@estudiante.edu.co,2003-06-12,Pereira
67088772,Valentina,Sanchez,valentina.sanchez67088772@estudiante.edu.co,2007-01-18,Medellin
1084803150,Juan,Gonzalez,juan.gonzalez1084803150@estudiante.edu.co,2005-11-12,Barranquilla
71157929,Daniel,Muñoz,daniel.muñoz71157929@estudiante.edu.co,2006-05-02,Cali
84540515,Carlos,Garcia,carlos.garcia84540515@estudiante.edu.co,2007-03-04,Bucaramanga
72127413,Isabella,Velasquez,isabella.velasquez72127413@estudiante.edu.co,2001-06-09,Cartagena
1002635667,Alejandro,Martinez,alejandro.martinez1002635667@estudiante.edu.co,1995-07-08,Pereira
77057322,Paula,Ramirez,paula.ramirez77057322@estudiante.edu.co,1996-09-19,Bucaramanga
1055926924,Isabella,Lopez,isabella.lopez1055926924@estudiante.edu.co,1999-05-12,Cartagena
1018293032,Santiago,Lopez,santiago.lopez1018293032@estudiante.edu.co,2000-01-21,Cucuta
1032051093,Andres,Rodriguez,andres.rodriguez1032051093@estudiante.edu.co,2007-04-10,Barranquilla
1087526333,Juan,Perez,juan.perez1087526333@estudiante.edu.co,2007-10-08,Barranquilla
84629872,Daniel,Rodriguez,daniel.rodriguez84629872@estudiante.edu.co,2004-06-19,Bogota
44092597,Isabella,Gonzalez,isabella.gonzalez44092597@estudiante.edu.co,2002-09-15,Barranquilla
1009004987,Gabriela,Lopez,gabriela.lopez1009004987@estudiante.edu.co,2001-02-26,Medellin
82940416,Andres,Lopez,andres.lopez82940416@estudiante.edu.co,1996-09-12,Medellin
1089308375,Mateo,Velasquez,mateo.velasquez1089308375@estudiante.edu.co,2006-07-20,Bogota
1062356864,Alejandro,Lopez,alejandro.lopez1062356864@estudiante.edu.co,2004-01-19,Cartagena
62482321,Camila,Martinez,camila.martinez62482321@estudiante.edu.co,2003-09-26,Cucuta
94715471,Gabriela,Ramirez,gabriela.ramirez94715471@estudiante.edu.co,2004-10-06,Ibague
68010648,Santiago,Gonzalez,santiago.gonzalez68010648@estudiante.edu.co,2003-02-06,Medellin
1055703970,Isabella,Silva,isabella.silva1055703970@estudiante.edu.co,2004-01-05,Bogota
69991877,Mariana,Martinez,mariana.martinez69991877@estudiante.edu.co,2002-05-14,Cucuta
1024138686,Gabriela,Ramirez,gabriela.ramirez1024138686@estudiante.edu.co,2007-10-20,Manizales
1002775277,Camila,Muñoz,camila.muñoz1002775277@estudiante.edu.co,2000-09-29,Pereira
1022842998,Isabella,Garcia,isabella.garcia1022842998@estudiante.edu.co,2005-05-07,Bucaramanga
1037213586,Gabriela,Lopez,gabriela.lopez1037213586@estudiante.edu.co,1997-02-26,Cucuta
36871535,Sofia,Silva,sofia.silva36871535@estudiante.edu.co,2003-06-25,Cartagena
78417254,Juan,Martinez,juan.martinez78417254@estudiante.edu.co,2001-10-01,Manizales
92191617,Carlos,Perez,carlos.perez92191617@estudiante.edu.co,2004-10-19,Barranquilla
1048789240,Valentina,Garcia,valentina.garcia1048789240@estudiante.edu.co,2002-12-21,Cali
63509202,Mateo,Gomez,mateo.gomez63509202@estudiante.edu.co,2003-06-22,Cartagena
75299319,Carlos,Rodriguez,carlos.rodriguez75299319@estudiante.edu.co,2003-10-21,Bucaramanga
1085346425,Juan,Silva,juan.silva1085346425@estudiante.edu.co,2006-08-17,Cartagena
1082777317,Santiago,Martinez,santiago.martinez1082777317@estudiante.edu.co,1998-02-17,Bogota
1036669627,Alejandro,Gonzalez,alejandro.gonzalez1036669627@estudiante.edu.co,1995-10-10,Medellin
89466927,Isabella,Martinez,isabella.martinez89466927@estudiante.edu.co,1997-06-25,Medellin
1052565303,Andres,Gomez,andres.gomez1052565303@estudiante.edu.co,2002-03-19,Pereira
52203701,Mateo,Garcia,mateo.garcia52203701@estudiante.edu.co,2000-07-26,Ibague
97517789,Camila,Gonzalez,camila.gonzalez97517789@estudiante.edu.co,2005-10-26,Barranquilla
60923205,Gabriela,Gomez,gabriela.gomez60923205@estudiante.edu.co,2002-08-29,Ibague
56001784,Paula,Velasquez,paula.velasquez56001784@estudiante.edu.co,2004-06-15,Cucuta
1049111825,Carlos,Velasquez,carlos.velasquez1049111825@estudiante.edu.co,2005-04-27,Bucaramanga
71034085,Camila,Rojas,camila.rojas71034085@estudiante.edu.co,1995-10-12,Barranquilla
65100368,Juan,Velasquez,juan.velasquez65100368@estudiante.edu.co,2004-01-31,Bogota
1018431885,Carlos,Rodriguez,carlos.rodriguez1018431885@estudiante.edu.co,2002-05-28,Barranquilla
1042441590,Laura,Muñoz,laura.muñoz1042441590@estudiante.edu.co,2005-02-25,Bogota
1013250610,Carlos,Sanchez,carlos.sanchez1013250610@estudiante.edu.co,1996-09-14,Cali
1069549588,Sofia,Torres,sofia.torres1069549588@estudiante.edu.co,2006-12-30,Cartagena
1016958820,Camila,Perez,camila.perez1016958820@estudiante.edu.co,2006-03-03,Cartagena
1088170452,Valentina,Gomez,valentina.gomez1088170452@estudiante.edu.co,2000-06-13,Medellin
1049024561,Mateo,Silva,mateo.silva1049024561@estudiante.edu.co,2004-09-23,Bucaramanga
82030324,Isabella,Martinez,isabella.martinez82030324@estudiante.edu.co,2005-09-12,Cucuta
87705710,Daniel,Rojas,daniel.rojas87705710@estudiante.edu.co,2007-01-27,Cali
79525969,Camila,Perez,camila.perez79525969@estudiante.edu.co,2006-05-11,Pereira
59169686,Alejandro,Muñoz,alejandro.muñoz59169686@estudiante.edu.co,1998-01-15,Cartagena
1006348488,Mariana,Velasquez,mariana.velasquez1006348488@estudiante.edu.co,2002-09-29,Manizales
1050294512,Alejandro,Garcia,alejandro.garcia1050294512@estudiante.edu.co,1999-10-25,Manizales
1006820458,Juan,Rodriguez,juan.rodriguez1006820458@estudiante.edu.co,2001-03-15,Ibague
41924790,Daniel,Gomez,daniel.gomez41924790@estudiante.edu.co,1996-01-26,Manizales
1066368012,Camila,Gomez,camila.gomez1066368012@estudiante.edu.co,2004-05-09,Bogota
92581414,Alejandro,Gomez,alejandro.gomez92581414@estudiante.edu.co,2005-05-29,Medellin
91311734,Laura,Perez,laura.perez91311734@estudiante.edu.co,1999-06-26,Cartagena
90573376,Juan,Lopez,juan.lopez90573376@estudiante.edu.co,1995-03-20,Cucuta
1045435954,Paula,Gomez,paula.gomez1045435954@estudiante.edu.co,1999-12-09,Bogota
1032135185,Alejandro,Gomez,alejandro.gomez1032135185@estudiante.edu.co,1998-07-24,Barranquilla
48702918,Mariana,Martinez,mariana.martinez48702918@estudiante.edu.co,2005-06-27,Medellin
73701146,Gabriela,Velasquez,gabriela.velasquez73701146@estudiante.edu.co,2003-07-23,Bucaramanga
92028629,Mariana,Gomez,mariana.gomez92028629@estudiante.edu.co,1997-03-05,Barranquilla
44487394,Daniel,Silva,daniel.silva44487394@estudiante.edu.co,1999-10-26,Cali
1007543276,Juan,Garcia,juan.garcia1007543276@estudiante.edu.co,2000-11-21,Bogota
64551192,Alejandro,Sanchez,alejandro.sanchez64551192@estudiante.edu.co,1995-07-19,Cali
1060259338,Isabella,Torres,isabella.torres1060259338@estudiante.edu.co,1998-12-05,Ibague
1069542208,Mateo,Torres,mateo.torres1069542208@estudiante.edu.co,2001-08-28,Pereira
52858391,Andres,Gonzalez,andres.gonzalez52858391@estudiante.edu.co,1998-09-11,Cali
61898071,Camila,Rojas,camila.rojas61898071@estudiante.edu.co,2004-11-29,Medellin
68750997,Alejandro,Rojas,alejandro.rojas68750997@estudiante.edu.co,2003-03-02,Cali
1041695092,Sofia,Sanchez,sofia.sanchez1041695092@estudiante.edu.co,1996-11-13,Bogota
1083909848,Paula,Sanchez,paula.sanchez1083909848@estudiante.edu.co,1997-10-23,Medellin
67359161,Alejandro,Perez,alejandro.perez67359161@estudiante.edu.co,1996-08-10,Manizales
36012661,Carlos,Perez,carlos.perez36012661@estudiante.edu.co,1995-02-08,Pereira
1017634933,Sofia,Velasquez,sofia.velasquez1017634933@estudiante.edu.co,1997-06-14,Pereira
1020432196,Camila,Ramirez,camila.ramirez1020432196@estudiante.edu.co,1997-03-25,Manizales
97354362,Isabella,Lopez,isabella.lopez97354362@estudiante.edu.co,2000-07-03,Ibague
1001280861,Sofia,Rojas,sofia.rojas1001280861@estudiante.edu.co,2006-12-08,Cali
99125326,Carlos,Perez,carlos.perez99125326@estudiante.edu.co,1997-09-03,Barranquilla
67458037,Camila,Sanchez,camila.sanchez67458037@estudiante.edu.co,2000-02-13,Manizales
1047411760,Laura,Gomez,laura.gomez1047411760@estudiante.edu.co,1997-10-25,Pereira
95256192,Daniel,Martinez,daniel.martinez95256192@estudiante.edu.co,1998-03-27,Cartagena
83962987,Andres,Garcia,andres.garcia83962987@estudiante.edu.co,1995-03-01,Bogota
97415215,Gabriela,Gonzalez,gabriela.gonzalez97415215@estudiante.edu.co,1998-03-02,Pereira
87629280,Santiago,Gomez,santiago.gomez87629280@estudiante.edu.co,2005-12-25,Cartagena
1046235272,Sofia,Gonzalez,sofia.gonzalez1046235272@estudiante.edu.co,2007-04-17,Medellin
67967683,Mateo,Ramirez,mateo.ramirez67967683@estudiante.edu.co,2004-07-03,Medellin
75184093,Laura,Perez,laura.perez75184093@estudiante.edu.co,2006-02-21,Cucuta
1004501244,Laura,Martinez,laura.martinez1004501244@estudiante.edu.co,1999-03-09,Cali
1032562339,Mariana,Lopez,mariana.lopez1032562339@estudiante.edu.co,1995-12-19,Cucuta
1079308768,Andres,Muñoz,andres.muñoz1079308768@estudiante.edu.co,2006-04-06,Medellin
87393845,Isabella,Gomez,isabella.gomez87393845@estudiante.edu.co,2001-04-20,Medellin
1086269497,Paula,Lopez,paula.lopez1086269497@estudiante.edu.co,1999-12-01,Manizales
48770617,Laura,Gonzalez,laura.gonzalez48770617@estudiante.edu.co,2003-04-21,Cartagena
1068163915,Santiago,Ramirez,santiago.ramirez1068163915@estudiante.edu.co,2006-03-15,Manizales
1092744830,Juan,Ramirez,juan.ramirez1092744830@estudiante.edu.co,2002-07-03,Bucaramanga
60122446,Mateo,Martinez,mateo.martinez60122446@estudiante.edu.co,1996-06-01,Cartagena
64045631,Mateo,Rodriguez,mateo.rodriguez64045631@estudiante.edu.co,2006-06-20,Manizales
91058579,Mateo,Silva,mateo.silva91058579@estudiante.edu.co,1999-08-09,Cucuta
69786220,Valentina,Muñoz,valentina.muñoz69786220@estudiante.edu.co,2005-07-02,Bucaramanga
1009870407,Juan,Perez,juan.perez1009870407@estudiante.edu.co,2007-12-02,Ibague
63205921,Mateo,Velasquez,mateo.velasquez63205921@estudiante.edu.co,2004-10-21,Cucuta
1089620285,Isabella,Gomez,isabella.gomez1089620285@estudiante.edu.co,2002-05-20,Manizales
1064125477,Daniel,Ramirez,daniel.ramirez1064125477@estudiante.edu.co,2001-01-29,Manizales
1046931720,Valentina,Garcia,valentina.garcia1046931720@estudiante.edu.co,2001-12-02,Bucaramanga
77827295,Juan,Velasquez,juan.velasquez77827295@estudiante.edu.co,1998-07-12,Pereira
1047192784,Paula,Gonzalez,paula.gonzalez1047192784@estudiante.edu.co,2000-06-04,Cali
1079024990,Gabriela,Martinez,gabriela.martinez1079024990@estudiante.edu.co,2003-10-14,Cali
95359098,Andres,Ramirez,andres.ramirez95359098@estudiante.edu.co,2006-04-25,Cucuta
57125787,Carlos,Silva,carlos.silva57125787@estudiante.edu.co,1997-04-04,Manizales
1096036269,Carlos,Lopez,carlos.lopez1096036269@estudiante.edu.co,2002-02-24,Medellin
1002030373,Andres,Sanchez,andres.sanchez1002030373@estudiante.edu.co,2004-02-15,Cali
1010247391,Gabriela,Perez,gabriela.perez1010247391@estudiante.edu.co,2003-08-22,Ibague
64359174,Daniel,Perez,daniel.perez64359174@estudiante.edu.co,2007-06-25,Medellin
1097516509,Laura,Gonzalez,laura.gonzalez1097516509@estudiante.edu.co,1999-01-25,Pereira
89689716,Sofia,Gomez,sofia.gomez89689716@estudiante.edu.co,2005-07-06,Medellin
52209802,Mateo,Gonzalez,mateo.gonzalez52209802@estudiante.edu.co,2005-05-16,Barranquilla
1030361863,Daniel,Lopez,daniel.lopez1030361863@estudiante.edu.co,2001-05-25,Bogota
1087927257,Laura,Gonzalez,laura.gonzalez1087927257@estudiante.edu.co,2002-07-06,Bogota
1014373714,Mariana,Sanchez,mariana.sanchez1014373714@estudiante.edu.co,2003-05-06,Ibague
1028869828,Mariana,Garcia,mariana.garcia1028869828@estudiante.edu.co,2001-09-16,Bogota
61348750,Laura,Rodriguez,laura.rodriguez61348750@estudiante.edu.co,2005-09-24,Bucaramanga
1055539770,Juan,Perez,juan.perez1055539770@estudiante.edu.co,2003-01-10,Ibague
1018141766,Mateo,Torres,mateo.torres1018141766@estudiante.edu.co,1995-11-13,Ibague
1012013526,Paula,Lopez,paula.lopez1012013526@estudiante.edu.co,1995-06-30,Medellin
34056635,Camila,Lopez,camila.lopez34056635@estudiante.edu.co,1996-09-25,Barranquilla
96555804,Santiago,Martinez,santiago.martinez96555804@estudiante.edu.co,2003-03-11,Cucuta
1039385847,Daniel,Gonzalez,daniel.gonzalez1039385847@estudiante.edu.co,1998-02-22,Barranquilla
61089147,Sofia,Garcia,sofia.garcia61089147@estudiante.edu.co,1995-04-02,Bogota
79160768,Sofia,Ramirez,sofia.ramirez79160768@estudiante.edu.co,2000-06-19,Cucuta
1083688163,Paula,Rojas,paula.rojas1083688163@estudiante.edu.co,2001-11-06,Cartagena
65792416,Paula,Silva,paula.silva65792416@estudiante.edu.co,1995-10-20,Manizales
1096935085,Laura,Rodriguez,laura.rodriguez1096935085@estudiante.edu.co,1999-09-13,Bucaramanga
45721138,Daniel,Muñoz,daniel.muñoz45721138@estudiante.edu.co,2006-11-24,Manizales
33815192,Valentina,Muñoz,valentina.muñoz33815192@estudiante.edu.co,1995-10-30,Cali
1006568881,Sofia,Silva,sofia.silva1006568881@estudiante.edu.co,1997-08-12,Cartagena
62019102,Juan,Garcia,juan.garcia62019102@estudiante.edu.co,2005-12-28,Bucaramanga
1038295280,Paula,Velasquez,paula.velasquez1038295280@estudiante.edu.co,2006-08-28,Cartagena
1016077382,Carlos,Sanchez,carlos.sanchez1016077382@estudiante.edu.co,2000-06-12,Cucuta
1069414540,Mateo,Martinez,mateo.martinez1069414540@estudiante.edu.co,1997-04-12,Bucaramanga
33394953,Andres,Lopez,andres.lopez33394953@estudiante.edu.co,2000-07-14,Pereira
1035492612,Gabriela,Sanchez,gabriela.sanchez1035492612@estudiante.edu.co,2006-11-26,Cartagena
65973201,Paula,Velasquez,paula.velasquez65973201@estudiante.edu.co,2002-02-08,Bogota
71508012,Isabella,Lopez,isabella.lopez71508012@estudiante.edu.co,1997-11-19,Bogota
39055184,Daniel,Muñoz,daniel.muñoz39055184@estudiante.edu.co,2002-05-21,Barranquilla
33996103,Gabriela,Velasquez,gabriela.velasquez33996103@estudiante.edu.co,2004-10-13,Ibague
1048132678,Isabella,Perez,isabella.perez1048132678@estudiante.edu.co,1995-06-17,Ibague
69551101,Santiago,Gonzalez,santiago.gonzalez69551101@estudiante.edu.co,2003-01-24,Cucuta
1094230091,Alejandro,Ramirez,alejandro.ramirez1094230091@estudiante.edu.co,2000-06-10,Bucaramanga
74145190,Valentina,Torres,valentina.torres74145190@estudiante.edu.co,1998-08-25,Cali
84977131,Mateo,Garcia,mateo.garcia84977131@estudiante.edu.co,2005-11-29,Cucuta
83519015,Daniel,Lopez,daniel.lopez83519015@estudiante.edu.co,2002-08-12,Cali
54249806,Camila,Lopez,camila.lopez54249806@estudiante.edu.co,1998-12-24,Bogota
1092648749,Laura,Garcia,laura.garcia1092648749@estudiante.edu.co,2003-01-19,Cali
60559970,Laura,Lopez,laura.lopez60559970@estudiante.edu.co,1995-10-27,Cartagena
1083890358,Camila,Gomez,camila.gomez1083890358@estudiante.edu.co,2002-03-16,Pereira
1083127399,Andres,Gonzalez,andres.gonzalez1083127399@estudiante.edu.co,1998-12-23,Bogota
1026840068,Valentina,Torres,valentina.torres1026840068@estudiante.edu.co,1996-12-21,Cali
76665582,Andres,Gomez,andres.gomez76665582@estudiante.edu.co,1997-04-04,Cali
35464748,Valentina,Martinez,valentina.martinez35464748@estudiante.edu.co,1997-10-29,Medellin
53207014,Juan,Martinez,juan.martinez53207014@estudiante.edu.co,2006-11-26,Manizales
1028847956,Andres,Rodriguez,andres.rodriguez1028847956@estudiante.edu.co,2004-05-12,Manizales
1036051675,Gabriela,Garcia,gabriela.garcia1036051675@estudiante.edu.co,1995-12-04,Bucaramanga
1047250065,Gabriela,Lopez,gabriela.lopez1047250065@estudiante.edu.co,2004-06-07,Manizales
75010687,Gabriela,Gonzalez,gabriela.gonzalez75010687@estudiante.edu.co,1997-09-07,Bucaramanga
1070237496,Isabella,Rodriguez,isabella.rodriguez1070237496@estudiante.edu.co,2003-03-14,Cartagena
80328889,Carlos,Lopez,carlos.lopez80328889@estudiante.edu.co,2001-02-07,Barranquilla
1071514560,Alejandro,Lopez,alejandro.lopez1071514560@estudiante.edu.co,2007-05-26,Cali
34373402,Camila,Silva,camila.silva34373402@estudiante.edu.co,1999-10-26,Ibague
1019369482,Isabella,Silva,isabella.silva1019369482@estudiante.edu.co,2007-07-23,Medellin
1054426916,Andres,Ramirez,andres.ramirez1054426916@estudiante.edu.co,2005-02-10,Pereira
34101019,Juan,Rojas,juan.rojas34101019@estudiante.edu.co,2003-04-19,Bucaramanga
98261504,Santiago,Gonzalez,santiago.gonzalez98261504@estudiante.edu.co,1997-03-07,Cartagena
1054635619,Juan,Gomez,juan.gomez1054635619@estudiante.edu.co,1997-06-16,Cartagena
1056052788,Daniel,Martinez,daniel.martinez1056052788@estudiante.edu.co,2002-05-06,Ibague
59441364,Juan,Lopez,juan.lopez59441364@estudiante.edu.co,2004-08-05,Manizales
1053353116,Carlos,Velasquez,carlos.velasquez1053353116@estudiante.edu.co,2004-04-28,Ibague
1065740989,Camila,Silva,camila.silva1065740989@estudiante.edu.co,1998-07-15,Pereira
59507309,Carlos,Gonzalez,carlos.gonzalez59507309@estudiante.edu.co,2002-08-13,Pereira
1091627366,Camila,Muñoz,camila.muñoz1091627366@estudiante.edu.co,2005-02-04,Ibague
99088826,Santiago,Rodriguez,santiago.rodriguez99088826@estudiante.edu.co,1996-01-15,Cartagena
1090435808,Mariana,Martinez,mariana.martinez1090435808@estudiante.edu.co,2002-06-01,Barranquilla
94526026,Carlos,Gomez,carlos.gomez94526026@estudiante.edu.co,2006-11-25,Bogota
33401312,Daniel,Rojas,daniel.rojas33401312@estudiante.edu.co,1998-02-21,Cali
95797817,Valentina,Sanchez,valentina.sanchez95797817@estudiante.edu.co,2001-01-11,Cucuta
1054824172,Mariana,Sanchez,mariana.sanchez1054824172@estudiante.edu.co,2006-02-06,Bogota
30904237,Andres,Silva,andres.silva30904237@estudiante.edu.co,2003-07-26,Cartagena
54249052,Gabriela,Sanchez,gabriela.sanchez54249052@estudiante.edu.co,2007-06-16,Ibague
37472298,Daniel,Velasquez,daniel.velasquez37472298@estudiante.edu.co,2007-10-19,Bucaramanga
30138080,Sofia,Rojas,sofia.rojas30138080@estudiante.edu.co,2002-04-23,Medellin
51997926,Camila,Rodriguez,camila.rodriguez51997926@estudiante.edu.co,2005-06-30,Medellin
1057832302,Andres,Martinez,andres.martinez1057832302@estudiante.edu.co,1997-06-18,Cucuta
1025850208,Laura,Torres,laura.torres1025850208@estudiante.edu.co,1998-04-12,Ibague
34354492,Mariana,Rodriguez,mariana.rodriguez34354492@estudiante.edu.co,1997-12-22,Bogota
1048513377,Camila,Rojas,camila.rojas1048513377@estudiante.edu.co,1996-11-20,Ibague
60537314,Mariana,Lopez,mariana.lopez60537314@estudiante.edu.co,1997-11-03,Medellin
45341097,Laura,Sanchez,laura.sanchez45341097@estudiante.edu.co,1999-07-25,Bucaramanga
1048618777,Paula,Lopez,paula.lopez1048618777@estudiante.edu.co,1999-12-03,Bogota
35175724,Daniel,Gomez,daniel.gomez35175724@estudiante.edu.co,2000-03-10,Cali
1057606690,Santiago,Perez,santiago.perez1057606690@estudiante.edu.co,2006-07-30,Cali
1088184168,Carlos,Rodriguez,carlos.rodriguez1088184168@estudiante.edu.co,1997-08-15,Bucaramanga
55849048,Juan,Gonzalez,juan.gonzalez55849048@estudiante.edu.co,2005-07-20,Bogota
1064363111,Mariana,Martinez,mariana.martinez1064363111@estudiante.edu.co,1997-04-16,Cucuta
1019105650,Alejandro,Velasquez,alejandro.velasquez1019105650@estudiante.edu.co,2002-10-18,Cali
58465359,Sofia,Gonzalez,sofia.gonzalez58465359@estudiante.edu.co,2004-07-26,Cali
52714676,Sofia,Velasquez,sofia.velasquez52714676@estudiante.edu.co,1997-03-14,Cucuta
44930630,Sofia,Rojas,sofia.rojas44930630@estudiante.edu.co,1995-06-20,Cucuta
44403929,Sofia,Gomez,sofia.gomez44403929@estudiante.edu.co,2001-01-27,Ibague
1008972603,Mariana,Gomez,mariana.gomez1008972603@estudiante.edu.co,1997-07-18,Manizales
1079611318,Mariana,Rodriguez,mariana.rodriguez1079611318@estudiante.edu.co,2003-10-24,Cucuta
73261056,Daniel,Velasquez,daniel.velasquez73261056@estudiante.edu.co,1996-01-25,Barranquilla
83151647,Juan,Lopez,juan.lopez83151647@estudiante.edu.co,1999-02-18,Cali
57076521,Carlos,Velasquez,carlos.velasquez57076521@estudiante.edu.co,2004-10-08,Bucaramanga
64409349,Andres,Ramirez,andres.ramirez64409349@estudiante.edu.co,2005-04-05,Ibague
1021930906,Gabriela,Velasquez,gabriela.velasquez1021930906@estudiante.edu.co,2002-06-14,Pereira
1006023533,Gabriela,Garcia,gabriela.garcia1006023533@estudiante.edu.co,1996-04-23,Ibague
94384343,Sofia,Garcia,sofia.garcia94384343@estudiante.edu.co,2002-01-24,Cali
1052398223,Valentina,Sanchez,valentina.sanchez1052398223@estudiante.edu.co,1999-03-10,Ibague
70325577,Santiago,Ramirez,santiago.ramirez70325577@estudiante.edu.co,2007-12-12,Cucuta
1001520083,Gabriela,Rojas,gabriela.rojas1001520083@estudiante.edu.co,2000-05-06,Cartagena
1005929938,Santiago,Rodriguez,santiago.rodriguez1005929938@estudiante.edu.co,2004-03-31,Cucuta
58911585,Mateo,Ramirez,mateo.ramirez58911585@estudiante.edu.co,2001-10-29,Cucuta
39907482,Sofia,Sanchez,sofia.sanchez39907482@estudiante.edu.co,1995-07-11,Manizales
36462346,Santiago,Muñoz,santiago.muñoz36462346@estudiante.edu.co,1998-05-15,Barranquilla
1041430202,Alejandro,Rojas,alejandro.rojas1041430202@estudiante.edu.co,2000-07-14,Cali
83143783,Andres,Perez,andres.perez83143783@estudiante.edu.co,2007-09-30,Medellin
79018145,Juan,Gomez,juan.gomez79018145@estudiante.edu.co,1995-10-13,Bucaramanga
1042582021,Camila,Torres,camila.torres1042582021@estudiante.edu.co,1996-04-16,Pereira
1089938929,Camila,Rojas,camila.rojas1089938929@estudiante.edu.co,1996-05-12,Ibague
75138568,Carlos,Lopez,carlos.lopez75138568@estudiante.edu.co,2005-03-05,Cucuta
1027143867,Gabriela,Gonzalez,gabriela.gonzalez1027143867@estudiante.edu.co,2005-07-29,Cucuta
41181424,Gabriela,Martinez,gabriela.martinez41181424@estudiante.edu.co,1998-07-18,Medellin
72191353,Sofia,Gonzalez,sofia.gonzalez72191353@estudiante.edu.co,1995-04-08,Cartagena
32087403,Isabella,Silva,isabella.silva32087403@estudiante.edu.co,2005-04-14,Bogota
1033153100,Camila,Garcia,camila.garcia1033153100@estudiante.edu.co,2007-07-23,Barranquilla
57920662,Andres,Gomez,andres.gomez57920662@estudiante.edu.co,1999-05-05,Ibague
1051503136,Isabella,Torres,isabella.torres1051503136@estudiante.edu.co,1998-03-24,Cartagena
37455678,Daniel,Gomez,daniel.gomez37455678@estudiante.edu.co,1998-10-07,Barranquilla
1089730634,Valentina,Rodriguez,valentina.rodriguez1089730634@estudiante.edu.co,1997-06-30,Bucaramanga
1074483200,Mateo,Perez,mateo.perez1074483200@estudiante.edu.co,2004-03-09,Pereira
1091087698,Isabella,Martinez,isabella.martinez1091087698@estudiante.edu.co,1997-04-29,Medellin
86120010,Alejandro,Lopez,alejandro.lopez86120010@estudiante.edu.co,2004-12-28,Pereira
72086820,Juan,Muñoz,juan.muñoz72086820@estudiante.edu.co,1995-01-12,Manizales
68855730,Camila,Muñoz,camila.muñoz68855730@estudiante.edu.co,1999-03-27,Manizales
99055500,Laura,Gonzalez,laura.gonzalez99055500@estudiante.edu.co,2007-06-03,Cucuta
51841416,Isabella,Muñoz,isabella.muñoz51841416@estudiante.edu.co,2006-04-23,Cali
92269861,Mariana,Martinez,mariana.martinez92269861@estudiante.edu.co,1997-05-21,Pereira
1039102445,Sofia,Silva,sofia.silva1039102445@estudiante.edu.co,2006-07-14,Pereira
92892395,Alejandro,Perez,alejandro.perez92892395@estudiante.edu.co,2006-09-17,Cucuta
1023836786,Santiago,Ramirez,santiago.ramirez1023836786@estudiante.edu.co,1995-03-28,Bogota
1095611617,Juan,Martinez,juan.martinez1095611617@estudiante.edu.co,2006-07-17,Pereira
82158631,Andres,Gomez,andres.gomez82158631@estudiante.edu.co,2006-07-24,Pereira
47836502,Mariana,Rodriguez,mariana.rodriguez47836502@estudiante.edu.co,1999-05-02,Cali
76508682,Daniel,Sanchez,daniel.sanchez76508682@estudiante.edu.co,2004-01-27,Ibague
53137872,Paula,Perez,paula.perez53137872@estudiante.edu.co,1996-04-08,Cali
1056123727,Isabella,Torres,isabella.torres1056123727@estudiante.edu.co,1998-12-27,Manizales
1050602460,Valentina,Muñoz,valentina.muñoz1050602460@estudiante.edu.co,1998-08-18,Cucuta
1057908600,Sofia,Martinez,sofia.martinez1057908600@estudiante.edu.co,2003-11-25,Bucaramanga
1079676549,Laura,Martinez,laura.martinez1079676549@estudiante.edu.co,2006-09-22,Manizales
77612525,Camila,Rodriguez,camila.rodriguez77612525@estudiante.edu.co,1998-12-04,Ibague
1093087038,Sofia,Silva,sofia.silva1093087038@estudiante.edu.co,2005-11-20,Cucuta
68477764,Alejandro,Martinez,alejandro.martinez68477764@estudiante.edu.co,2000-05-21,Cucuta
38698172,Gabriela,Martinez,gabriela.martinez38698172@estudiante.edu.co,1995-04-19,Bogota
46416629,Daniel,Rodriguez,daniel.rodriguez46416629@estudiante.edu.co,2001-02-23,Pereira
1098936522,Mariana,Gomez,mariana.gomez1098936522@estudiante.edu.co,2001-04-23,Bogota
45482286,Laura,Ramirez,laura.ramirez45482286@estudiante.edu.co,2004-03-11,Bucaramanga
64317839,Juan,Sanchez,juan.sanchez64317839@estudiante.edu.co,2003-11-30,Ibague
52105900,Gabriela,Gonzalez,gabriela.gonzalez52105900@estudiante.edu.co,2002-03-10,Cali
63247072,Valentina,Gonzalez,valentina.gonzalez63247072@estudiante.edu.co,2001-01-18,Manizales
59971497,Mateo,Sanchez,mateo.sanchez59971497@estudiante.edu.co,2001-01-19,Cucuta
37916742,Mateo,Gonzalez,mateo.gonzalez37916742@estudiante.edu.co,1999-11-28,Bogota
70235378,Santiago,Velasquez,santiago.velasquez70235378@estudiante.edu.co,2000-01-30,Cucuta
32715285,Andres,Gonzalez,andres.gonzalez32715285@estudiante.edu.co,1997-11-24,Barranquilla
87084278,Daniel,Rojas,daniel.rojas87084278@estudiante.edu.co,2004-03-12,Medellin
1045273800,Alejandro,Rojas,alejandro.rojas1045273800@estudiante.edu.co,1996-10-18,Bucaramanga
83088174,Andres,Torres,andres.torres83088174@estudiante.edu.co,1999-07-30,Bucaramanga
1087186097,Camila,Ramirez,camila.ramirez1087186097@estudiante.edu.co,1997-06-08,Barranquilla
85038557,Gabriela,Velasquez,gabriela.velasquez85038557@estudiante.edu.co,2001-01-20,Pereira
79227186,Daniel,Perez,daniel.perez79227186@estudiante.edu.co,1999-11-08,Pereira
54467032,Mariana,Rojas,mariana.rojas54467032@estudiante.edu.co,2007-03-09,Pereira
1080423959,Camila,Perez,camila.perez1080423959@estudiante.edu.co,1996-04-29,Medellin
48428936,Isabella,Muñoz,isabella.muñoz48428936@estudiante.edu.co,2007-02-18,Cucuta
95183427,Mariana,Rojas,mariana.rojas95183427@estudiante.edu.co,2006-06-06,Bogota
57682592,Valentina,Silva,valentina.silva57682592@estudiante.edu.co,1999-05-10,Cucuta
1001411392,Daniel,Gonzalez,daniel.gonzalez1001411392@estudiante.edu.co,2003-01-12,Bucaramanga
1066254201,Mateo,Gomez,mateo.gomez1066254201@estudiante.edu.co,2007-10-07,Bogota
41498481,Isabella,Silva,isabella.silva41498481@estudiante.edu.co,1995-12-09,Barranquilla
97559868,Camila,Sanchez,camila.sanchez97559868@estudiante.edu.co,2007-09-23,Cali
1092628452,Santiago,Rojas,santiago.rojas1092628452@estudiante.edu.co,2007-06-11,Cucuta
79368106,Daniel,Torres,daniel.torres79368106@estudiante.edu.co,2000-08-06,Cucuta
30613275,Isabella,Lopez,isabella.lopez30613275@estudiante.edu.co,2003-05-20,Bogota
46548304,Carlos,Torres,carlos.torres46548304@estudiante.edu.co,2004-08-04,Bucaramanga
1049836471,Alejandro,Ramirez,alejandro.ramirez1049836471@estudiante.edu.co,2005-06-04,Ibague
45593539,Daniel,Gomez,daniel.gomez45593539@estudiante.edu.co,1997-02-25,Cartagena
1039139867,Santiago,Rodriguez,santiago.rodriguez1039139867@estudiante.edu.co,2004-03-30,Cali
99266679,Daniel,Torres,daniel.torres99266679@estudiante.edu.co,1997-06-01,Cali
58666443,Mateo,Garcia,mateo.garcia58666443@estudiante.edu.co,1998-03-06,Cucuta
1008036342,Camila,Rodriguez,camila.rodriguez1008036342@estudiante.edu.co,2005-06-13,Pereira
